device_name,interface,ip_address,admin_status,line_status,snapshot_id,created_at
R1,dsc,,Enabled,Up,2026-03-03_1746,2026-03-05T19:22:21.323077
R1,dsc,,Enabled,Up,2026-03-03_1754,2026-03-05T19:22:21.323077
R1,dsc,,Enabled,Up,2026-03-03_2009,2026-03-05T19:22:21.323077
R1,dsc,,Enabled,Up,2026-03-03_1951,2026-03-05T19:22:21.323077
R1,dsc,,Enabled,Up,2026-03-03_1944,2026-03-05T19:22:21.323077
R1,dsc,,Enabled,Up,2026-03-02_2127,2026-03-05T19:22:21.323077
R1,dsc,,Enabled,Up,2026-03-02_2246,2026-03-05T19:22:21.323077
R1,dsc,,Enabled,Up,2026-03-02_2133,2026-03-05T19:22:21.323077
R1,dsc,,Enabled,Up,2026-03-03_1940,2026-03-05T19:22:21.323077
R1,dsc,,Enabled,Up,2026-03-03_1751,2026-03-05T19:22:21.323077
R1,em0,,Enabled,Up,2026-03-02_2133,2026-03-05T19:22:21.323077
R1,em0,,Enabled,Up,2026-03-03_1746,2026-03-05T19:22:21.323077
R1,em0,,Enabled,Up,2026-03-02_2127,2026-03-05T19:22:21.323077
R1,em0,,Enabled,Up,2026-03-03_2009,2026-03-05T19:22:21.323077
R1,em0,,Enabled,Up,2026-03-02_2246,2026-03-05T19:22:21.323077
R1,em0,,Enabled,Up,2026-03-03_1951,2026-03-05T19:22:21.323077
R1,em0,,Enabled,Up,2026-03-03_1754,2026-03-05T19:22:21.323077
R1,em0,,Enabled,Up,2026-03-03_1940,2026-03-05T19:22:21.323077
R1,em0,,Enabled,Up,2026-03-03_1751,2026-03-05T19:22:21.323077
R1,em0,,Enabled,Up,2026-03-03_1944,2026-03-05T19:22:21.323077
R1,em1,,Enabled,Up,2026-03-03_1746,2026-03-05T19:22:21.323077
R1,em1,,Enabled,Up,2026-03-02_2133,2026-03-05T19:22:21.323077
R1,em1,,Enabled,Up,2026-03-03_1754,2026-03-05T19:22:21.323077
R1,em1,,Enabled,Up,2026-03-02_2246,2026-03-05T19:22:21.323077
R1,em1,,Enabled,Up,2026-03-03_1951,2026-03-05T19:22:21.323077
R1,em1,,Enabled,Up,2026-03-03_2009,2026-03-05T19:22:21.323077
R1,em1,,Enabled,Up,2026-03-03_1944,2026-03-05T19:22:21.323077
R1,em1,,Enabled,Up,2026-03-03_1751,2026-03-05T19:22:21.323077
R1,em1,,Enabled,Up,2026-03-02_2127,2026-03-05T19:22:21.323077
R1,em1,,Enabled,Up,2026-03-03_1940,2026-03-05T19:22:21.323077
R1,em2,,Enabled,Down,2026-03-02_2133,2026-03-05T19:22:21.323077
R1,em2,,Enabled,Down,2026-03-03_1746,2026-03-05T19:22:21.323077
R1,em2,,Enabled,Down,2026-03-02_2246,2026-03-05T19:22:21.323077
R1,em2,,Enabled,Down,2026-03-03_1940,2026-03-05T19:22:21.323077
R1,em2,,Enabled,Down,2026-03-03_1754,2026-03-05T19:22:21.323077
R1,em2,,Enabled,Down,2026-03-03_1751,2026-03-05T19:22:21.323077
R1,em2,,Enabled,Down,2026-03-03_1951,2026-03-05T19:22:21.323077
R1,em2,,Enabled,Down,2026-03-02_2127,2026-03-05T19:22:21.323077
R1,em2,,Enabled,Down,2026-03-03_1944,2026-03-05T19:22:21.323077
R1,em2,,Enabled,Down,2026-03-03_2009,2026-03-05T19:22:21.323077
R1,fti0,,Enabled,Up,2026-03-03_1751,2026-03-05T19:22:21.323077
R1,fti0,,Enabled,Up,2026-03-02_2133,2026-03-05T19:22:21.323077
R1,fti0,,Enabled,Up,2026-03-02_2246,2026-03-05T19:22:21.323077
R1,fti0,,Enabled,Up,2026-03-03_1746,2026-03-05T19:22:21.323077
R1,fti0,,Enabled,Up,2026-03-03_1940,2026-03-05T19:22:21.323077
R1,fti0,,Enabled,Up,2026-03-03_1754,2026-03-05T19:22:21.323077
R1,fti0,,Enabled,Up,2026-03-03_1951,2026-03-05T19:22:21.323077
R1,fti0,,Enabled,Up,2026-03-03_2009,2026-03-05T19:22:21.323077
R1,fti0,,Enabled,Up,2026-03-03_1944,2026-03-05T19:22:21.323077
R1,fti0,,Enabled,Up,2026-03-02_2127,2026-03-05T19:22:21.323077
R1,fxp0,,Enabled,Up,2026-03-03_1751,2026-03-05T19:22:21.323077
R1,fxp0,,Enabled,Up,2026-03-02_2133,2026-03-05T19:22:21.323077
R1,fxp0,,Enabled,Up,2026-03-02_2246,2026-03-05T19:22:21.323077
R1,fxp0,,Enabled,Up,2026-03-03_1746,2026-03-05T19:22:21.323077
R1,fxp0,,Enabled,Up,2026-03-03_1940,2026-03-05T19:22:21.323077
R1,fxp0,,Enabled,Up,2026-03-03_1754,2026-03-05T19:22:21.323077
R1,fxp0,,Enabled,Up,2026-03-03_1951,2026-03-05T19:22:21.323077
R1,fxp0,,Enabled,Up,2026-03-03_2009,2026-03-05T19:22:21.323077
R1,fxp0,,Enabled,Up,2026-03-03_1944,2026-03-05T19:22:21.323077
R1,fxp0,,Enabled,Up,2026-03-02_2127,2026-03-05T19:22:21.323077
R1,ge-0/0/0,,Enabled,Up,2026-03-03_1951,2026-03-05T19:22:21.323077
R1,ge-0/0/0,,Enabled,Up,2026-03-03_1746,2026-03-05T19:22:21.323077
R1,ge-0/0/0,,Enabled,Up,2026-03-02_2133,2026-03-05T19:22:21.323077
R1,ge-0/0/0,,Enabled,Up,2026-03-03_2009,2026-03-05T19:22:21.323077
R1,ge-0/0/0,,Enabled,Up,2026-03-02_2127,2026-03-05T19:22:21.323077
R1,ge-0/0/0,,Enabled,Up,2026-03-02_2246,2026-03-05T19:22:21.323077
R1,ge-0/0/0,,Enabled,Up,2026-03-03_1940,2026-03-05T19:22:21.323077
R1,ge-0/0/0,,Enabled,Up,2026-03-03_1754,2026-03-05T19:22:21.323077
R1,ge-0/0/0,,Enabled,Up,2026-03-03_1751,2026-03-05T19:22:21.323077
R1,ge-0/0/0,,Enabled,Up,2026-03-03_1944,2026-03-05T19:22:21.323077
R1,ge-0/0/1,,Enabled,Up,2026-03-03_1951,2026-03-05T19:22:21.323077
R1,ge-0/0/1,,Enabled,Up,2026-03-03_1746,2026-03-05T19:22:21.323077
R1,ge-0/0/1,,Enabled,Up,2026-03-02_2133,2026-03-05T19:22:21.323077
R1,ge-0/0/1,,Enabled,Up,2026-03-03_1940,2026-03-05T19:22:21.323077
R1,ge-0/0/1,,Enabled,Up,2026-03-03_1754,2026-03-05T19:22:21.323077
R1,ge-0/0/1,,Enabled,Up,2026-03-03_1751,2026-03-05T19:22:21.323077
R1,ge-0/0/1,,Enabled,Up,2026-03-02_2246,2026-03-05T19:22:21.323077
R1,ge-0/0/1,,Enabled,Up,2026-03-02_2127,2026-03-05T19:22:21.323077
R1,ge-0/0/1,,Enabled,Up,2026-03-03_1944,2026-03-05T19:22:21.323077
R1,ge-0/0/1,,Enabled,Up,2026-03-03_2009,2026-03-05T19:22:21.323077
R1,ge-0/0/2,,Enabled,Up,2026-03-03_1751,2026-03-05T19:22:21.323077
R1,ge-0/0/2,,Enabled,Up,2026-03-03_1944,2026-03-05T19:22:21.323077
R1,ge-0/0/2,,Enabled,Up,2026-03-03_1940,2026-03-05T19:22:21.323077
R1,ge-0/0/2,,Enabled,Up,2026-03-02_2133,2026-03-05T19:22:21.323077
R1,ge-0/0/2,,Enabled,Up,2026-03-02_2246,2026-03-05T19:22:21.323077
R1,ge-0/0/2,,Enabled,Up,2026-03-03_2009,2026-03-05T19:22:21.323077
R1,ge-0/0/2,,Enabled,Up,2026-03-03_1746,2026-03-05T19:22:21.323077
R1,ge-0/0/2,,Enabled,Up,2026-03-03_1754,2026-03-05T19:22:21.323077
R1,ge-0/0/2,,Enabled,Up,2026-03-03_1951,2026-03-05T19:22:21.323077
R1,ge-0/0/2,,Enabled,Up,2026-03-02_2127,2026-03-05T19:22:21.323077
R1,gr-0/0/0,,Enabled,Up,2026-03-03_1754,2026-03-05T19:22:21.323077
R1,gr-0/0/0,,Enabled,Up,2026-03-02_2127,2026-03-05T19:22:21.323077
R1,gr-0/0/0,,Enabled,Up,2026-03-03_2009,2026-03-05T19:22:21.323077
R1,gr-0/0/0,,Enabled,Up,2026-03-03_1746,2026-03-05T19:22:21.323077
R1,gr-0/0/0,,Enabled,Up,2026-03-02_2133,2026-03-05T19:22:21.323077
R1,gr-0/0/0,,Enabled,Up,2026-03-03_1751,2026-03-05T19:22:21.323077
R1,gr-0/0/0,,Enabled,Up,2026-03-02_2246,2026-03-05T19:22:21.323077
R1,gr-0/0/0,,Enabled,Up,2026-03-03_1940,2026-03-05T19:22:21.323077
R1,gr-0/0/0,,Enabled,Up,2026-03-03_1944,2026-03-05T19:22:21.323077
R1,gr-0/0/0,,Enabled,Up,2026-03-03_1951,2026-03-05T19:22:21.323077
R1,gre,,Enabled,Up,2026-03-02_2246,2026-03-05T19:22:21.323077
R1,gre,,Enabled,Up,2026-03-03_1751,2026-03-05T19:22:21.323077
R1,gre,,Enabled,Up,2026-03-03_1951,2026-03-05T19:22:21.323077
R1,gre,,Enabled,Up,2026-03-03_1940,2026-03-05T19:22:21.323077
R1,gre,,Enabled,Up,2026-03-03_1944,2026-03-05T19:22:21.323077
R1,gre,,Enabled,Up,2026-03-03_1754,2026-03-05T19:22:21.323077
R1,gre,,Enabled,Up,2026-03-03_1746,2026-03-05T19:22:21.323077
R1,gre,,Enabled,Up,2026-03-02_2133,2026-03-05T19:22:21.323077
R1,gre,,Enabled,Up,2026-03-02_2127,2026-03-05T19:22:21.323077
R1,gre,,Enabled,Up,2026-03-03_2009,2026-03-05T19:22:21.323077
R1,ip-0/0/0,,Enabled,Up,2026-03-03_1751,2026-03-05T19:22:21.323077
R1,ip-0/0/0,,Enabled,Up,2026-03-03_2009,2026-03-05T19:22:21.323077
R1,ip-0/0/0,,Enabled,Up,2026-03-02_2133,2026-03-05T19:22:21.323077
R1,ip-0/0/0,,Enabled,Up,2026-03-02_2246,2026-03-05T19:22:21.323077
R1,ip-0/0/0,,Enabled,Up,2026-03-03_1754,2026-03-05T19:22:21.323077
R1,ip-0/0/0,,Enabled,Up,2026-03-02_2127,2026-03-05T19:22:21.323077
R1,ip-0/0/0,,Enabled,Up,2026-03-03_1746,2026-03-05T19:22:21.323077
R1,ip-0/0/0,,Enabled,Up,2026-03-03_1944,2026-03-05T19:22:21.323077
R1,ip-0/0/0,,Enabled,Up,2026-03-03_1940,2026-03-05T19:22:21.323077
R1,ip-0/0/0,,Enabled,Up,2026-03-03_1951,2026-03-05T19:22:21.323077
R1,ipip,,Enabled,Up,2026-03-03_1940,2026-03-05T19:22:21.323077
R1,ipip,,Enabled,Up,2026-03-03_1746,2026-03-05T19:22:21.323077
R1,ipip,,Enabled,Up,2026-03-02_2133,2026-03-05T19:22:21.323077
R1,ipip,,Enabled,Up,2026-03-03_1754,2026-03-05T19:22:21.323077
R1,ipip,,Enabled,Up,2026-03-02_2246,2026-03-05T19:22:21.323077
R1,ipip,,Enabled,Up,2026-03-03_1951,2026-03-05T19:22:21.323077
R1,ipip,,Enabled,Up,2026-03-03_2009,2026-03-05T19:22:21.323077
R1,ipip,,Enabled,Up,2026-03-03_1751,2026-03-05T19:22:21.323077
R1,ipip,,Enabled,Up,2026-03-02_2127,2026-03-05T19:22:21.323077
R1,ipip,,Enabled,Up,2026-03-03_1944,2026-03-05T19:22:21.323077
R1,irb,,Enabled,Up,2026-03-03_1746,2026-03-05T19:22:21.323077
R1,irb,,Enabled,Up,2026-03-02_2133,2026-03-05T19:22:21.323077
R1,irb,,Enabled,Up,2026-03-03_1751,2026-03-05T19:22:21.323077
R1,irb,,Enabled,Up,2026-03-03_1940,2026-03-05T19:22:21.323077
R1,irb,,Enabled,Up,2026-03-02_2246,2026-03-05T19:22:21.323077
R1,irb,,Enabled,Up,2026-03-03_1754,2026-03-05T19:22:21.323077
R1,irb,,Enabled,Up,2026-03-03_1951,2026-03-05T19:22:21.323077
R1,irb,,Enabled,Up,2026-03-03_2009,2026-03-05T19:22:21.323077
R1,irb,,Enabled,Up,2026-03-03_1944,2026-03-05T19:22:21.323077
R1,irb,,Enabled,Up,2026-03-02_2127,2026-03-05T19:22:21.323077
R1,lo0,,Enabled,Up,2026-03-02_2127,2026-03-05T19:22:21.323077
R1,lo0,,Enabled,Up,2026-03-03_1751,2026-03-05T19:22:21.323077
R1,lo0,,Enabled,Up,2026-03-03_1944,2026-03-05T19:22:21.323077
R1,lo0,,Enabled,Up,2026-03-03_2009,2026-03-05T19:22:21.323077
R1,lo0,,Enabled,Up,2026-03-02_2246,2026-03-05T19:22:21.323077
R1,lo0,,Enabled,Up,2026-03-03_1746,2026-03-05T19:22:21.323077
R1,lo0,,Enabled,Up,2026-03-03_1951,2026-03-05T19:22:21.323077
R1,lo0,,Enabled,Up,2026-03-03_1754,2026-03-05T19:22:21.323077
R1,lo0,,Enabled,Up,2026-03-03_1940,2026-03-05T19:22:21.323077
R1,lo0,,Enabled,Up,2026-03-02_2133,2026-03-05T19:22:21.323077
R1,lsi,,Enabled,Up,2026-03-02_2127,2026-03-05T19:22:21.323077
R1,lsi,,Enabled,Up,2026-03-03_1944,2026-03-05T19:22:21.323077
R1,lsi,,Enabled,Up,2026-03-03_1751,2026-03-05T19:22:21.323077
R1,lsi,,Enabled,Up,2026-03-03_2009,2026-03-05T19:22:21.323077
R1,lsi,,Enabled,Up,2026-03-02_2246,2026-03-05T19:22:21.323077
R1,lsi,,Enabled,Up,2026-03-03_1746,2026-03-05T19:22:21.323077
R1,lsi,,Enabled,Up,2026-03-03_1754,2026-03-05T19:22:21.323077
R1,lsi,,Enabled,Up,2026-03-03_1951,2026-03-05T19:22:21.323077
R1,lsi,,Enabled,Up,2026-03-03_1940,2026-03-05T19:22:21.323077
R1,lsi,,Enabled,Up,2026-03-02_2133,2026-03-05T19:22:21.323077
R1,lsq-0/0/0,,Enabled,Up,2026-03-03_1746,2026-03-05T19:22:21.323077
R1,lsq-0/0/0,,Enabled,Up,2026-03-03_2009,2026-03-05T19:22:21.323077
R1,lsq-0/0/0,,Enabled,Up,2026-03-02_2127,2026-03-05T19:22:21.323077
R1,lsq-0/0/0,,Enabled,Up,2026-03-02_2246,2026-03-05T19:22:21.323077
R1,lsq-0/0/0,,Enabled,Up,2026-03-03_1751,2026-03-05T19:22:21.323077
R1,lsq-0/0/0,,Enabled,Up,2026-03-03_1951,2026-03-05T19:22:21.323077
R1,lsq-0/0/0,,Enabled,Up,2026-03-03_1944,2026-03-05T19:22:21.323077
R1,lsq-0/0/0,,Enabled,Up,2026-03-03_1940,2026-03-05T19:22:21.323077
R1,lsq-0/0/0,,Enabled,Up,2026-03-02_2133,2026-03-05T19:22:21.323077
R1,lsq-0/0/0,,Enabled,Up,2026-03-03_1754,2026-03-05T19:22:21.323077
R1,lt-0/0/0,,Enabled,Up,2026-03-03_1940,2026-03-05T19:22:21.323077
R1,lt-0/0/0,,Enabled,Up,2026-03-03_1944,2026-03-05T19:22:21.323077
R1,lt-0/0/0,,Enabled,Up,2026-03-02_2127,2026-03-05T19:22:21.323077
R1,lt-0/0/0,,Enabled,Up,2026-03-02_2246,2026-03-05T19:22:21.323077
R1,lt-0/0/0,,Enabled,Up,2026-03-03_1951,2026-03-05T19:22:21.323077
R1,lt-0/0/0,,Enabled,Up,2026-03-02_2133,2026-03-05T19:22:21.323077
R1,lt-0/0/0,,Enabled,Up,2026-03-03_1754,2026-03-05T19:22:21.323077
R1,lt-0/0/0,,Enabled,Up,2026-03-03_2009,2026-03-05T19:22:21.323077
R1,lt-0/0/0,,Enabled,Up,2026-03-03_1746,2026-03-05T19:22:21.323077
R1,lt-0/0/0,,Enabled,Up,2026-03-03_1751,2026-03-05T19:22:21.323077
R1,mt-0/0/0,,Enabled,Up,2026-03-03_1746,2026-03-05T19:22:21.323077
R1,mt-0/0/0,,Enabled,Up,2026-03-03_1754,2026-03-05T19:22:21.323077
R1,mt-0/0/0,,Enabled,Up,2026-03-03_2009,2026-03-05T19:22:21.323077
R1,mt-0/0/0,,Enabled,Up,2026-03-03_1951,2026-03-05T19:22:21.323077
R1,mt-0/0/0,,Enabled,Up,2026-03-03_1944,2026-03-05T19:22:21.323077
R1,mt-0/0/0,,Enabled,Up,2026-03-03_1751,2026-03-05T19:22:21.323077
R1,mt-0/0/0,,Enabled,Up,2026-03-02_2246,2026-03-05T19:22:21.323077
R1,mt-0/0/0,,Enabled,Up,2026-03-02_2127,2026-03-05T19:22:21.323077
R1,mt-0/0/0,,Enabled,Up,2026-03-03_1940,2026-03-05T19:22:21.323077
R1,mt-0/0/0,,Enabled,Up,2026-03-02_2133,2026-03-05T19:22:21.323077
R1,mtun,,Enabled,Up,2026-03-02_2127,2026-03-05T19:22:21.323077
R1,mtun,,Enabled,Up,2026-03-03_1944,2026-03-05T19:22:21.323077
R1,mtun,,Enabled,Up,2026-03-03_2009,2026-03-05T19:22:21.323077
R1,mtun,,Enabled,Up,2026-03-03_1751,2026-03-05T19:22:21.323077
R1,mtun,,Enabled,Up,2026-03-03_1746,2026-03-05T19:22:21.323077
R1,mtun,,Enabled,Up,2026-03-02_2246,2026-03-05T19:22:21.323077
R1,mtun,,Enabled,Up,2026-03-02_2133,2026-03-05T19:22:21.323077
R1,mtun,,Enabled,Up,2026-03-03_1951,2026-03-05T19:22:21.323077
R1,mtun,,Enabled,Up,2026-03-03_1754,2026-03-05T19:22:21.323077
R1,mtun,,Enabled,Up,2026-03-03_1940,2026-03-05T19:22:21.323077
R1,pimd,,Enabled,Up,2026-03-03_1944,2026-03-05T19:22:21.323077
R1,pimd,,Enabled,Up,2026-03-03_2009,2026-03-05T19:22:21.323077
R1,pimd,,Enabled,Up,2026-03-03_1940,2026-03-05T19:22:21.323077
R1,pimd,,Enabled,Up,2026-03-03_1754,2026-03-05T19:22:21.323077
R1,pimd,,Enabled,Up,2026-03-02_2133,2026-03-05T19:22:21.323077
R1,pimd,,Enabled,Up,2026-03-02_2127,2026-03-05T19:22:21.323077
R1,pimd,,Enabled,Up,2026-03-03_1751,2026-03-05T19:22:21.323077
R1,pimd,,Enabled,Up,2026-03-03_1951,2026-03-05T19:22:21.323077
R1,pimd,,Enabled,Up,2026-03-02_2246,2026-03-05T19:22:21.323077
R1,pimd,,Enabled,Up,2026-03-03_1746,2026-03-05T19:22:21.323077
R1,pime,,Enabled,Up,2026-03-03_1746,2026-03-05T19:22:21.323077
R1,pime,,Enabled,Up,2026-03-03_2009,2026-03-05T19:22:21.323077
R1,pime,,Enabled,Up,2026-03-03_1940,2026-03-05T19:22:21.323077
R1,pime,,Enabled,Up,2026-03-03_1951,2026-03-05T19:22:21.323077
R1,pime,,Enabled,Up,2026-03-03_1944,2026-03-05T19:22:21.323077
R1,pime,,Enabled,Up,2026-03-02_2127,2026-03-05T19:22:21.323077
R1,pime,,Enabled,Up,2026-03-02_2133,2026-03-05T19:22:21.323077
R1,pime,,Enabled,Up,2026-03-03_1754,2026-03-05T19:22:21.323077
R1,pime,,Enabled,Up,2026-03-03_1751,2026-03-05T19:22:21.323077
R1,pime,,Enabled,Up,2026-03-02_2246,2026-03-05T19:22:21.323077
R1,pp0,,Enabled,Up,2026-03-02_2133,2026-03-05T19:22:21.323077
R1,pp0,,Enabled,Up,2026-03-03_1754,2026-03-05T19:22:21.323077
R1,pp0,,Enabled,Up,2026-03-03_1746,2026-03-05T19:22:21.323077
R1,pp0,,Enabled,Up,2026-03-03_1940,2026-03-05T19:22:21.323077
R1,pp0,,Enabled,Up,2026-03-03_1951,2026-03-05T19:22:21.323077
R1,pp0,,Enabled,Up,2026-03-03_2009,2026-03-05T19:22:21.323077
R1,pp0,,Enabled,Up,2026-03-02_2127,2026-03-05T19:22:21.323077
R1,pp0,,Enabled,Up,2026-03-02_2246,2026-03-05T19:22:21.323077
R1,pp0,,Enabled,Up,2026-03-03_1944,2026-03-05T19:22:21.323077
R1,pp0,,Enabled,Up,2026-03-03_1751,2026-03-05T19:22:21.323077
R1,ppd0,,Enabled,Up,2026-03-02_2127,2026-03-05T19:22:21.323077
R1,ppd0,,Enabled,Up,2026-03-03_1944,2026-03-05T19:22:21.323077
R1,ppd0,,Enabled,Up,2026-03-03_1754,2026-03-05T19:22:21.323077
R1,ppd0,,Enabled,Up,2026-03-02_2246,2026-03-05T19:22:21.323077
R1,ppd0,,Enabled,Up,2026-03-02_2133,2026-03-05T19:22:21.323077
R1,ppd0,,Enabled,Up,2026-03-03_1751,2026-03-05T19:22:21.323077
R1,ppd0,,Enabled,Up,2026-03-03_2009,2026-03-05T19:22:21.323077
R1,ppd0,,Enabled,Up,2026-03-03_1951,2026-03-05T19:22:21.323077
R1,ppd0,,Enabled,Up,2026-03-03_1746,2026-03-05T19:22:21.323077
R1,ppd0,,Enabled,Up,2026-03-03_1940,2026-03-05T19:22:21.323077
R1,ppe0,,Enabled,Up,2026-03-02_2246,2026-03-05T19:22:21.323077
R1,ppe0,,Enabled,Up,2026-03-02_2127,2026-03-05T19:22:21.323077
R1,ppe0,,Enabled,Up,2026-03-03_1944,2026-03-05T19:22:21.323077
R1,ppe0,,Enabled,Up,2026-03-03_1754,2026-03-05T19:22:21.323077
R1,ppe0,,Enabled,Up,2026-03-03_1746,2026-03-05T19:22:21.323077
R1,ppe0,,Enabled,Up,2026-03-03_1940,2026-03-05T19:22:21.323077
R1,ppe0,,Enabled,Up,2026-03-03_2009,2026-03-05T19:22:21.323077
R1,ppe0,,Enabled,Up,2026-03-02_2133,2026-03-05T19:22:21.323077
R1,ppe0,,Enabled,Up,2026-03-03_1951,2026-03-05T19:22:21.323077
R1,ppe0,,Enabled,Up,2026-03-03_1751,2026-03-05T19:22:21.323077
R1,sp-0/0/0,,Enabled,Up,2026-03-03_1746,2026-03-05T19:22:21.323077
R1,sp-0/0/0,,Enabled,Up,2026-03-03_2009,2026-03-05T19:22:21.323077
R1,sp-0/0/0,,Enabled,Up,2026-03-03_1754,2026-03-05T19:22:21.323077
R1,sp-0/0/0,,Enabled,Up,2026-03-03_1951,2026-03-05T19:22:21.323077
R1,sp-0/0/0,,Enabled,Up,2026-03-03_1944,2026-03-05T19:22:21.323077
R1,sp-0/0/0,,Enabled,Up,2026-03-02_2246,2026-03-05T19:22:21.323077
R1,sp-0/0/0,,Enabled,Up,2026-03-03_1940,2026-03-05T19:22:21.323077
R1,sp-0/0/0,,Enabled,Up,2026-03-02_2127,2026-03-05T19:22:21.323077
R1,sp-0/0/0,,Enabled,Up,2026-03-03_1751,2026-03-05T19:22:21.323077
R1,sp-0/0/0,,Enabled,Up,2026-03-02_2133,2026-03-05T19:22:21.323077
R1,st0,,Enabled,Up,2026-03-03_2009,2026-03-05T19:22:21.323077
R1,st0,,Enabled,Up,2026-03-03_1944,2026-03-05T19:22:21.323077
R1,st0,,Enabled,Up,2026-03-02_2127,2026-03-05T19:22:21.323077
R1,st0,,Enabled,Up,2026-03-03_1751,2026-03-05T19:22:21.323077
R1,st0,,Enabled,Up,2026-03-03_1746,2026-03-05T19:22:21.323077
R1,st0,,Enabled,Up,2026-03-02_2246,2026-03-05T19:22:21.323077
R1,st0,,Enabled,Up,2026-03-03_1754,2026-03-05T19:22:21.323077
R1,st0,,Enabled,Up,2026-03-02_2133,2026-03-05T19:22:21.323077
R1,st0,,Enabled,Up,2026-03-03_1951,2026-03-05T19:22:21.323077
R1,st0,,Enabled,Up,2026-03-03_1940,2026-03-05T19:22:21.323077
R1,tap,,Enabled,Up,2026-03-03_2009,2026-03-05T19:22:21.323077
R1,tap,,Enabled,Up,2026-03-03_1944,2026-03-05T19:22:21.323077
R1,tap,,Enabled,Up,2026-03-02_2127,2026-03-05T19:22:21.323077
R1,tap,,Enabled,Up,2026-03-03_1751,2026-03-05T19:22:21.323077
R1,tap,,Enabled,Up,2026-03-03_1746,2026-03-05T19:22:21.323077
R1,tap,,Enabled,Up,2026-03-03_1754,2026-03-05T19:22:21.323077
R1,tap,,Enabled,Up,2026-03-02_2246,2026-03-05T19:22:21.323077
R1,tap,,Enabled,Up,2026-03-02_2133,2026-03-05T19:22:21.323077
R1,tap,,Enabled,Up,2026-03-03_1951,2026-03-05T19:22:21.323077
R1,tap,,Enabled,Up,2026-03-03_1940,2026-03-05T19:22:21.323077
R1,vlan,,Enabled,Down,2026-03-03_2009,2026-03-05T19:22:21.323077
R1,vlan,,Enabled,Down,2026-03-02_2127,2026-03-05T19:22:21.323077
R1,vlan,,Enabled,Down,2026-03-03_1944,2026-03-05T19:22:21.323077
R1,vlan,,Enabled,Down,2026-03-03_1751,2026-03-05T19:22:21.323077
R1,vlan,,Enabled,Down,2026-03-03_1746,2026-03-05T19:22:21.323077
R1,vlan,,Enabled,Down,2026-03-03_1754,2026-03-05T19:22:21.323077
R1,vlan,,Enabled,Down,2026-03-02_2246,2026-03-05T19:22:21.323077
R1,vlan,,Enabled,Down,2026-03-02_2133,2026-03-05T19:22:21.323077
R1,vlan,,Enabled,Down,2026-03-03_1951,2026-03-05T19:22:21.323077
R1,vlan,,Enabled,Down,2026-03-03_1940,2026-03-05T19:22:21.323077
R1,vtep,,Enabled,Up,2026-03-03_2009,2026-03-05T19:22:21.323077
R1,vtep,,Enabled,Up,2026-03-02_2127,2026-03-05T19:22:21.323077
R1,vtep,,Enabled,Up,2026-03-03_1944,2026-03-05T19:22:21.323077
R1,vtep,,Enabled,Up,2026-03-03_1751,2026-03-05T19:22:21.323077
R1,vtep,,Enabled,Up,2026-03-03_1746,2026-03-05T19:22:21.323077
R1,vtep,,Enabled,Up,2026-03-03_1754,2026-03-05T19:22:21.323077
R1,vtep,,Enabled,Up,2026-03-02_2246,2026-03-05T19:22:21.323077
R1,vtep,,Enabled,Up,2026-03-03_1951,2026-03-05T19:22:21.323077
R1,vtep,,Enabled,Up,2026-03-02_2133,2026-03-05T19:22:21.323077
R1,vtep,,Enabled,Up,2026-03-03_1940,2026-03-05T19:22:21.323077
R2,dsc,,Enabled,Up,2026-03-03_1751,2026-03-05T19:22:21.323077
R2,dsc,,Enabled,Up,2026-03-02_2246,2026-03-05T19:22:21.323077
R2,dsc,,Enabled,Up,2026-03-03_1754,2026-03-05T19:22:21.323077
R2,dsc,,Enabled,Up,2026-03-02_2127,2026-03-05T19:22:21.323077
R2,dsc,,Enabled,Up,2026-03-03_1940,2026-03-05T19:22:21.323077
R2,dsc,,Enabled,Up,2026-03-03_2009,2026-03-05T19:22:21.323077
R2,dsc,,Enabled,Up,2026-03-03_1944,2026-03-05T19:22:21.323077
R2,dsc,,Enabled,Up,2026-03-03_1951,2026-03-05T19:22:21.323077
R2,dsc,,Enabled,Up,2026-03-03_1746,2026-03-05T19:22:21.323077
R2,dsc,,Enabled,Up,2026-03-02_2133,2026-03-05T19:22:21.323077
R2,em0,,Enabled,Up,2026-03-03_1746,2026-03-05T19:22:21.323077
R2,em0,,Enabled,Up,2026-03-03_1751,2026-03-05T19:22:21.323077
R2,em0,,Enabled,Up,2026-03-03_1951,2026-03-05T19:22:21.323077
R2,em0,,Enabled,Up,2026-03-02_2133,2026-03-05T19:22:21.323077
R2,em0,,Enabled,Up,2026-03-02_2246,2026-03-05T19:22:21.323077
R2,em0,,Enabled,Up,2026-03-03_1944,2026-03-05T19:22:21.323077
R2,em0,,Enabled,Up,2026-03-03_2009,2026-03-05T19:22:21.323077
R2,em0,,Enabled,Up,2026-03-03_1754,2026-03-05T19:22:21.323077
R2,em0,,Enabled,Up,2026-03-02_2127,2026-03-05T19:22:21.323077
R2,em0,,Enabled,Up,2026-03-03_1940,2026-03-05T19:22:21.323077
R2,em1,,Enabled,Up,2026-03-03_1940,2026-03-05T19:22:21.323077
R2,em1,,Enabled,Up,2026-03-02_2133,2026-03-05T19:22:21.323077
R2,em1,,Enabled,Up,2026-03-03_1944,2026-03-05T19:22:21.323077
R2,em1,,Enabled,Up,2026-03-03_1746,2026-03-05T19:22:21.323077
R2,em1,,Enabled,Up,2026-03-03_1951,2026-03-05T19:22:21.323077
R2,em1,,Enabled,Up,2026-03-03_1751,2026-03-05T19:22:21.323077
R2,em1,,Enabled,Up,2026-03-02_2246,2026-03-05T19:22:21.323077
R2,em1,,Enabled,Up,2026-03-03_2009,2026-03-05T19:22:21.323077
R2,em1,,Enabled,Up,2026-03-03_1754,2026-03-05T19:22:21.323077
R2,em1,,Enabled,Up,2026-03-02_2127,2026-03-05T19:22:21.323077
R2,em2,,Enabled,Down,2026-03-03_1746,2026-03-05T19:22:21.323077
R2,em2,,Enabled,Down,2026-03-03_1754,2026-03-05T19:22:21.323077
R2,em2,,Enabled,Down,2026-03-02_2127,2026-03-05T19:22:21.323077
R2,em2,,Enabled,Down,2026-03-03_1944,2026-03-05T19:22:21.323077
R2,em2,,Enabled,Down,2026-03-03_1951,2026-03-05T19:22:21.323077
R2,em2,,Enabled,Down,2026-03-02_2246,2026-03-05T19:22:21.323077
R2,em2,,Enabled,Down,2026-03-03_2009,2026-03-05T19:22:21.323077
R2,em2,,Enabled,Down,2026-03-03_1751,2026-03-05T19:22:21.323077
R2,em2,,Enabled,Down,2026-03-02_2133,2026-03-05T19:22:21.323077
R2,em2,,Enabled,Down,2026-03-03_1940,2026-03-05T19:22:21.323077
R2,fti0,,Enabled,Up,2026-03-02_2133,2026-03-05T19:22:21.323077
R2,fti0,,Enabled,Up,2026-03-03_1746,2026-03-05T19:22:21.323077
R2,fti0,,Enabled,Up,2026-03-03_1951,2026-03-05T19:22:21.323077
R2,fti0,,Enabled,Up,2026-03-03_1751,2026-03-05T19:22:21.323077
R2,fti0,,Enabled,Up,2026-03-02_2246,2026-03-05T19:22:21.323077
R2,fti0,,Enabled,Up,2026-03-03_1754,2026-03-05T19:22:21.323077
R2,fti0,,Enabled,Up,2026-03-02_2127,2026-03-05T19:22:21.323077
R2,fti0,,Enabled,Up,2026-03-03_1940,2026-03-05T19:22:21.323077
R2,fti0,,Enabled,Up,2026-03-03_2009,2026-03-05T19:22:21.323077
R2,fti0,,Enabled,Up,2026-03-03_1944,2026-03-05T19:22:21.323077
R2,fxp0,,Enabled,Up,2026-03-02_2133,2026-03-05T19:22:21.323077
R2,fxp0,,Enabled,Up,2026-03-03_1746,2026-03-05T19:22:21.323077
R2,fxp0,,Enabled,Up,2026-03-03_1751,2026-03-05T19:22:21.323077
R2,fxp0,,Enabled,Up,2026-03-02_2246,2026-03-05T19:22:21.323077
R2,fxp0,,Enabled,Up,2026-03-03_1951,2026-03-05T19:22:21.323077
R2,fxp0,,Enabled,Up,2026-03-02_2127,2026-03-05T19:22:21.323077
R2,fxp0,,Enabled,Up,2026-03-03_1754,2026-03-05T19:22:21.323077
R2,fxp0,,Enabled,Up,2026-03-03_1940,2026-03-05T19:22:21.323077
R2,fxp0,,Enabled,Up,2026-03-03_2009,2026-03-05T19:22:21.323077
R2,fxp0,,Enabled,Up,2026-03-03_1944,2026-03-05T19:22:21.323077
R2,ge-0/0/0,,Enabled,Up,2026-03-03_1940,2026-03-05T19:22:21.323077
R2,ge-0/0/0,,Enabled,Up,2026-03-03_1746,2026-03-05T19:22:21.323077
R2,ge-0/0/0,,Enabled,Up,2026-03-03_1754,2026-03-05T19:22:21.323077
R2,ge-0/0/0,,Enabled,Up,2026-03-03_1944,2026-03-05T19:22:21.323077
R2,ge-0/0/0,,Enabled,Up,2026-03-03_2009,2026-03-05T19:22:21.323077
R2,ge-0/0/0,,Enabled,Up,2026-03-03_1751,2026-03-05T19:22:21.323077
R2,ge-0/0/0,,Enabled,Up,2026-03-03_1951,2026-03-05T19:22:21.323077
R2,ge-0/0/0,,Enabled,Up,2026-03-02_2246,2026-03-05T19:22:21.323077
R2,ge-0/0/0,,Enabled,Up,2026-03-02_2133,2026-03-05T19:22:21.323077
R2,ge-0/0/0,,Enabled,Up,2026-03-02_2127,2026-03-05T19:22:21.323077
R2,ge-0/0/1,,Enabled,Up,2026-03-03_1940,2026-03-05T19:22:21.323077
R2,ge-0/0/1,,Enabled,Up,2026-03-03_1746,2026-03-05T19:22:21.323077
R2,ge-0/0/1,,Enabled,Up,2026-03-03_1751,2026-03-05T19:22:21.323077
R2,ge-0/0/1,,Enabled,Up,2026-03-03_1951,2026-03-05T19:22:21.323077
R2,ge-0/0/1,,Enabled,Up,2026-03-02_2133,2026-03-05T19:22:21.323077
R2,ge-0/0/1,,Enabled,Up,2026-03-02_2246,2026-03-05T19:22:21.323077
R2,ge-0/0/1,,Enabled,Up,2026-03-03_1944,2026-03-05T19:22:21.323077
R2,ge-0/0/1,,Enabled,Up,2026-03-03_2009,2026-03-05T19:22:21.323077
R2,ge-0/0/1,,Enabled,Up,2026-03-03_1754,2026-03-05T19:22:21.323077
R2,ge-0/0/1,,Enabled,Up,2026-03-02_2127,2026-03-05T19:22:21.323077
R2,ge-0/0/2,,Enabled,Up,2026-03-02_2127,2026-03-05T19:22:21.323077
R2,ge-0/0/2,,Enabled,Up,2026-03-02_2246,2026-03-05T19:22:21.323077
R2,ge-0/0/2,,Enabled,Up,2026-03-03_1754,2026-03-05T19:22:21.323077
R2,ge-0/0/2,,Enabled,Up,2026-03-03_1940,2026-03-05T19:22:21.323077
R2,ge-0/0/2,,Enabled,Up,2026-03-02_2133,2026-03-05T19:22:21.323077
R2,ge-0/0/2,,Enabled,Up,2026-03-03_1951,2026-03-05T19:22:21.323077
R2,ge-0/0/2,,Enabled,Up,2026-03-03_1751,2026-03-05T19:22:21.323077
R2,ge-0/0/2,,Enabled,Up,2026-03-03_2009,2026-03-05T19:22:21.323077
R2,ge-0/0/2,,Enabled,Up,2026-03-03_1746,2026-03-05T19:22:21.323077
R2,ge-0/0/2,,Enabled,Up,2026-03-03_1944,2026-03-05T19:22:21.323077
R2,gr-0/0/0,,Enabled,Up,2026-03-02_2246,2026-03-05T19:22:21.323077
R2,gr-0/0/0,,Enabled,Up,2026-03-02_2127,2026-03-05T19:22:21.323077
R2,gr-0/0/0,,Enabled,Up,2026-03-03_2009,2026-03-05T19:22:21.323077
R2,gr-0/0/0,,Enabled,Up,2026-03-03_1751,2026-03-05T19:22:21.323077
R2,gr-0/0/0,,Enabled,Up,2026-03-02_2133,2026-03-05T19:22:21.323077
R2,gr-0/0/0,,Enabled,Up,2026-03-03_1746,2026-03-05T19:22:21.323077
R2,gr-0/0/0,,Enabled,Up,2026-03-03_1944,2026-03-05T19:22:21.323077
R2,gr-0/0/0,,Enabled,Up,2026-03-03_1940,2026-03-05T19:22:21.323077
R2,gr-0/0/0,,Enabled,Up,2026-03-03_1951,2026-03-05T19:22:21.323077
R2,gr-0/0/0,,Enabled,Up,2026-03-03_1754,2026-03-05T19:22:21.323077
R2,gre,,Enabled,Up,2026-03-02_2127,2026-03-05T19:22:21.323077
R2,gre,,Enabled,Up,2026-03-03_2009,2026-03-05T19:22:21.323077
R2,gre,,Enabled,Up,2026-03-03_1754,2026-03-05T19:22:21.323077
R2,gre,,Enabled,Up,2026-03-02_2133,2026-03-05T19:22:21.323077
R2,gre,,Enabled,Up,2026-03-03_1940,2026-03-05T19:22:21.323077
R2,gre,,Enabled,Up,2026-03-03_1746,2026-03-05T19:22:21.323077
R2,gre,,Enabled,Up,2026-03-03_1751,2026-03-05T19:22:21.323077
R2,gre,,Enabled,Up,2026-03-03_1944,2026-03-05T19:22:21.323077
R2,gre,,Enabled,Up,2026-03-02_2246,2026-03-05T19:22:21.323077
R2,gre,,Enabled,Up,2026-03-03_1951,2026-03-05T19:22:21.323077
R2,ip-0/0/0,,Enabled,Up,2026-03-03_2009,2026-03-05T19:22:21.323077
R2,ip-0/0/0,,Enabled,Up,2026-03-03_1951,2026-03-05T19:22:21.323077
R2,ip-0/0/0,,Enabled,Up,2026-03-03_1940,2026-03-05T19:22:21.323077
R2,ip-0/0/0,,Enabled,Up,2026-03-03_1751,2026-03-05T19:22:21.323077
R2,ip-0/0/0,,Enabled,Up,2026-03-02_2133,2026-03-05T19:22:21.323077
R2,ip-0/0/0,,Enabled,Up,2026-03-03_1754,2026-03-05T19:22:21.323077
R2,ip-0/0/0,,Enabled,Up,2026-03-03_1944,2026-03-05T19:22:21.323077
R2,ip-0/0/0,,Enabled,Up,2026-03-02_2246,2026-03-05T19:22:21.323077
R2,ip-0/0/0,,Enabled,Up,2026-03-02_2127,2026-03-05T19:22:21.323077
R2,ip-0/0/0,,Enabled,Up,2026-03-03_1746,2026-03-05T19:22:21.323077
R2,ipip,,Enabled,Up,2026-03-03_1951,2026-03-05T19:22:21.323077
R2,ipip,,Enabled,Up,2026-03-03_1746,2026-03-05T19:22:21.323077
R2,ipip,,Enabled,Up,2026-03-02_2246,2026-03-05T19:22:21.323077
R2,ipip,,Enabled,Up,2026-03-03_1754,2026-03-05T19:22:21.323077
R2,ipip,,Enabled,Up,2026-03-02_2127,2026-03-05T19:22:21.323077
R2,ipip,,Enabled,Up,2026-03-03_1751,2026-03-05T19:22:21.323077
R2,ipip,,Enabled,Up,2026-03-03_1940,2026-03-05T19:22:21.323077
R2,ipip,,Enabled,Up,2026-03-02_2133,2026-03-05T19:22:21.323077
R2,ipip,,Enabled,Up,2026-03-03_1944,2026-03-05T19:22:21.323077
R2,ipip,,Enabled,Up,2026-03-03_2009,2026-03-05T19:22:21.323077
R2,irb,,Enabled,Up,2026-03-03_1746,2026-03-05T19:22:21.323077
R2,irb,,Enabled,Up,2026-03-02_2246,2026-03-05T19:22:21.323077
R2,irb,,Enabled,Up,2026-03-02_2133,2026-03-05T19:22:21.323077
R2,irb,,Enabled,Up,2026-03-03_1951,2026-03-05T19:22:21.323077
R2,irb,,Enabled,Up,2026-03-03_1751,2026-03-05T19:22:21.323077
R2,irb,,Enabled,Up,2026-03-02_2127,2026-03-05T19:22:21.323077
R2,irb,,Enabled,Up,2026-03-03_1754,2026-03-05T19:22:21.323077
R2,irb,,Enabled,Up,2026-03-03_1940,2026-03-05T19:22:21.323077
R2,irb,,Enabled,Up,2026-03-03_2009,2026-03-05T19:22:21.323077
R2,irb,,Enabled,Up,2026-03-03_1944,2026-03-05T19:22:21.323077
R2,lo0,,Enabled,Up,2026-03-03_1751,2026-03-05T19:22:21.323077
R2,lo0,,Enabled,Up,2026-03-03_2009,2026-03-05T19:22:21.323077
R2,lo0,,Enabled,Up,2026-03-03_1940,2026-03-05T19:22:21.323077
R2,lo0,,Enabled,Up,2026-03-03_1754,2026-03-05T19:22:21.323077
R2,lo0,,Enabled,Up,2026-03-02_2133,2026-03-05T19:22:21.323077
R2,lo0,,Enabled,Up,2026-03-02_2127,2026-03-05T19:22:21.323077
R2,lo0,,Enabled,Up,2026-03-03_1746,2026-03-05T19:22:21.323077
R2,lo0,,Enabled,Up,2026-03-03_1944,2026-03-05T19:22:21.323077
R2,lo0,,Enabled,Up,2026-03-03_1951,2026-03-05T19:22:21.323077
R2,lo0,,Enabled,Up,2026-03-02_2246,2026-03-05T19:22:21.323077
R2,lsi,,Enabled,Up,2026-03-03_1751,2026-03-05T19:22:21.323077
R2,lsi,,Enabled,Up,2026-03-02_2133,2026-03-05T19:22:21.323077
R2,lsi,,Enabled,Up,2026-03-03_2009,2026-03-05T19:22:21.323077
R2,lsi,,Enabled,Up,2026-03-02_2246,2026-03-05T19:22:21.323077
R2,lsi,,Enabled,Up,2026-03-03_1940,2026-03-05T19:22:21.323077
R2,lsi,,Enabled,Up,2026-03-03_1754,2026-03-05T19:22:21.323077
R2,lsi,,Enabled,Up,2026-03-03_1746,2026-03-05T19:22:21.323077
R2,lsi,,Enabled,Up,2026-03-03_1951,2026-03-05T19:22:21.323077
R2,lsi,,Enabled,Up,2026-03-03_1944,2026-03-05T19:22:21.323077
R2,lsi,,Enabled,Up,2026-03-02_2127,2026-03-05T19:22:21.323077
R2,lsq-0/0/0,,Enabled,Up,2026-03-03_2009,2026-03-05T19:22:21.323077
R2,lsq-0/0/0,,Enabled,Up,2026-03-02_2246,2026-03-05T19:22:21.323077
R2,lsq-0/0/0,,Enabled,Up,2026-03-02_2127,2026-03-05T19:22:21.323077
R2,lsq-0/0/0,,Enabled,Up,2026-03-03_1951,2026-03-05T19:22:21.323077
R2,lsq-0/0/0,,Enabled,Up,2026-03-02_2133,2026-03-05T19:22:21.323077
R2,lsq-0/0/0,,Enabled,Up,2026-03-03_1746,2026-03-05T19:22:21.323077
R2,lsq-0/0/0,,Enabled,Up,2026-03-03_1754,2026-03-05T19:22:21.323077
R2,lsq-0/0/0,,Enabled,Up,2026-03-03_1944,2026-03-05T19:22:21.323077
R2,lsq-0/0/0,,Enabled,Up,2026-03-03_1751,2026-03-05T19:22:21.323077
R2,lsq-0/0/0,,Enabled,Up,2026-03-03_1940,2026-03-05T19:22:21.323077
R2,lt-0/0/0,,Enabled,Up,2026-03-03_1746,2026-03-05T19:22:21.323077
R2,lt-0/0/0,,Enabled,Up,2026-03-03_1751,2026-03-05T19:22:21.323077
R2,lt-0/0/0,,Enabled,Up,2026-03-03_1944,2026-03-05T19:22:21.323077
R2,lt-0/0/0,,Enabled,Up,2026-03-03_2009,2026-03-05T19:22:21.323077
R2,lt-0/0/0,,Enabled,Up,2026-03-02_2133,2026-03-05T19:22:21.323077
R2,lt-0/0/0,,Enabled,Up,2026-03-03_1951,2026-03-05T19:22:21.323077
R2,lt-0/0/0,,Enabled,Up,2026-03-02_2246,2026-03-05T19:22:21.323077
R2,lt-0/0/0,,Enabled,Up,2026-03-02_2127,2026-03-05T19:22:21.323077
R2,lt-0/0/0,,Enabled,Up,2026-03-03_1940,2026-03-05T19:22:21.323077
R2,lt-0/0/0,,Enabled,Up,2026-03-03_1754,2026-03-05T19:22:21.323077
R2,mt-0/0/0,,Enabled,Up,2026-03-02_2246,2026-03-05T19:22:21.323077
R2,mt-0/0/0,,Enabled,Up,2026-03-03_1754,2026-03-05T19:22:21.323077
R2,mt-0/0/0,,Enabled,Up,2026-03-02_2127,2026-03-05T19:22:21.323077
R2,mt-0/0/0,,Enabled,Up,2026-03-03_1940,2026-03-05T19:22:21.323077
R2,mt-0/0/0,,Enabled,Up,2026-03-03_2009,2026-03-05T19:22:21.323077
R2,mt-0/0/0,,Enabled,Up,2026-03-02_2133,2026-03-05T19:22:21.323077
R2,mt-0/0/0,,Enabled,Up,2026-03-03_1751,2026-03-05T19:22:21.323077
R2,mt-0/0/0,,Enabled,Up,2026-03-03_1944,2026-03-05T19:22:21.323077
R2,mt-0/0/0,,Enabled,Up,2026-03-03_1746,2026-03-05T19:22:21.323077
R2,mt-0/0/0,,Enabled,Up,2026-03-03_1951,2026-03-05T19:22:21.323077
R2,mtun,,Enabled,Up,2026-03-03_2009,2026-03-05T19:22:21.323077
R2,mtun,,Enabled,Up,2026-03-03_1940,2026-03-05T19:22:21.323077
R2,mtun,,Enabled,Up,2026-03-03_1944,2026-03-05T19:22:21.323077
R2,mtun,,Enabled,Up,2026-03-02_2133,2026-03-05T19:22:21.323077
R2,mtun,,Enabled,Up,2026-03-02_2246,2026-03-05T19:22:21.323077
R2,mtun,,Enabled,Up,2026-03-03_1751,2026-03-05T19:22:21.323077
R2,mtun,,Enabled,Up,2026-03-03_1746,2026-03-05T19:22:21.323077
R2,mtun,,Enabled,Up,2026-03-03_1951,2026-03-05T19:22:21.323077
R2,mtun,,Enabled,Up,2026-03-02_2127,2026-03-05T19:22:21.323077
R2,mtun,,Enabled,Up,2026-03-03_1754,2026-03-05T19:22:21.323077
R2,pimd,,Enabled,Up,2026-03-03_2009,2026-03-05T19:22:21.323077
R2,pimd,,Enabled,Up,2026-03-02_2246,2026-03-05T19:22:21.323077
R2,pimd,,Enabled,Up,2026-03-03_1951,2026-03-05T19:22:21.323077
R2,pimd,,Enabled,Up,2026-03-03_1940,2026-03-05T19:22:21.323077
R2,pimd,,Enabled,Up,2026-03-03_1754,2026-03-05T19:22:21.323077
R2,pimd,,Enabled,Up,2026-03-02_2127,2026-03-05T19:22:21.323077
R2,pimd,,Enabled,Up,2026-03-03_1746,2026-03-05T19:22:21.323077
R2,pimd,,Enabled,Up,2026-03-03_1751,2026-03-05T19:22:21.323077
R2,pimd,,Enabled,Up,2026-03-03_1944,2026-03-05T19:22:21.323077
R2,pimd,,Enabled,Up,2026-03-02_2133,2026-03-05T19:22:21.323077
R2,pime,,Enabled,Up,2026-03-02_2246,2026-03-05T19:22:21.323077
R2,pime,,Enabled,Up,2026-03-03_1746,2026-03-05T19:22:21.323077
R2,pime,,Enabled,Up,2026-03-03_1951,2026-03-05T19:22:21.323077
R2,pime,,Enabled,Up,2026-03-03_2009,2026-03-05T19:22:21.323077
R2,pime,,Enabled,Up,2026-03-03_1754,2026-03-05T19:22:21.323077
R2,pime,,Enabled,Up,2026-03-02_2133,2026-03-05T19:22:21.323077
R2,pime,,Enabled,Up,2026-03-03_1940,2026-03-05T19:22:21.323077
R2,pime,,Enabled,Up,2026-03-02_2127,2026-03-05T19:22:21.323077
R2,pime,,Enabled,Up,2026-03-03_1751,2026-03-05T19:22:21.323077
R2,pime,,Enabled,Up,2026-03-03_1944,2026-03-05T19:22:21.323077
R2,pp0,,Enabled,Up,2026-03-03_2009,2026-03-05T19:22:21.323077
R2,pp0,,Enabled,Up,2026-03-03_1940,2026-03-05T19:22:21.323077
R2,pp0,,Enabled,Up,2026-03-02_2127,2026-03-05T19:22:21.323077
R2,pp0,,Enabled,Up,2026-03-03_1951,2026-03-05T19:22:21.323077
R2,pp0,,Enabled,Up,2026-03-03_1746,2026-03-05T19:22:21.323077
R2,pp0,,Enabled,Up,2026-03-03_1754,2026-03-05T19:22:21.323077
R2,pp0,,Enabled,Up,2026-03-03_1944,2026-03-05T19:22:21.323077
R2,pp0,,Enabled,Up,2026-03-02_2133,2026-03-05T19:22:21.323077
R2,pp0,,Enabled,Up,2026-03-03_1751,2026-03-05T19:22:21.323077
R2,pp0,,Enabled,Up,2026-03-02_2246,2026-03-05T19:22:21.323077
R2,ppd0,,Enabled,Up,2026-03-03_1751,2026-03-05T19:22:21.323077
R2,ppd0,,Enabled,Up,2026-03-02_2133,2026-03-05T19:22:21.323077
R2,ppd0,,Enabled,Up,2026-03-03_1940,2026-03-05T19:22:21.323077
R2,ppd0,,Enabled,Up,2026-03-03_1754,2026-03-05T19:22:21.323077
R2,ppd0,,Enabled,Up,2026-03-03_1944,2026-03-05T19:22:21.323077
R2,ppd0,,Enabled,Up,2026-03-02_2246,2026-03-05T19:22:21.323077
R2,ppd0,,Enabled,Up,2026-03-03_1951,2026-03-05T19:22:21.323077
R2,ppd0,,Enabled,Up,2026-03-02_2127,2026-03-05T19:22:21.323077
R2,ppd0,,Enabled,Up,2026-03-03_1746,2026-03-05T19:22:21.323077
R2,ppd0,,Enabled,Up,2026-03-03_2009,2026-03-05T19:22:21.323077
R2,ppe0,,Enabled,Up,2026-03-03_1944,2026-03-05T19:22:21.323077
R2,ppe0,,Enabled,Up,2026-03-03_1751,2026-03-05T19:22:21.323077
R2,ppe0,,Enabled,Up,2026-03-03_1940,2026-03-05T19:22:21.323077
R2,ppe0,,Enabled,Up,2026-03-03_1754,2026-03-05T19:22:21.323077
R2,ppe0,,Enabled,Up,2026-03-03_1746,2026-03-05T19:22:21.323077
R2,ppe0,,Enabled,Up,2026-03-03_2009,2026-03-05T19:22:21.323077
R2,ppe0,,Enabled,Up,2026-03-02_2246,2026-03-05T19:22:21.323077
R2,ppe0,,Enabled,Up,2026-03-02_2133,2026-03-05T19:22:21.323077
R2,ppe0,,Enabled,Up,2026-03-02_2127,2026-03-05T19:22:21.323077
R2,ppe0,,Enabled,Up,2026-03-03_1951,2026-03-05T19:22:21.323077
R2,sp-0/0/0,,Enabled,Up,2026-03-02_2246,2026-03-05T19:22:21.323077
R2,sp-0/0/0,,Enabled,Up,2026-03-03_1754,2026-03-05T19:22:21.323077
R2,sp-0/0/0,,Enabled,Up,2026-03-03_1940,2026-03-05T19:22:21.323077
R2,sp-0/0/0,,Enabled,Up,2026-03-02_2127,2026-03-05T19:22:21.323077
R2,sp-0/0/0,,Enabled,Up,2026-03-03_2009,2026-03-05T19:22:21.323077
R2,sp-0/0/0,,Enabled,Up,2026-03-02_2133,2026-03-05T19:22:21.323077
R2,sp-0/0/0,,Enabled,Up,2026-03-03_1944,2026-03-05T19:22:21.323077
R2,sp-0/0/0,,Enabled,Up,2026-03-03_1751,2026-03-05T19:22:21.323077
R2,sp-0/0/0,,Enabled,Up,2026-03-03_1951,2026-03-05T19:22:21.323077
R2,sp-0/0/0,,Enabled,Up,2026-03-03_1746,2026-03-05T19:22:21.323077
R2,st0,,Enabled,Up,2026-03-03_1940,2026-03-05T19:22:21.323077
R2,st0,,Enabled,Up,2026-03-03_2009,2026-03-05T19:22:21.323077
R2,st0,,Enabled,Up,2026-03-03_1944,2026-03-05T19:22:21.323077
R2,st0,,Enabled,Up,2026-03-02_2133,2026-03-05T19:22:21.323077
R2,st0,,Enabled,Up,2026-03-02_2246,2026-03-05T19:22:21.323077
R2,st0,,Enabled,Up,2026-03-03_1754,2026-03-05T19:22:21.323077
R2,st0,,Enabled,Up,2026-03-03_1751,2026-03-05T19:22:21.323077
R2,st0,,Enabled,Up,2026-03-03_1951,2026-03-05T19:22:21.323077
R2,st0,,Enabled,Up,2026-03-02_2127,2026-03-05T19:22:21.323077
R2,st0,,Enabled,Up,2026-03-03_1746,2026-03-05T19:22:21.323077
R2,tap,,Enabled,Up,2026-03-03_1940,2026-03-05T19:22:21.323077
R2,tap,,Enabled,Up,2026-03-03_2009,2026-03-05T19:22:21.323077
R2,tap,,Enabled,Up,2026-03-03_1944,2026-03-05T19:22:21.323077
R2,tap,,Enabled,Up,2026-03-02_2133,2026-03-05T19:22:21.323077
R2,tap,,Enabled,Up,2026-03-02_2246,2026-03-05T19:22:21.323077
R2,tap,,Enabled,Up,2026-03-03_1754,2026-03-05T19:22:21.323077
R2,tap,,Enabled,Up,2026-03-03_1751,2026-03-05T19:22:21.323077
R2,tap,,Enabled,Up,2026-03-03_1951,2026-03-05T19:22:21.323077
R2,tap,,Enabled,Up,2026-03-02_2127,2026-03-05T19:22:21.323077
R2,tap,,Enabled,Up,2026-03-03_1746,2026-03-05T19:22:21.323077
R2,vlan,,Enabled,Down,2026-03-03_1940,2026-03-05T19:22:21.323077
R2,vlan,,Enabled,Down,2026-03-03_2009,2026-03-05T19:22:21.323077
R2,vlan,,Enabled,Down,2026-03-03_1944,2026-03-05T19:22:21.323077
R2,vlan,,Enabled,Down,2026-03-02_2133,2026-03-05T19:22:21.323077
R2,vlan,,Enabled,Down,2026-03-02_2246,2026-03-05T19:22:21.323077
R2,vlan,,Enabled,Down,2026-03-03_1754,2026-03-05T19:22:21.323077
R2,vlan,,Enabled,Down,2026-03-03_1751,2026-03-05T19:22:21.323077
R2,vlan,,Enabled,Down,2026-03-03_1951,2026-03-05T19:22:21.323077
R2,vlan,,Enabled,Down,2026-03-02_2127,2026-03-05T19:22:21.323077
R2,vlan,,Enabled,Down,2026-03-03_1746,2026-03-05T19:22:21.323077
R2,vtep,,Enabled,Up,2026-03-03_1751,2026-03-05T19:22:21.323077
R2,vtep,,Enabled,Up,2026-03-02_2127,2026-03-05T19:22:21.323077
R2,vtep,,Enabled,Up,2026-03-03_1940,2026-03-05T19:22:21.323077
R2,vtep,,Enabled,Up,2026-03-03_2009,2026-03-05T19:22:21.323077
R2,vtep,,Enabled,Up,2026-03-03_1944,2026-03-05T19:22:21.323077
R2,vtep,,Enabled,Up,2026-03-02_2133,2026-03-05T19:22:21.323077
R2,vtep,,Enabled,Up,2026-03-02_2246,2026-03-05T19:22:21.323077
R2,vtep,,Enabled,Up,2026-03-03_1754,2026-03-05T19:22:21.323077
R2,vtep,,Enabled,Up,2026-03-03_1951,2026-03-05T19:22:21.323077
R2,vtep,,Enabled,Up,2026-03-03_1746,2026-03-05T19:22:21.323077
R3,Et0/0,,up,up,2026-03-05_1559,2026-03-05T19:22:21.323077
R3,Et0/0,,up,up,2026-03-02_2110,2026-03-05T19:22:21.323077
R3,Et0/0,,up,up,2026-03-05_1627,2026-03-05T19:22:21.323077
R3,Et0/0,,up,up,2026-03-02_2038,2026-03-05T19:22:21.323077
R3,Et0/0,,up,up,2026-03-03_1944,2026-03-05T19:22:21.323077
R3,Et0/0,,up,up,2026-03-04_1115,2026-03-05T19:22:21.323077
R3,Et0/0,,up,up,2026-03-05_1918,2026-03-05T19:22:21.323077
R3,Et0/0,,up,up,2026-03-06_0931,2026-03-06T09:34:51.762338
R3,Et0/0,,up,up,2026-03-04_1109,2026-03-05T19:22:21.323077
R3,Et0/0,,up,up,2026-03-03_1746,2026-03-05T19:22:21.323077
R3,Et0/0,,up,up,2026-03-03_1940,2026-03-05T19:22:21.323077
R3,Et0/0,,up,up,2026-03-03_1751,2026-03-05T19:22:21.323077
R3,Et0/0,,up,up,2026-03-02_2246,2026-03-05T19:22:21.323077
R3,Et0/0,,up,up,2026-03-04_1124,2026-03-05T19:22:21.323077
R3,Et0/0,,up,up,2026-03-03_1754,2026-03-05T19:22:21.323077
R3,Et0/0,,up,up,2026-03-02_2133,2026-03-05T19:22:21.323077
R3,Et0/0,,up,up,2026-03-03_2009,2026-03-05T19:22:21.323077
R3,Et0/0,,up,up,2026-03-02_1810,2026-03-05T19:22:21.323077
R3,Et0/0,,up,up,2026-03-02_1829,2026-03-05T19:22:21.323077
R3,Et0/0,,up,up,2026-03-06_0246,2026-03-06T02:49:40.228626
R3,Et0/0,,up,up,2026-03-05_1615,2026-03-05T19:22:21.323077
R3,Et0/0,,up,up,2026-03-02_2127,2026-03-05T19:22:21.323077
R3,Et0/0,,up,up,2026-03-02_1652,2026-03-05T19:22:21.323077
R3,Et0/0,,up,up,2026-03-02_1717,2026-03-05T19:22:21.323077
R3,Et0/0,,up,up,2026-03-03_1951,2026-03-05T19:22:21.323077
R3,Et0/0,,,connected,2026-03-05_1615,2026-03-05T19:22:21.323077
R3,Et0/0,,,connected,2026-03-02_2038,2026-03-05T19:22:21.323077
R3,Et0/0,,,connected,2026-03-03_1751,2026-03-05T19:22:21.323077
R3,Et0/0,,,connected,2026-03-06_0931,2026-03-06T09:34:51.762338
R3,Et0/0,,,connected,2026-03-02_1829,2026-03-05T19:22:21.323077
R3,Et0/0,,,connected,2026-03-02_2127,2026-03-05T19:22:21.323077
R3,Et0/0,,,connected,2026-03-03_1940,2026-03-05T19:22:21.323077
R3,Et0/0,,,connected,2026-03-05_1918,2026-03-05T19:22:21.323077
R3,Et0/0,,,connected,2026-03-03_2009,2026-03-05T19:22:21.323077
R3,Et0/0,,,connected,2026-03-02_1652,2026-03-05T19:22:21.323077
R3,Et0/0,,,connected,2026-03-04_1124,2026-03-05T19:22:21.323077
R3,Et0/0,,,connected,2026-03-05_1559,2026-03-05T19:22:21.323077
R3,Et0/0,,,connected,2026-03-02_1810,2026-03-05T19:22:21.323077
R3,Et0/0,,,connected,2026-03-03_1754,2026-03-05T19:22:21.323077
R3,Et0/0,,,connected,2026-03-05_1627,2026-03-05T19:22:21.323077
R3,Et0/0,,,connected,2026-03-02_2246,2026-03-05T19:22:21.323077
R3,Et0/0,,,connected,2026-03-03_1944,2026-03-05T19:22:21.323077
R3,Et0/0,,,connected,2026-03-02_2110,2026-03-05T19:22:21.323077
R3,Et0/0,,,connected,2026-03-06_0246,2026-03-06T02:49:40.228626
R3,Et0/0,,,connected,2026-03-03_1746,2026-03-05T19:22:21.323077
R3,Et0/0,,,connected,2026-03-04_1109,2026-03-05T19:22:21.323077
R3,Et0/0,,,connected,2026-03-03_1951,2026-03-05T19:22:21.323077
R3,Et0/0,,,connected,2026-03-04_1115,2026-03-05T19:22:21.323077
R3,Et0/0,,,connected,2026-03-02_2133,2026-03-05T19:22:21.323077
R3,Et0/0,,,connected,2026-03-02_1717,2026-03-05T19:22:21.323077
R3,Et0/1,,up,up,2026-03-02_1810,2026-03-05T19:22:21.323077
R3,Et0/1,,up,up,2026-03-04_1124,2026-03-05T19:22:21.323077
R3,Et0/1,,up,up,2026-03-02_2110,2026-03-05T19:22:21.323077
R3,Et0/1,,up,up,2026-03-02_2038,2026-03-05T19:22:21.323077
R3,Et0/1,,up,up,2026-03-03_1944,2026-03-05T19:22:21.323077
R3,Et0/1,,up,up,2026-03-06_0931,2026-03-06T09:34:51.762338
R3,Et0/1,,up,up,2026-03-05_1559,2026-03-05T19:22:21.323077
R3,Et0/1,,up,up,2026-03-05_1627,2026-03-05T19:22:21.323077
R3,Et0/1,,up,up,2026-03-02_1652,2026-03-05T19:22:21.323077
R3,Et0/1,,up,up,2026-03-05_1615,2026-03-05T19:22:21.323077
R3,Et0/1,,up,up,2026-03-02_2127,2026-03-05T19:22:21.323077
R3,Et0/1,,up,up,2026-03-03_1951,2026-03-05T19:22:21.323077
R3,Et0/1,,up,up,2026-03-03_1746,2026-03-05T19:22:21.323077
R3,Et0/1,,up,up,2026-03-04_1109,2026-03-05T19:22:21.323077
R3,Et0/1,,up,up,2026-03-02_1717,2026-03-05T19:22:21.323077
R3,Et0/1,,up,up,2026-03-03_1751,2026-03-05T19:22:21.323077
R3,Et0/1,,up,up,2026-03-03_1940,2026-03-05T19:22:21.323077
R3,Et0/1,,up,up,2026-03-02_2133,2026-03-05T19:22:21.323077
R3,Et0/1,,up,up,2026-03-02_1829,2026-03-05T19:22:21.323077
R3,Et0/1,,up,up,2026-03-03_2009,2026-03-05T19:22:21.323077
R3,Et0/1,,up,up,2026-03-02_2246,2026-03-05T19:22:21.323077
R3,Et0/1,,up,up,2026-03-06_0246,2026-03-06T02:49:40.228626
R3,Et0/1,,up,up,2026-03-03_1754,2026-03-05T19:22:21.323077
R3,Et0/1,,up,up,2026-03-05_1918,2026-03-05T19:22:21.323077
R3,Et0/1,,up,up,2026-03-04_1115,2026-03-05T19:22:21.323077
R3,Et0/1,,,connected,2026-03-03_1746,2026-03-05T19:22:21.323077
R3,Et0/1,,,connected,2026-03-05_1918,2026-03-05T19:22:21.323077
R3,Et0/1,,,connected,2026-03-06_0931,2026-03-06T09:34:51.762338
R3,Et0/1,,,connected,2026-03-02_2133,2026-03-05T19:22:21.323077
R3,Et0/1,,,connected,2026-03-03_1951,2026-03-05T19:22:21.323077
R3,Et0/1,,,connected,2026-03-06_0246,2026-03-06T02:49:40.228626
R3,Et0/1,,,connected,2026-03-04_1109,2026-03-05T19:22:21.323077
R3,Et0/1,,,connected,2026-03-02_2038,2026-03-05T19:22:21.323077
R3,Et0/1,,,connected,2026-03-02_2110,2026-03-05T19:22:21.323077
R3,Et0/1,,,connected,2026-03-05_1627,2026-03-05T19:22:21.323077
R3,Et0/1,,,connected,2026-03-03_1944,2026-03-05T19:22:21.323077
R3,Et0/1,,,connected,2026-03-02_2246,2026-03-05T19:22:21.323077
R3,Et0/1,,,connected,2026-03-03_1754,2026-03-05T19:22:21.323077
R3,Et0/1,,,connected,2026-03-04_1124,2026-03-05T19:22:21.323077
R3,Et0/1,,,connected,2026-03-02_1810,2026-03-05T19:22:21.323077
R3,Et0/1,,,connected,2026-03-05_1559,2026-03-05T19:22:21.323077
R3,Et0/1,,,connected,2026-03-02_1652,2026-03-05T19:22:21.323077
R3,Et0/1,,,connected,2026-03-03_1940,2026-03-05T19:22:21.323077
R3,Et0/1,,,connected,2026-03-03_2009,2026-03-05T19:22:21.323077
R3,Et0/1,,,connected,2026-03-02_1717,2026-03-05T19:22:21.323077
R3,Et0/1,,,connected,2026-03-02_2127,2026-03-05T19:22:21.323077
R3,Et0/1,,,connected,2026-03-03_1751,2026-03-05T19:22:21.323077
R3,Et0/1,,,connected,2026-03-02_1829,2026-03-05T19:22:21.323077
R3,Et0/1,,,connected,2026-03-05_1615,2026-03-05T19:22:21.323077
R3,Et0/1,,,connected,2026-03-04_1115,2026-03-05T19:22:21.323077
R3,Et0/2,,up,up,2026-03-05_1559,2026-03-05T19:22:21.323077
R3,Et0/2,,up,up,2026-03-03_2009,2026-03-05T19:22:21.323077
R3,Et0/2,,up,up,2026-03-04_1115,2026-03-05T19:22:21.323077
R3,Et0/2,,up,up,2026-03-03_1944,2026-03-05T19:22:21.323077
R3,Et0/2,,up,up,2026-03-06_0931,2026-03-06T09:34:51.762338
R3,Et0/2,,up,up,2026-03-06_0246,2026-03-06T02:49:40.228626
R3,Et0/2,,up,up,2026-03-05_1627,2026-03-05T19:22:21.323077
R3,Et0/2,,up,up,2026-03-02_1810,2026-03-05T19:22:21.323077
R3,Et0/2,,up,up,2026-03-02_2246,2026-03-05T19:22:21.323077
R3,Et0/2,,up,up,2026-03-02_2110,2026-03-05T19:22:21.323077
R3,Et0/2,,up,up,2026-03-04_1124,2026-03-05T19:22:21.323077
R3,Et0/2,,up,up,2026-03-02_2133,2026-03-05T19:22:21.323077
R3,Et0/2,,up,up,2026-03-02_1829,2026-03-05T19:22:21.323077
R3,Et0/2,,up,up,2026-03-02_2038,2026-03-05T19:22:21.323077
R3,Et0/2,,up,up,2026-03-04_1109,2026-03-05T19:22:21.323077
R3,Et0/2,,up,up,2026-03-05_1918,2026-03-05T19:22:21.323077
R3,Et0/2,,up,up,2026-03-03_1940,2026-03-05T19:22:21.323077
R3,Et0/2,,up,up,2026-03-03_1754,2026-03-05T19:22:21.323077
R3,Et0/2,,up,up,2026-03-05_1615,2026-03-05T19:22:21.323077
R3,Et0/2,,up,up,2026-03-03_1751,2026-03-05T19:22:21.323077
R3,Et0/2,,up,up,2026-03-02_1652,2026-03-05T19:22:21.323077
R3,Et0/2,,up,up,2026-03-02_2127,2026-03-05T19:22:21.323077
R3,Et0/2,,up,up,2026-03-03_1746,2026-03-05T19:22:21.323077
R3,Et0/2,,up,up,2026-03-03_1951,2026-03-05T19:22:21.323077
R3,Et0/2,,up,up,2026-03-02_1717,2026-03-05T19:22:21.323077
R3,Et0/2,,,connected,2026-03-05_1918,2026-03-05T19:22:21.323077
R3,Et0/2,,,connected,2026-03-04_1115,2026-03-05T19:22:21.323077
R3,Et0/2,,,connected,2026-03-06_0931,2026-03-06T09:34:51.762338
R3,Et0/2,,,connected,2026-03-05_1615,2026-03-05T19:22:21.323077
R3,Et0/2,,,connected,2026-03-03_1751,2026-03-05T19:22:21.323077
R3,Et0/2,,,connected,2026-03-02_1829,2026-03-05T19:22:21.323077
R3,Et0/2,,,connected,2026-03-02_2127,2026-03-05T19:22:21.323077
R3,Et0/2,,,connected,2026-03-02_1717,2026-03-05T19:22:21.323077
R3,Et0/2,,,connected,2026-03-03_1940,2026-03-05T19:22:21.323077
R3,Et0/2,,,connected,2026-03-03_2009,2026-03-05T19:22:21.323077
R3,Et0/2,,,connected,2026-03-02_1652,2026-03-05T19:22:21.323077
R3,Et0/2,,,connected,2026-03-05_1559,2026-03-05T19:22:21.323077
R3,Et0/2,,,connected,2026-03-04_1124,2026-03-05T19:22:21.323077
R3,Et0/2,,,connected,2026-03-02_1810,2026-03-05T19:22:21.323077
R3,Et0/2,,,connected,2026-03-03_1754,2026-03-05T19:22:21.323077
R3,Et0/2,,,connected,2026-03-02_2246,2026-03-05T19:22:21.323077
R3,Et0/2,,,connected,2026-03-05_1627,2026-03-05T19:22:21.323077
R3,Et0/2,,,connected,2026-03-03_1944,2026-03-05T19:22:21.323077
R3,Et0/2,,,connected,2026-03-02_2110,2026-03-05T19:22:21.323077
R3,Et0/2,,,connected,2026-03-02_2038,2026-03-05T19:22:21.323077
R3,Et0/2,,,connected,2026-03-06_0246,2026-03-06T02:49:40.228626
R3,Et0/2,,,connected,2026-03-04_1109,2026-03-05T19:22:21.323077
R3,Et0/2,,,connected,2026-03-03_1951,2026-03-05T19:22:21.323077
R3,Et0/2,,,connected,2026-03-02_2133,2026-03-05T19:22:21.323077
R3,Et0/2,,,connected,2026-03-03_1746,2026-03-05T19:22:21.323077
R3,Et0/3,,up,up,2026-03-02_1829,2026-03-05T19:22:21.323077
R3,Et0/3,,up,up,2026-03-04_1109,2026-03-05T19:22:21.323077
R3,Et0/3,,up,up,2026-03-02_2127,2026-03-05T19:22:21.323077
R3,Et0/3,,up,up,2026-03-03_1751,2026-03-05T19:22:21.323077
R3,Et0/3,,up,up,2026-03-03_1951,2026-03-05T19:22:21.323077
R3,Et0/3,,up,up,2026-03-02_1717,2026-03-05T19:22:21.323077
R3,Et0/3,,up,up,2026-03-03_1746,2026-03-05T19:22:21.323077
R3,Et0/3,,up,up,2026-03-04_1115,2026-03-05T19:22:21.323077
R3,Et0/3,,up,up,2026-03-02_1652,2026-03-05T19:22:21.323077
R3,Et0/3,,up,up,2026-03-03_1754,2026-03-05T19:22:21.323077
R3,Et0/3,,up,up,2026-03-05_1615,2026-03-05T19:22:21.323077
R3,Et0/3,,up,up,2026-03-05_1559,2026-03-05T19:22:21.323077
R3,Et0/3,,up,up,2026-03-02_2133,2026-03-05T19:22:21.323077
R3,Et0/3,,up,up,2026-03-02_2110,2026-03-05T19:22:21.323077
R3,Et0/3,,up,up,2026-03-03_1940,2026-03-05T19:22:21.323077
R3,Et0/3,,up,up,2026-03-02_2038,2026-03-05T19:22:21.323077
R3,Et0/3,,up,up,2026-03-02_1810,2026-03-05T19:22:21.323077
R3,Et0/3,,up,up,2026-03-05_1918,2026-03-05T19:22:21.323077
R3,Et0/3,,up,up,2026-03-04_1124,2026-03-05T19:22:21.323077
R3,Et0/3,,up,up,2026-03-05_1627,2026-03-05T19:22:21.323077
R3,Et0/3,,up,up,2026-03-06_0246,2026-03-06T02:49:40.228626
R3,Et0/3,,up,up,2026-03-02_2246,2026-03-05T19:22:21.323077
R3,Et0/3,,up,up,2026-03-06_0931,2026-03-06T09:34:51.762338
R3,Et0/3,,up,up,2026-03-03_1944,2026-03-05T19:22:21.323077
R3,Et0/3,,up,up,2026-03-03_2009,2026-03-05T19:22:21.323077
R3,Et0/3,,,connected,2026-03-05_1918,2026-03-05T19:22:21.323077
R3,Et0/3,,,connected,2026-03-06_0931,2026-03-06T09:34:51.762338
R3,Et0/3,,,connected,2026-03-04_1109,2026-03-05T19:22:21.323077
R3,Et0/3,,,connected,2026-03-02_2127,2026-03-05T19:22:21.323077
R3,Et0/3,,,connected,2026-03-02_2133,2026-03-05T19:22:21.323077
R3,Et0/3,,,connected,2026-03-03_1746,2026-03-05T19:22:21.323077
R3,Et0/3,,,connected,2026-03-03_1944,2026-03-05T19:22:21.323077
R3,Et0/3,,,connected,2026-03-06_0246,2026-03-06T02:49:40.228626
R3,Et0/3,,,connected,2026-03-02_2038,2026-03-05T19:22:21.323077
R3,Et0/3,,,connected,2026-03-03_1951,2026-03-05T19:22:21.323077
R3,Et0/3,,,connected,2026-03-02_1810,2026-03-05T19:22:21.323077
R3,Et0/3,,,connected,2026-03-05_1627,2026-03-05T19:22:21.323077
R3,Et0/3,,,connected,2026-03-02_2246,2026-03-05T19:22:21.323077
R3,Et0/3,,,connected,2026-03-02_2110,2026-03-05T19:22:21.323077
R3,Et0/3,,,connected,2026-03-03_2009,2026-03-05T19:22:21.323077
R3,Et0/3,,,connected,2026-03-04_1124,2026-03-05T19:22:21.323077
R3,Et0/3,,,connected,2026-03-05_1559,2026-03-05T19:22:21.323077
R3,Et0/3,,,connected,2026-03-03_1754,2026-03-05T19:22:21.323077
R3,Et0/3,,,connected,2026-03-02_1829,2026-03-05T19:22:21.323077
R3,Et0/3,,,connected,2026-03-03_1940,2026-03-05T19:22:21.323077
R3,Et0/3,,,connected,2026-03-02_1717,2026-03-05T19:22:21.323077
R3,Et0/3,,,connected,2026-03-02_1652,2026-03-05T19:22:21.323077
R3,Et0/3,,,connected,2026-03-03_1751,2026-03-05T19:22:21.323077
R3,Et0/3,,,connected,2026-03-05_1615,2026-03-05T19:22:21.323077
R3,Et0/3,,,connected,2026-03-04_1115,2026-03-05T19:22:21.323077
R3,Ethernet0/0,,up,up,2026-03-02_1652,2026-03-05T19:22:21.323077
R3,Ethernet0/0,,up,up,2026-03-04_1124,2026-03-05T19:22:21.323077
R3,Ethernet0/0,,up,up,2026-03-05_1918,2026-03-05T19:22:21.323077
R3,Ethernet0/0,,up,up,2026-03-05_1615,2026-03-05T19:22:21.323077
R3,Ethernet0/0,,up,up,2026-03-04_1109,2026-03-05T19:22:21.323077
R3,Ethernet0/0,,up,up,2026-03-02_2246,2026-03-05T19:22:21.323077
R3,Ethernet0/0,,up,up,2026-03-02_1829,2026-03-05T19:22:21.323077
R3,Ethernet0/0,,up,up,2026-03-05_1627,2026-03-05T19:22:21.323077
R3,Ethernet0/0,,up,up,2026-03-02_1810,2026-03-05T19:22:21.323077
R3,Ethernet0/0,,up,up,2026-03-04_1115,2026-03-05T19:22:21.323077
R3,Ethernet0/0,,up,up,2026-03-03_1754,2026-03-05T19:22:21.323077
R3,Ethernet0/0,,up,up,2026-03-02_1717,2026-03-05T19:22:21.323077
R3,Ethernet0/0,,up,up,2026-03-02_2133,2026-03-05T19:22:21.323077
R3,Ethernet0/0,,up,up,2026-03-05_1559,2026-03-05T19:22:21.323077
R3,Ethernet0/0,,up,up,2026-03-02_2110,2026-03-05T19:22:21.323077
R3,Ethernet0/0,,up,up,2026-03-03_1951,2026-03-05T19:22:21.323077
R3,Ethernet0/0,,up,up,2026-03-03_1751,2026-03-05T19:22:21.323077
R3,Ethernet0/0,,up,up,2026-03-02_2127,2026-03-05T19:22:21.323077
R3,Ethernet0/0,,up,up,2026-03-06_0931,2026-03-06T09:34:51.762338
R3,Ethernet0/0,,up,up,2026-03-03_1746,2026-03-05T19:22:21.323077
R3,Ethernet0/0,,up,up,2026-03-06_0246,2026-03-06T02:49:40.228626
R3,Ethernet0/0,,up,up,2026-03-02_2038,2026-03-05T19:22:21.323077
R3,Ethernet0/0,,up,up,2026-03-03_1940,2026-03-05T19:22:21.323077
R3,Ethernet0/0,,up,up,2026-03-03_2009,2026-03-05T19:22:21.323077
R3,Ethernet0/0,,up,up,2026-03-03_1944,2026-03-05T19:22:21.323077
R3,Ethernet0/0,10.1.13.3,up,up,2026-03-04_1109,2026-03-05T19:22:21.323077
R3,Ethernet0/0,10.1.13.3,up,up,2026-03-05_1627,2026-03-05T19:22:21.323077
R3,Ethernet0/0,10.1.13.3,up,up,2026-03-02_2133,2026-03-05T19:22:21.323077
R3,Ethernet0/0,10.1.13.3,up,up,2026-03-02_1810,2026-03-05T19:22:21.323077
R3,Ethernet0/0,10.1.13.3,up,up,2026-03-03_1746,2026-03-05T19:22:21.323077
R3,Ethernet0/0,10.1.13.3,up,up,2026-03-03_1944,2026-03-05T19:22:21.323077
R3,Ethernet0/0,10.1.13.3,up,up,2026-03-04_1124,2026-03-05T19:22:21.323077
R3,Ethernet0/0,10.1.13.3,up,up,2026-03-03_1754,2026-03-05T19:22:21.323077
R3,Ethernet0/0,10.1.13.3,up,up,2026-03-02_1717,2026-03-05T19:22:21.323077
R3,Ethernet0/0,10.1.13.3,up,up,2026-03-04_1115,2026-03-05T19:22:21.323077
R3,Ethernet0/0,10.1.13.3,up,up,2026-03-03_1951,2026-03-05T19:22:21.323077
R3,Ethernet0/0,10.1.13.3,up,up,2026-03-06_0931,2026-03-06T09:34:51.762338
R3,Ethernet0/0,10.1.13.3,up,up,2026-03-05_1615,2026-03-05T19:22:21.323077
R3,Ethernet0/0,10.1.13.3,up,up,2026-03-02_2246,2026-03-05T19:22:21.323077
R3,Ethernet0/0,10.1.13.3,up,up,2026-03-02_2127,2026-03-05T19:22:21.323077
R3,Ethernet0/0,10.1.13.3,up,up,2026-03-03_1751,2026-03-05T19:22:21.323077
R3,Ethernet0/0,10.1.13.3,up,up,2026-03-02_1829,2026-03-05T19:22:21.323077
R3,Ethernet0/0,10.1.13.3,up,up,2026-03-05_1559,2026-03-05T19:22:21.323077
R3,Ethernet0/0,10.1.13.3,up,up,2026-03-03_1940,2026-03-05T19:22:21.323077
R3,Ethernet0/0,10.1.13.3,up,up,2026-03-02_2110,2026-03-05T19:22:21.323077
R3,Ethernet0/0,10.1.13.3,up,up,2026-03-03_2009,2026-03-05T19:22:21.323077
R3,Ethernet0/0,10.1.13.3,up,up,2026-03-05_1918,2026-03-05T19:22:21.323077
R3,Ethernet0/0,10.1.13.3,up,up,2026-03-06_0246,2026-03-06T02:49:40.228626
R3,Ethernet0/0,10.1.13.3,up,up,2026-03-02_1652,2026-03-05T19:22:21.323077
R3,Ethernet0/0,10.1.13.3,up,up,2026-03-02_2038,2026-03-05T19:22:21.323077
R3,Ethernet0/1,,up,up,2026-03-06_0931,2026-03-06T09:34:51.762338
R3,Ethernet0/1,,up,up,2026-03-02_2246,2026-03-05T19:22:21.323077
R3,Ethernet0/1,,up,up,2026-03-03_2009,2026-03-05T19:22:21.323077
R3,Ethernet0/1,,up,up,2026-03-06_0246,2026-03-06T02:49:40.228626
R3,Ethernet0/1,,up,up,2026-03-03_1751,2026-03-05T19:22:21.323077
R3,Ethernet0/1,,up,up,2026-03-02_2038,2026-03-05T19:22:21.323077
R3,Ethernet0/1,,up,up,2026-03-03_1940,2026-03-05T19:22:21.323077
R3,Ethernet0/1,,up,up,2026-03-04_1124,2026-03-05T19:22:21.323077
R3,Ethernet0/1,,up,up,2026-03-04_1115,2026-03-05T19:22:21.323077
R3,Ethernet0/1,,up,up,2026-03-02_2110,2026-03-05T19:22:21.323077
R3,Ethernet0/1,,up,up,2026-03-03_1951,2026-03-05T19:22:21.323077
R3,Ethernet0/1,,up,up,2026-03-02_1652,2026-03-05T19:22:21.323077
R3,Ethernet0/1,,up,up,2026-03-02_1717,2026-03-05T19:22:21.323077
R3,Ethernet0/1,,up,up,2026-03-03_1944,2026-03-05T19:22:21.323077
R3,Ethernet0/1,,up,up,2026-03-02_1829,2026-03-05T19:22:21.323077
R3,Ethernet0/1,,up,up,2026-03-04_1109,2026-03-05T19:22:21.323077
R3,Ethernet0/1,,up,up,2026-03-05_1627,2026-03-05T19:22:21.323077
R3,Ethernet0/1,,up,up,2026-03-02_1810,2026-03-05T19:22:21.323077
R3,Ethernet0/1,,up,up,2026-03-03_1754,2026-03-05T19:22:21.323077
R3,Ethernet0/1,,up,up,2026-03-02_2133,2026-03-05T19:22:21.323077
R3,Ethernet0/1,,up,up,2026-03-05_1559,2026-03-05T19:22:21.323077
R3,Ethernet0/1,,up,up,2026-03-05_1918,2026-03-05T19:22:21.323077
R3,Ethernet0/1,,up,up,2026-03-02_2127,2026-03-05T19:22:21.323077
R3,Ethernet0/1,,up,up,2026-03-05_1615,2026-03-05T19:22:21.323077
R3,Ethernet0/1,,up,up,2026-03-03_1746,2026-03-05T19:22:21.323077
R3,Ethernet0/1,unassigned,up,up,2026-03-02_2110,2026-03-05T19:22:21.323077
R3,Ethernet0/1,unassigned,up,up,2026-03-02_1652,2026-03-05T19:22:21.323077
R3,Ethernet0/1,unassigned,up,up,2026-03-02_2133,2026-03-05T19:22:21.323077
R3,Ethernet0/1,unassigned,up,up,2026-03-05_1627,2026-03-05T19:22:21.323077
R3,Ethernet0/1,unassigned,up,up,2026-03-03_1944,2026-03-05T19:22:21.323077
R3,Ethernet0/1,unassigned,up,up,2026-03-05_1559,2026-03-05T19:22:21.323077
R3,Ethernet0/1,unassigned,up,up,2026-03-03_1746,2026-03-05T19:22:21.323077
R3,Ethernet0/1,unassigned,up,up,2026-03-05_1918,2026-03-05T19:22:21.323077
R3,Ethernet0/1,unassigned,up,up,2026-03-04_1124,2026-03-05T19:22:21.323077
R3,Ethernet0/1,unassigned,up,up,2026-03-03_1754,2026-03-05T19:22:21.323077
R3,Ethernet0/1,unassigned,up,up,2026-03-02_1810,2026-03-05T19:22:21.323077
R3,Ethernet0/1,unassigned,up,up,2026-03-03_1940,2026-03-05T19:22:21.323077
R3,Ethernet0/1,unassigned,up,up,2026-03-05_1615,2026-03-05T19:22:21.323077
R3,Ethernet0/1,unassigned,up,up,2026-03-02_2038,2026-03-05T19:22:21.323077
R3,Ethernet0/1,unassigned,up,up,2026-03-02_2246,2026-03-05T19:22:21.323077
R3,Ethernet0/1,unassigned,up,up,2026-03-02_1829,2026-03-05T19:22:21.323077
R3,Ethernet0/1,unassigned,up,up,2026-03-06_0246,2026-03-06T02:49:40.228626
R3,Ethernet0/1,unassigned,up,up,2026-03-03_1751,2026-03-05T19:22:21.323077
R3,Ethernet0/1,unassigned,up,up,2026-03-04_1109,2026-03-05T19:22:21.323077
R3,Ethernet0/1,unassigned,up,up,2026-03-06_0931,2026-03-06T09:34:51.762338
R3,Ethernet0/1,unassigned,up,up,2026-03-03_2009,2026-03-05T19:22:21.323077
R3,Ethernet0/1,unassigned,up,up,2026-03-04_1115,2026-03-05T19:22:21.323077
R3,Ethernet0/1,unassigned,up,up,2026-03-02_1717,2026-03-05T19:22:21.323077
R3,Ethernet0/1,unassigned,up,up,2026-03-02_2127,2026-03-05T19:22:21.323077
R3,Ethernet0/1,unassigned,up,up,2026-03-03_1951,2026-03-05T19:22:21.323077
R3,Ethernet0/2,,up,up,2026-03-02_2127,2026-03-05T19:22:21.323077
R3,Ethernet0/2,,up,up,2026-03-04_1124,2026-03-05T19:22:21.323077
R3,Ethernet0/2,,up,up,2026-03-05_1559,2026-03-05T19:22:21.323077
R3,Ethernet0/2,,up,up,2026-03-02_1652,2026-03-05T19:22:21.323077
R3,Ethernet0/2,,up,up,2026-03-02_1810,2026-03-05T19:22:21.323077
R3,Ethernet0/2,,up,up,2026-03-05_1615,2026-03-05T19:22:21.323077
R3,Ethernet0/2,,up,up,2026-03-05_1918,2026-03-05T19:22:21.323077
R3,Ethernet0/2,,up,up,2026-03-02_2246,2026-03-05T19:22:21.323077
R3,Ethernet0/2,,up,up,2026-03-03_1944,2026-03-05T19:22:21.323077
R3,Ethernet0/2,,up,up,2026-03-06_0246,2026-03-06T02:49:40.228626
R3,Ethernet0/2,,up,up,2026-03-03_1754,2026-03-05T19:22:21.323077
R3,Ethernet0/2,,up,up,2026-03-02_1717,2026-03-05T19:22:21.323077
R3,Ethernet0/2,,up,up,2026-03-05_1627,2026-03-05T19:22:21.323077
R3,Ethernet0/2,,up,up,2026-03-02_2133,2026-03-05T19:22:21.323077
R3,Ethernet0/2,,up,up,2026-03-03_1951,2026-03-05T19:22:21.323077
R3,Ethernet0/2,,up,up,2026-03-02_2110,2026-03-05T19:22:21.323077
R3,Ethernet0/2,,up,up,2026-03-04_1115,2026-03-05T19:22:21.323077
R3,Ethernet0/2,,up,up,2026-03-06_0931,2026-03-06T09:34:51.762338
R3,Ethernet0/2,,up,up,2026-03-03_1746,2026-03-05T19:22:21.323077
R3,Ethernet0/2,,up,up,2026-03-02_1829,2026-03-05T19:22:21.323077
R3,Ethernet0/2,,up,up,2026-03-02_2038,2026-03-05T19:22:21.323077
R3,Ethernet0/2,,up,up,2026-03-03_1751,2026-03-05T19:22:21.323077
R3,Ethernet0/2,,up,up,2026-03-03_1940,2026-03-05T19:22:21.323077
R3,Ethernet0/2,,up,up,2026-03-04_1109,2026-03-05T19:22:21.323077
R3,Ethernet0/2,,up,up,2026-03-03_2009,2026-03-05T19:22:21.323077
R3,Ethernet0/2,unassigned,up,up,2026-03-02_1829,2026-03-05T19:22:21.323077
R3,Ethernet0/2,unassigned,up,up,2026-03-04_1124,2026-03-05T19:22:21.323077
R3,Ethernet0/2,unassigned,up,up,2026-03-05_1627,2026-03-05T19:22:21.323077
R3,Ethernet0/2,unassigned,up,up,2026-03-06_0246,2026-03-06T02:49:40.228626
R3,Ethernet0/2,unassigned,up,up,2026-03-04_1115,2026-03-05T19:22:21.323077
R3,Ethernet0/2,unassigned,up,up,2026-03-03_2009,2026-03-05T19:22:21.323077
R3,Ethernet0/2,unassigned,up,up,2026-03-06_0931,2026-03-06T09:34:51.762338
R3,Ethernet0/2,unassigned,up,up,2026-03-04_1109,2026-03-05T19:22:21.323077
R3,Ethernet0/2,unassigned,up,up,2026-03-03_1751,2026-03-05T19:22:21.323077
R3,Ethernet0/2,unassigned,up,up,2026-03-02_2110,2026-03-05T19:22:21.323077
R3,Ethernet0/2,unassigned,up,up,2026-03-02_1652,2026-03-05T19:22:21.323077
R3,Ethernet0/2,unassigned,up,up,2026-03-03_1746,2026-03-05T19:22:21.323077
R3,Ethernet0/2,unassigned,up,up,2026-03-02_1810,2026-03-05T19:22:21.323077
R3,Ethernet0/2,unassigned,up,up,2026-03-03_1951,2026-03-05T19:22:21.323077
R3,Ethernet0/2,unassigned,up,up,2026-03-02_2038,2026-03-05T19:22:21.323077
R3,Ethernet0/2,unassigned,up,up,2026-03-03_1754,2026-03-05T19:22:21.323077
R3,Ethernet0/2,unassigned,up,up,2026-03-05_1918,2026-03-05T19:22:21.323077
R3,Ethernet0/2,unassigned,up,up,2026-03-03_1940,2026-03-05T19:22:21.323077
R3,Ethernet0/2,unassigned,up,up,2026-03-03_1944,2026-03-05T19:22:21.323077
R3,Ethernet0/2,unassigned,up,up,2026-03-02_2246,2026-03-05T19:22:21.323077
R3,Ethernet0/2,unassigned,up,up,2026-03-05_1615,2026-03-05T19:22:21.323077
R3,Ethernet0/2,unassigned,up,up,2026-03-05_1559,2026-03-05T19:22:21.323077
R3,Ethernet0/2,unassigned,up,up,2026-03-02_2133,2026-03-05T19:22:21.323077
R3,Ethernet0/2,unassigned,up,up,2026-03-02_1717,2026-03-05T19:22:21.323077
R3,Ethernet0/2,unassigned,up,up,2026-03-02_2127,2026-03-05T19:22:21.323077
R3,Ethernet0/3,,up,up,2026-03-06_0246,2026-03-06T02:49:40.228626
R3,Ethernet0/3,,up,up,2026-03-05_1615,2026-03-05T19:22:21.323077
R3,Ethernet0/3,,up,up,2026-03-04_1124,2026-03-05T19:22:21.323077
R3,Ethernet0/3,,up,up,2026-03-03_1940,2026-03-05T19:22:21.323077
R3,Ethernet0/3,,up,up,2026-03-02_1829,2026-03-05T19:22:21.323077
R3,Ethernet0/3,,up,up,2026-03-05_1918,2026-03-05T19:22:21.323077
R3,Ethernet0/3,,up,up,2026-03-04_1109,2026-03-05T19:22:21.323077
R3,Ethernet0/3,,up,up,2026-03-03_1746,2026-03-05T19:22:21.323077
R3,Ethernet0/3,,up,up,2026-03-03_1754,2026-03-05T19:22:21.323077
R3,Ethernet0/3,,up,up,2026-03-04_1115,2026-03-05T19:22:21.323077
R3,Ethernet0/3,,up,up,2026-03-02_2110,2026-03-05T19:22:21.323077
R3,Ethernet0/3,,up,up,2026-03-03_1951,2026-03-05T19:22:21.323077
R3,Ethernet0/3,,up,up,2026-03-02_2038,2026-03-05T19:22:21.323077
R3,Ethernet0/3,,up,up,2026-03-02_1717,2026-03-05T19:22:21.323077
R3,Ethernet0/3,,up,up,2026-03-05_1627,2026-03-05T19:22:21.323077
R3,Ethernet0/3,,up,up,2026-03-02_2246,2026-03-05T19:22:21.323077
R3,Ethernet0/3,,up,up,2026-03-03_1944,2026-03-05T19:22:21.323077
R3,Ethernet0/3,,up,up,2026-03-02_2127,2026-03-05T19:22:21.323077
R3,Ethernet0/3,,up,up,2026-03-02_2133,2026-03-05T19:22:21.323077
R3,Ethernet0/3,,up,up,2026-03-02_1652,2026-03-05T19:22:21.323077
R3,Ethernet0/3,,up,up,2026-03-02_1810,2026-03-05T19:22:21.323077
R3,Ethernet0/3,,up,up,2026-03-06_0931,2026-03-06T09:34:51.762338
R3,Ethernet0/3,,up,up,2026-03-03_1751,2026-03-05T19:22:21.323077
R3,Ethernet0/3,,up,up,2026-03-05_1559,2026-03-05T19:22:21.323077
R3,Ethernet0/3,,up,up,2026-03-03_2009,2026-03-05T19:22:21.323077
R3,Ethernet0/3,192.168.100.103,up,up,2026-03-02_2127,2026-03-05T19:22:21.323077
R3,Ethernet0/3,192.168.100.103,up,up,2026-03-02_2246,2026-03-05T19:22:21.323077
R3,Ethernet0/3,192.168.100.103,up,up,2026-03-04_1124,2026-03-05T19:22:21.323077
R3,Ethernet0/3,192.168.100.103,up,up,2026-03-04_1115,2026-03-05T19:22:21.323077
R3,Ethernet0/3,192.168.100.103,up,up,2026-03-02_2133,2026-03-05T19:22:21.323077
R3,Ethernet0/3,192.168.100.103,up,up,2026-03-03_1754,2026-03-05T19:22:21.323077
R3,Ethernet0/3,192.168.100.103,up,up,2026-03-03_1944,2026-03-05T19:22:21.323077
R3,Ethernet0/3,192.168.100.103,up,up,2026-03-02_1717,2026-03-05T19:22:21.323077
R3,Ethernet0/3,192.168.100.103,up,up,2026-03-02_2038,2026-03-05T19:22:21.323077
R3,Ethernet0/3,192.168.100.103,up,up,2026-03-06_0931,2026-03-06T09:34:51.762338
R3,Ethernet0/3,192.168.100.103,up,up,2026-03-03_1746,2026-03-05T19:22:21.323077
R3,Ethernet0/3,192.168.100.103,up,up,2026-03-04_1109,2026-03-05T19:22:21.323077
R3,Ethernet0/3,192.168.100.103,up,up,2026-03-03_1751,2026-03-05T19:22:21.323077
R3,Ethernet0/3,192.168.100.103,up,up,2026-03-02_2110,2026-03-05T19:22:21.323077
R3,Ethernet0/3,192.168.100.103,up,up,2026-03-02_1652,2026-03-05T19:22:21.323077
R3,Ethernet0/3,192.168.100.103,up,up,2026-03-02_1810,2026-03-05T19:22:21.323077
R3,Ethernet0/3,192.168.100.103,up,up,2026-03-05_1918,2026-03-05T19:22:21.323077
R3,Ethernet0/3,192.168.100.103,up,up,2026-03-05_1627,2026-03-05T19:22:21.323077
R3,Ethernet0/3,192.168.100.103,up,up,2026-03-05_1559,2026-03-05T19:22:21.323077
R3,Ethernet0/3,192.168.100.103,up,up,2026-03-02_1829,2026-03-05T19:22:21.323077
R3,Ethernet0/3,192.168.100.103,up,up,2026-03-03_1940,2026-03-05T19:22:21.323077
R3,Ethernet0/3,192.168.100.103,up,up,2026-03-06_0246,2026-03-06T02:49:40.228626
R3,Ethernet0/3,192.168.100.103,up,up,2026-03-03_1951,2026-03-05T19:22:21.323077
R3,Ethernet0/3,192.168.100.103,up,up,2026-03-05_1615,2026-03-05T19:22:21.323077
R3,Ethernet0/3,192.168.100.103,up,up,2026-03-03_2009,2026-03-05T19:22:21.323077
R3,Lo0,,up,up,2026-03-02_2133,2026-03-05T19:22:21.323077
R3,Lo0,,up,up,2026-03-03_1951,2026-03-05T19:22:21.323077
R3,Lo0,,up,up,2026-03-02_2246,2026-03-05T19:22:21.323077
R3,Lo0,,up,up,2026-03-04_1109,2026-03-05T19:22:21.323077
R3,Lo0,,up,up,2026-03-05_1615,2026-03-05T19:22:21.323077
R3,Lo0,,up,up,2026-03-04_1115,2026-03-05T19:22:21.323077
R3,Lo0,,up,up,2026-03-05_1918,2026-03-05T19:22:21.323077
R3,Lo0,,up,up,2026-03-05_1627,2026-03-05T19:22:21.323077
R3,Lo0,,up,up,2026-03-02_2110,2026-03-05T19:22:21.323077
R3,Lo0,,up,up,2026-03-06_0931,2026-03-06T09:34:51.762338
R3,Lo0,,up,up,2026-03-05_1559,2026-03-05T19:22:21.323077
R3,Lo0,,up,up,2026-03-02_2127,2026-03-05T19:22:21.323077
R3,Lo0,,up,up,2026-03-02_1829,2026-03-05T19:22:21.323077
R3,Lo0,,up,up,2026-03-03_2009,2026-03-05T19:22:21.323077
R3,Lo0,,up,up,2026-03-02_1652,2026-03-05T19:22:21.323077
R3,Lo0,,up,up,2026-03-04_1124,2026-03-05T19:22:21.323077
R3,Lo0,,up,up,2026-03-03_1940,2026-03-05T19:22:21.323077
R3,Lo0,,up,up,2026-03-02_1810,2026-03-05T19:22:21.323077
R3,Lo0,,up,up,2026-03-03_1746,2026-03-05T19:22:21.323077
R3,Lo0,,up,up,2026-03-03_1754,2026-03-05T19:22:21.323077
R3,Lo0,,up,up,2026-03-03_1751,2026-03-05T19:22:21.323077
R3,Lo0,,up,up,2026-03-02_2038,2026-03-05T19:22:21.323077
R3,Lo0,,up,up,2026-03-06_0246,2026-03-06T02:49:40.228626
R3,Lo0,,up,up,2026-03-02_1717,2026-03-05T19:22:21.323077
R3,Lo0,,up,up,2026-03-03_1944,2026-03-05T19:22:21.323077
R3,Lo99,,up,up,2026-03-04_1115,2026-03-05T19:22:21.323077
R3,Lo99,,up,up,2026-03-03_1951,2026-03-05T19:22:21.323077
R3,Loopback0,,up,up,2026-03-02_1652,2026-03-05T19:22:21.323077
R3,Loopback0,,up,up,2026-03-03_1746,2026-03-05T19:22:21.323077
R3,Loopback0,,up,up,2026-03-02_1717,2026-03-05T19:22:21.323077
R3,Loopback0,,up,up,2026-03-04_1115,2026-03-05T19:22:21.323077
R3,Loopback0,,up,up,2026-03-03_1951,2026-03-05T19:22:21.323077
R3,Loopback0,,up,up,2026-03-03_1754,2026-03-05T19:22:21.323077
R3,Loopback0,,up,up,2026-03-02_1810,2026-03-05T19:22:21.323077
R3,Loopback0,,up,up,2026-03-03_1751,2026-03-05T19:22:21.323077
R3,Loopback0,,up,up,2026-03-04_1124,2026-03-05T19:22:21.323077
R3,Loopback0,,up,up,2026-03-03_1940,2026-03-05T19:22:21.323077
R3,Loopback0,,up,up,2026-03-02_2038,2026-03-05T19:22:21.323077
R3,Loopback0,,up,up,2026-03-04_1109,2026-03-05T19:22:21.323077
R3,Loopback0,,up,up,2026-03-05_1627,2026-03-05T19:22:21.323077
R3,Loopback0,,up,up,2026-03-05_1615,2026-03-05T19:22:21.323077
R3,Loopback0,,up,up,2026-03-02_2133,2026-03-05T19:22:21.323077
R3,Loopback0,,up,up,2026-03-06_0246,2026-03-06T02:49:40.228626
R3,Loopback0,,up,up,2026-03-05_1559,2026-03-05T19:22:21.323077
R3,Loopback0,,up,up,2026-03-02_2246,2026-03-05T19:22:21.323077
R3,Loopback0,,up,up,2026-03-05_1918,2026-03-05T19:22:21.323077
R3,Loopback0,,up,up,2026-03-02_2110,2026-03-05T19:22:21.323077
R3,Loopback0,,up,up,2026-03-06_0931,2026-03-06T09:34:51.762338
R3,Loopback0,,up,up,2026-03-03_1944,2026-03-05T19:22:21.323077
R3,Loopback0,,up,up,2026-03-02_1829,2026-03-05T19:22:21.323077
R3,Loopback0,,up,up,2026-03-03_2009,2026-03-05T19:22:21.323077
R3,Loopback0,,up,up,2026-03-02_2127,2026-03-05T19:22:21.323077
R3,Loopback0,3.3.3.3,up,up,2026-03-03_1746,2026-03-05T19:22:21.323077
R3,Loopback0,3.3.3.3,up,up,2026-03-02_1717,2026-03-05T19:22:21.323077
R3,Loopback0,3.3.3.3,up,up,2026-03-03_1951,2026-03-05T19:22:21.323077
R3,Loopback0,3.3.3.3,up,up,2026-03-06_0931,2026-03-06T09:34:51.762338
R3,Loopback0,3.3.3.3,up,up,2026-03-03_1754,2026-03-05T19:22:21.323077
R3,Loopback0,3.3.3.3,up,up,2026-03-06_0246,2026-03-06T02:49:40.228626
R3,Loopback0,3.3.3.3,up,up,2026-03-05_1615,2026-03-05T19:22:21.323077
R3,Loopback0,3.3.3.3,up,up,2026-03-02_2246,2026-03-05T19:22:21.323077
R3,Loopback0,3.3.3.3,up,up,2026-03-02_1829,2026-03-05T19:22:21.323077
R3,Loopback0,3.3.3.3,up,up,2026-03-05_1918,2026-03-05T19:22:21.323077
R3,Loopback0,3.3.3.3,up,up,2026-03-03_1751,2026-03-05T19:22:21.323077
R3,Loopback0,3.3.3.3,up,up,2026-03-02_1652,2026-03-05T19:22:21.323077
R3,Loopback0,3.3.3.3,up,up,2026-03-02_2127,2026-03-05T19:22:21.323077
R3,Loopback0,3.3.3.3,up,up,2026-03-04_1115,2026-03-05T19:22:21.323077
R3,Loopback0,3.3.3.3,up,up,2026-03-03_1940,2026-03-05T19:22:21.323077
R3,Loopback0,3.3.3.3,up,up,2026-03-03_2009,2026-03-05T19:22:21.323077
R3,Loopback0,3.3.3.3,up,up,2026-03-02_2110,2026-03-05T19:22:21.323077
R3,Loopback0,3.3.3.3,up,up,2026-03-05_1627,2026-03-05T19:22:21.323077
R3,Loopback0,3.3.3.3,up,up,2026-03-04_1124,2026-03-05T19:22:21.323077
R3,Loopback0,3.3.3.3,up,up,2026-03-03_1944,2026-03-05T19:22:21.323077
R3,Loopback0,3.3.3.3,up,up,2026-03-02_2133,2026-03-05T19:22:21.323077
R3,Loopback0,3.3.3.3,up,up,2026-03-05_1559,2026-03-05T19:22:21.323077
R3,Loopback0,3.3.3.3,up,up,2026-03-04_1109,2026-03-05T19:22:21.323077
R3,Loopback0,3.3.3.3,up,up,2026-03-02_1810,2026-03-05T19:22:21.323077
R3,Loopback0,3.3.3.3,up,up,2026-03-02_2038,2026-03-05T19:22:21.323077
R3,Loopback99,,up,up,2026-03-04_1115,2026-03-05T19:22:21.323077
R3,Loopback99,,up,up,2026-03-03_1951,2026-03-05T19:22:21.323077
R3,Loopback99,172.31.99.1,up,up,2026-03-03_1951,2026-03-05T19:22:21.323077
R3,Loopback99,172.31.99.1,up,up,2026-03-04_1115,2026-03-05T19:22:21.323077
R3,Vl10,,up,up,2026-03-02_2133,2026-03-05T19:22:21.323077
R3,Vl10,,up,up,2026-03-06_0246,2026-03-06T02:49:40.228626
R3,Vl10,,up,up,2026-03-02_2246,2026-03-05T19:22:21.323077
R3,Vl10,,up,up,2026-03-04_1109,2026-03-05T19:22:21.323077
R3,Vl10,,up,up,2026-03-05_1615,2026-03-05T19:22:21.323077
R3,Vl10,,up,up,2026-03-05_1918,2026-03-05T19:22:21.323077
R3,Vl10,,up,up,2026-03-02_2110,2026-03-05T19:22:21.323077
R3,Vl10,,up,up,2026-03-03_1944,2026-03-05T19:22:21.323077
R3,Vl10,,up,up,2026-03-05_1559,2026-03-05T19:22:21.323077
R3,Vl10,,up,up,2026-03-06_0931,2026-03-06T09:34:51.762338
R3,Vl10,,up,up,2026-03-02_2127,2026-03-05T19:22:21.323077
R3,Vl10,,up,up,2026-03-02_1829,2026-03-05T19:22:21.323077
R3,Vl10,,up,up,2026-03-03_2009,2026-03-05T19:22:21.323077
R3,Vl10,,up,up,2026-03-02_1652,2026-03-05T19:22:21.323077
R3,Vl10,,up,up,2026-03-04_1124,2026-03-05T19:22:21.323077
R3,Vl10,,up,up,2026-03-03_1940,2026-03-05T19:22:21.323077
R3,Vl10,,up,up,2026-03-03_1746,2026-03-05T19:22:21.323077
R3,Vl10,,up,up,2026-03-02_1810,2026-03-05T19:22:21.323077
R3,Vl10,,up,up,2026-03-03_1751,2026-03-05T19:22:21.323077
R3,Vl10,,up,up,2026-03-02_2038,2026-03-05T19:22:21.323077
R3,Vl10,,up,up,2026-03-03_1951,2026-03-05T19:22:21.323077
R3,Vl10,,up,up,2026-03-02_1717,2026-03-05T19:22:21.323077
R3,Vl10,,up,up,2026-03-03_1754,2026-03-05T19:22:21.323077
R3,Vl10,,up,up,2026-03-05_1627,2026-03-05T19:22:21.323077
R3,Vl10,,up,up,2026-03-04_1115,2026-03-05T19:22:21.323077
R3,Vlan10,,up,up,2026-03-02_1652,2026-03-05T19:22:21.323077
R3,Vlan10,,up,up,2026-03-06_0931,2026-03-06T09:34:51.762338
R3,Vlan10,,up,up,2026-03-03_1951,2026-03-05T19:22:21.323077
R3,Vlan10,,up,up,2026-03-04_1115,2026-03-05T19:22:21.323077
R3,Vlan10,,up,up,2026-03-02_1717,2026-03-05T19:22:21.323077
R3,Vlan10,,up,up,2026-03-02_2127,2026-03-05T19:22:21.323077
R3,Vlan10,,up,up,2026-03-03_1940,2026-03-05T19:22:21.323077
R3,Vlan10,,up,up,2026-03-03_1751,2026-03-05T19:22:21.323077
R3,Vlan10,,up,up,2026-03-04_1109,2026-03-05T19:22:21.323077
R3,Vlan10,,up,up,2026-03-02_2038,2026-03-05T19:22:21.323077
R3,Vlan10,,up,up,2026-03-05_1627,2026-03-05T19:22:21.323077
R3,Vlan10,,up,up,2026-03-05_1615,2026-03-05T19:22:21.323077
R3,Vlan10,,up,up,2026-03-06_0246,2026-03-06T02:49:40.228626
R3,Vlan10,,up,up,2026-03-02_2133,2026-03-05T19:22:21.323077
R3,Vlan10,,up,up,2026-03-02_2246,2026-03-05T19:22:21.323077
R3,Vlan10,,up,up,2026-03-05_1559,2026-03-05T19:22:21.323077
R3,Vlan10,,up,up,2026-03-02_2110,2026-03-05T19:22:21.323077
R3,Vlan10,,up,up,2026-03-05_1918,2026-03-05T19:22:21.323077
R3,Vlan10,,up,up,2026-03-03_1754,2026-03-05T19:22:21.323077
R3,Vlan10,,up,up,2026-03-03_1944,2026-03-05T19:22:21.323077
R3,Vlan10,,up,up,2026-03-02_1829,2026-03-05T19:22:21.323077
R3,Vlan10,,up,up,2026-03-03_2009,2026-03-05T19:22:21.323077
R3,Vlan10,,up,up,2026-03-03_1746,2026-03-05T19:22:21.323077
R3,Vlan10,,up,up,2026-03-02_1810,2026-03-05T19:22:21.323077
R3,Vlan10,,up,up,2026-03-04_1124,2026-03-05T19:22:21.323077
R3,Vlan10,192.168.10.254,up,up,2026-03-02_2246,2026-03-05T19:22:21.323077
R3,Vlan10,192.168.10.254,up,up,2026-03-02_2133,2026-03-05T19:22:21.323077
R3,Vlan10,192.168.10.254,up,up,2026-03-03_1746,2026-03-05T19:22:21.323077
R3,Vlan10,192.168.10.254,up,up,2026-03-03_1951,2026-03-05T19:22:21.323077
R3,Vlan10,192.168.10.254,up,up,2026-03-06_0246,2026-03-06T02:49:40.228626
R3,Vlan10,192.168.10.254,up,up,2026-03-03_1754,2026-03-05T19:22:21.323077
R3,Vlan10,192.168.10.254,up,up,2026-03-05_1615,2026-03-05T19:22:21.323077
R3,Vlan10,192.168.10.254,up,up,2026-03-05_1559,2026-03-05T19:22:21.323077
R3,Vlan10,192.168.10.254,up,up,2026-03-05_1918,2026-03-05T19:22:21.323077
R3,Vlan10,192.168.10.254,up,up,2026-03-02_1829,2026-03-05T19:22:21.323077
R3,Vlan10,192.168.10.254,up,up,2026-03-02_1652,2026-03-05T19:22:21.323077
R3,Vlan10,192.168.10.254,up,up,2026-03-03_1751,2026-03-05T19:22:21.323077
R3,Vlan10,192.168.10.254,up,up,2026-03-02_2127,2026-03-05T19:22:21.323077
R3,Vlan10,192.168.10.254,up,up,2026-03-04_1115,2026-03-05T19:22:21.323077
R3,Vlan10,192.168.10.254,up,up,2026-03-02_2110,2026-03-05T19:22:21.323077
R3,Vlan10,192.168.10.254,up,up,2026-03-03_2009,2026-03-05T19:22:21.323077
R3,Vlan10,192.168.10.254,up,up,2026-03-05_1627,2026-03-05T19:22:21.323077
R3,Vlan10,192.168.10.254,up,up,2026-03-04_1124,2026-03-05T19:22:21.323077
R3,Vlan10,192.168.10.254,up,up,2026-03-02_2038,2026-03-05T19:22:21.323077
R3,Vlan10,192.168.10.254,up,up,2026-03-06_0931,2026-03-06T09:34:51.762338
R3,Vlan10,192.168.10.254,up,up,2026-03-03_1944,2026-03-05T19:22:21.323077
R3,Vlan10,192.168.10.254,up,up,2026-03-02_1810,2026-03-05T19:22:21.323077
R3,Vlan10,192.168.10.254,up,up,2026-03-04_1109,2026-03-05T19:22:21.323077
R3,Vlan10,192.168.10.254,up,up,2026-03-02_1717,2026-03-05T19:22:21.323077
R3,Vlan10,192.168.10.254,up,up,2026-03-03_1940,2026-03-05T19:22:21.323077
R4,Et0/0,,up,up,2026-03-05_1559,2026-03-05T19:22:21.323077
R4,Et0/0,,up,up,2026-03-03_1746,2026-03-05T19:22:21.323077
R4,Et0/0,,up,up,2026-03-04_1124,2026-03-05T19:22:21.323077
R4,Et0/0,,up,up,2026-03-03_1940,2026-03-05T19:22:21.323077
R4,Et0/0,,up,up,2026-03-06_0931,2026-03-06T09:34:51.762338
R4,Et0/0,,up,up,2026-03-04_1109,2026-03-05T19:22:21.323077
R4,Et0/0,,up,up,2026-03-02_2127,2026-03-05T19:22:21.323077
R4,Et0/0,,up,up,2026-03-02_2133,2026-03-05T19:22:21.323077
R4,Et0/0,,up,up,2026-03-04_1115,2026-03-05T19:22:21.323077
R4,Et0/0,,up,up,2026-03-02_2246,2026-03-05T19:22:21.323077
R4,Et0/0,,up,up,2026-03-06_0246,2026-03-06T02:49:40.228626
R4,Et0/0,,up,up,2026-03-03_1754,2026-03-05T19:22:21.323077
R4,Et0/0,,up,up,2026-03-02_2110,2026-03-05T19:22:21.323077
R4,Et0/0,,up,up,2026-03-03_1951,2026-03-05T19:22:21.323077
R4,Et0/0,,up,up,2026-03-02_1717,2026-03-05T19:22:21.323077
R4,Et0/0,,up,up,2026-03-05_1918,2026-03-05T19:22:21.323077
R4,Et0/0,,up,up,2026-03-02_2038,2026-03-05T19:22:21.323077
R4,Et0/0,,up,up,2026-03-03_1751,2026-03-05T19:22:21.323077
R4,Et0/0,,up,up,2026-03-05_1615,2026-03-05T19:22:21.323077
R4,Et0/0,,up,up,2026-03-05_1627,2026-03-05T19:22:21.323077
R4,Et0/0,,up,up,2026-03-02_1810,2026-03-05T19:22:21.323077
R4,Et0/0,,up,up,2026-03-03_2009,2026-03-05T19:22:21.323077
R4,Et0/0,,up,up,2026-03-02_1652,2026-03-05T19:22:21.323077
R4,Et0/0,,up,up,2026-03-02_1829,2026-03-05T19:22:21.323077
R4,Et0/0,,up,up,2026-03-03_1944,2026-03-05T19:22:21.323077
R4,Et0/0,,,connected,2026-03-05_1559,2026-03-05T19:22:21.323077
R4,Et0/0,,,connected,2026-03-03_1944,2026-03-05T19:22:21.323077
R4,Et0/0,,,connected,2026-03-03_2009,2026-03-05T19:22:21.323077
R4,Et0/0,,,connected,2026-03-06_0931,2026-03-06T09:34:51.762338
R4,Et0/0,,,connected,2026-03-02_1652,2026-03-05T19:22:21.323077
R4,Et0/0,,,connected,2026-03-03_1951,2026-03-05T19:22:21.323077
R4,Et0/0,,,connected,2026-03-02_2246,2026-03-05T19:22:21.323077
R4,Et0/0,,,connected,2026-03-05_1918,2026-03-05T19:22:21.323077
R4,Et0/0,,,connected,2026-03-03_1746,2026-03-05T19:22:21.323077
R4,Et0/0,,,connected,2026-03-02_1810,2026-03-05T19:22:21.323077
R4,Et0/0,,,connected,2026-03-02_2110,2026-03-05T19:22:21.323077
R4,Et0/0,,,connected,2026-03-02_1717,2026-03-05T19:22:21.323077
R4,Et0/0,,,connected,2026-03-03_1754,2026-03-05T19:22:21.323077
R4,Et0/0,,,connected,2026-03-04_1124,2026-03-05T19:22:21.323077
R4,Et0/0,,,connected,2026-03-02_2127,2026-03-05T19:22:21.323077
R4,Et0/0,,,connected,2026-03-04_1115,2026-03-05T19:22:21.323077
R4,Et0/0,,,connected,2026-03-03_1751,2026-03-05T19:22:21.323077
R4,Et0/0,,,connected,2026-03-06_0246,2026-03-06T02:49:40.228626
R4,Et0/0,,,connected,2026-03-05_1615,2026-03-05T19:22:21.323077
R4,Et0/0,,,connected,2026-03-03_1940,2026-03-05T19:22:21.323077
R4,Et0/0,,,connected,2026-03-05_1627,2026-03-05T19:22:21.323077
R4,Et0/0,,,connected,2026-03-02_1829,2026-03-05T19:22:21.323077
R4,Et0/0,,,connected,2026-03-02_2038,2026-03-05T19:22:21.323077
R4,Et0/0,,,connected,2026-03-04_1109,2026-03-05T19:22:21.323077
R4,Et0/0,,,connected,2026-03-02_2133,2026-03-05T19:22:21.323077
R4,Et0/1,,up,up,2026-03-05_1627,2026-03-05T19:22:21.323077
R4,Et0/1,,up,up,2026-03-02_1652,2026-03-05T19:22:21.323077
R4,Et0/1,,up,up,2026-03-04_1124,2026-03-05T19:22:21.323077
R4,Et0/1,,up,up,2026-03-03_1944,2026-03-05T19:22:21.323077
R4,Et0/1,,up,up,2026-03-03_1940,2026-03-05T19:22:21.323077
R4,Et0/1,,up,up,2026-03-04_1115,2026-03-05T19:22:21.323077
R4,Et0/1,,up,up,2026-03-04_1109,2026-03-05T19:22:21.323077
R4,Et0/1,,up,up,2026-03-06_0931,2026-03-06T09:34:51.762338
R4,Et0/1,,up,up,2026-03-06_0246,2026-03-06T02:49:40.228626
R4,Et0/1,,up,up,2026-03-02_1829,2026-03-05T19:22:21.323077
R4,Et0/1,,up,up,2026-03-02_2246,2026-03-05T19:22:21.323077
R4,Et0/1,,up,up,2026-03-03_1754,2026-03-05T19:22:21.323077
R4,Et0/1,,up,up,2026-03-03_1951,2026-03-05T19:22:21.323077
R4,Et0/1,,up,up,2026-03-02_2133,2026-03-05T19:22:21.323077
R4,Et0/1,,up,up,2026-03-03_1746,2026-03-05T19:22:21.323077
R4,Et0/1,,up,up,2026-03-02_2110,2026-03-05T19:22:21.323077
R4,Et0/1,,up,up,2026-03-02_1717,2026-03-05T19:22:21.323077
R4,Et0/1,,up,up,2026-03-05_1559,2026-03-05T19:22:21.323077
R4,Et0/1,,up,up,2026-03-03_2009,2026-03-05T19:22:21.323077
R4,Et0/1,,up,up,2026-03-02_1810,2026-03-05T19:22:21.323077
R4,Et0/1,,up,up,2026-03-05_1615,2026-03-05T19:22:21.323077
R4,Et0/1,,up,up,2026-03-02_2038,2026-03-05T19:22:21.323077
R4,Et0/1,,up,up,2026-03-03_1751,2026-03-05T19:22:21.323077
R4,Et0/1,,up,up,2026-03-05_1918,2026-03-05T19:22:21.323077
R4,Et0/1,,up,up,2026-03-02_2127,2026-03-05T19:22:21.323077
R4,Et0/1,,,connected,2026-03-06_0246,2026-03-06T02:49:40.228626
R4,Et0/1,,,connected,2026-03-06_0931,2026-03-06T09:34:51.762338
R4,Et0/1,,,connected,2026-03-02_2133,2026-03-05T19:22:21.323077
R4,Et0/1,,,connected,2026-03-05_1627,2026-03-05T19:22:21.323077
R4,Et0/1,,,connected,2026-03-02_1810,2026-03-05T19:22:21.323077
R4,Et0/1,,,connected,2026-03-03_2009,2026-03-05T19:22:21.323077
R4,Et0/1,,,connected,2026-03-05_1559,2026-03-05T19:22:21.323077
R4,Et0/1,,,connected,2026-03-03_1754,2026-03-05T19:22:21.323077
R4,Et0/1,,,connected,2026-03-02_2110,2026-03-05T19:22:21.323077
R4,Et0/1,,,connected,2026-03-02_2038,2026-03-05T19:22:21.323077
R4,Et0/1,,,connected,2026-03-02_1717,2026-03-05T19:22:21.323077
R4,Et0/1,,,connected,2026-03-05_1918,2026-03-05T19:22:21.323077
R4,Et0/1,,,connected,2026-03-02_1829,2026-03-05T19:22:21.323077
R4,Et0/1,,,connected,2026-03-03_1746,2026-03-05T19:22:21.323077
R4,Et0/1,,,connected,2026-03-04_1115,2026-03-05T19:22:21.323077
R4,Et0/1,,,connected,2026-03-03_1940,2026-03-05T19:22:21.323077
R4,Et0/1,,,connected,2026-03-04_1124,2026-03-05T19:22:21.323077
R4,Et0/1,,,connected,2026-03-03_1951,2026-03-05T19:22:21.323077
R4,Et0/1,,,connected,2026-03-04_1109,2026-03-05T19:22:21.323077
R4,Et0/1,,,connected,2026-03-02_2127,2026-03-05T19:22:21.323077
R4,Et0/1,,,connected,2026-03-02_2246,2026-03-05T19:22:21.323077
R4,Et0/1,,,connected,2026-03-05_1615,2026-03-05T19:22:21.323077
R4,Et0/1,,,connected,2026-03-02_1652,2026-03-05T19:22:21.323077
R4,Et0/1,,,connected,2026-03-03_1944,2026-03-05T19:22:21.323077
R4,Et0/1,,,connected,2026-03-03_1751,2026-03-05T19:22:21.323077
R4,Et0/2,,up,up,2026-03-06_0246,2026-03-06T02:49:40.228626
R4,Et0/2,,up,up,2026-03-02_2246,2026-03-05T19:22:21.323077
R4,Et0/2,,up,up,2026-03-06_0931,2026-03-06T09:34:51.762338
R4,Et0/2,,up,up,2026-03-05_1918,2026-03-05T19:22:21.323077
R4,Et0/2,,up,up,2026-03-04_1124,2026-03-05T19:22:21.323077
R4,Et0/2,,up,up,2026-03-02_2038,2026-03-05T19:22:21.323077
R4,Et0/2,,up,up,2026-03-05_1615,2026-03-05T19:22:21.323077
R4,Et0/2,,up,up,2026-03-05_1559,2026-03-05T19:22:21.323077
R4,Et0/2,,up,up,2026-03-03_1751,2026-03-05T19:22:21.323077
R4,Et0/2,,up,up,2026-03-03_1944,2026-03-05T19:22:21.323077
R4,Et0/2,,up,up,2026-03-02_1810,2026-03-05T19:22:21.323077
R4,Et0/2,,up,up,2026-03-05_1627,2026-03-05T19:22:21.323077
R4,Et0/2,,up,up,2026-03-04_1115,2026-03-05T19:22:21.323077
R4,Et0/2,,up,up,2026-03-02_2133,2026-03-05T19:22:21.323077
R4,Et0/2,,up,up,2026-03-02_1717,2026-03-05T19:22:21.323077
R4,Et0/2,,up,up,2026-03-04_1109,2026-03-05T19:22:21.323077
R4,Et0/2,,up,up,2026-03-03_1940,2026-03-05T19:22:21.323077
R4,Et0/2,,up,up,2026-03-02_2127,2026-03-05T19:22:21.323077
R4,Et0/2,,up,up,2026-03-03_2009,2026-03-05T19:22:21.323077
R4,Et0/2,,up,up,2026-03-02_1829,2026-03-05T19:22:21.323077
R4,Et0/2,,up,up,2026-03-02_2110,2026-03-05T19:22:21.323077
R4,Et0/2,,up,up,2026-03-02_1652,2026-03-05T19:22:21.323077
R4,Et0/2,,up,up,2026-03-03_1746,2026-03-05T19:22:21.323077
R4,Et0/2,,up,up,2026-03-03_1951,2026-03-05T19:22:21.323077
R4,Et0/2,,up,up,2026-03-03_1754,2026-03-05T19:22:21.323077
R4,Et0/2,,,connected,2026-03-02_1652,2026-03-05T19:22:21.323077
R4,Et0/2,,,connected,2026-03-02_2133,2026-03-05T19:22:21.323077
R4,Et0/2,,,connected,2026-03-05_1627,2026-03-05T19:22:21.323077
R4,Et0/2,,,connected,2026-03-04_1115,2026-03-05T19:22:21.323077
R4,Et0/2,,,connected,2026-03-03_1944,2026-03-05T19:22:21.323077
R4,Et0/2,,,connected,2026-03-06_0931,2026-03-06T09:34:51.762338
R4,Et0/2,,,connected,2026-03-03_1951,2026-03-05T19:22:21.323077
R4,Et0/2,,,connected,2026-03-05_1615,2026-03-05T19:22:21.323077
R4,Et0/2,,,connected,2026-03-02_2127,2026-03-05T19:22:21.323077
R4,Et0/2,,,connected,2026-03-04_1109,2026-03-05T19:22:21.323077
R4,Et0/2,,,connected,2026-03-03_1746,2026-03-05T19:22:21.323077
R4,Et0/2,,,connected,2026-03-02_2246,2026-03-05T19:22:21.323077
R4,Et0/2,,,connected,2026-03-04_1124,2026-03-05T19:22:21.323077
R4,Et0/2,,,connected,2026-03-03_1751,2026-03-05T19:22:21.323077
R4,Et0/2,,,connected,2026-03-03_1940,2026-03-05T19:22:21.323077
R4,Et0/2,,,connected,2026-03-02_1829,2026-03-05T19:22:21.323077
R4,Et0/2,,,connected,2026-03-02_1717,2026-03-05T19:22:21.323077
R4,Et0/2,,,connected,2026-03-02_1810,2026-03-05T19:22:21.323077
R4,Et0/2,,,connected,2026-03-02_2038,2026-03-05T19:22:21.323077
R4,Et0/2,,,connected,2026-03-02_2110,2026-03-05T19:22:21.323077
R4,Et0/2,,,connected,2026-03-05_1918,2026-03-05T19:22:21.323077
R4,Et0/2,,,connected,2026-03-03_1754,2026-03-05T19:22:21.323077
R4,Et0/2,,,connected,2026-03-05_1559,2026-03-05T19:22:21.323077
R4,Et0/2,,,connected,2026-03-03_2009,2026-03-05T19:22:21.323077
R4,Et0/2,,,connected,2026-03-06_0246,2026-03-06T02:49:40.228626
R4,Et0/3,,up,up,2026-03-02_2110,2026-03-05T19:22:21.323077
R4,Et0/3,,up,up,2026-03-05_1918,2026-03-05T19:22:21.323077
R4,Et0/3,,up,up,2026-03-03_1754,2026-03-05T19:22:21.323077
R4,Et0/3,,up,up,2026-03-03_1951,2026-03-05T19:22:21.323077
R4,Et0/3,,up,up,2026-03-06_0931,2026-03-06T09:34:51.762338
R4,Et0/3,,up,up,2026-03-03_1746,2026-03-05T19:22:21.323077
R4,Et0/3,,up,up,2026-03-03_1940,2026-03-05T19:22:21.323077
R4,Et0/3,,up,up,2026-03-02_1829,2026-03-05T19:22:21.323077
R4,Et0/3,,up,up,2026-03-05_1627,2026-03-05T19:22:21.323077
R4,Et0/3,,up,up,2026-03-02_2127,2026-03-05T19:22:21.323077
R4,Et0/3,,up,up,2026-03-05_1559,2026-03-05T19:22:21.323077
R4,Et0/3,,up,up,2026-03-03_2009,2026-03-05T19:22:21.323077
R4,Et0/3,,up,up,2026-03-02_1717,2026-03-05T19:22:21.323077
R4,Et0/3,,up,up,2026-03-04_1109,2026-03-05T19:22:21.323077
R4,Et0/3,,up,up,2026-03-03_1944,2026-03-05T19:22:21.323077
R4,Et0/3,,up,up,2026-03-02_2038,2026-03-05T19:22:21.323077
R4,Et0/3,,up,up,2026-03-03_1751,2026-03-05T19:22:21.323077
R4,Et0/3,,up,up,2026-03-04_1115,2026-03-05T19:22:21.323077
R4,Et0/3,,up,up,2026-03-05_1615,2026-03-05T19:22:21.323077
R4,Et0/3,,up,up,2026-03-02_1810,2026-03-05T19:22:21.323077
R4,Et0/3,,up,up,2026-03-06_0246,2026-03-06T02:49:40.228626
R4,Et0/3,,up,up,2026-03-04_1124,2026-03-05T19:22:21.323077
R4,Et0/3,,up,up,2026-03-02_2133,2026-03-05T19:22:21.323077
R4,Et0/3,,up,up,2026-03-02_1652,2026-03-05T19:22:21.323077
R4,Et0/3,,up,up,2026-03-02_2246,2026-03-05T19:22:21.323077
R4,Et0/3,,,connected,2026-03-04_1124,2026-03-05T19:22:21.323077
R4,Et0/3,,,connected,2026-03-03_2009,2026-03-05T19:22:21.323077
R4,Et0/3,,,connected,2026-03-02_1717,2026-03-05T19:22:21.323077
R4,Et0/3,,,connected,2026-03-02_1810,2026-03-05T19:22:21.323077
R4,Et0/3,,,connected,2026-03-02_2133,2026-03-05T19:22:21.323077
R4,Et0/3,,,connected,2026-03-02_1652,2026-03-05T19:22:21.323077
R4,Et0/3,,,connected,2026-03-03_1754,2026-03-05T19:22:21.323077
R4,Et0/3,,,connected,2026-03-05_1627,2026-03-05T19:22:21.323077
R4,Et0/3,,,connected,2026-03-02_2127,2026-03-05T19:22:21.323077
R4,Et0/3,,,connected,2026-03-03_1951,2026-03-05T19:22:21.323077
R4,Et0/3,,,connected,2026-03-03_1746,2026-03-05T19:22:21.323077
R4,Et0/3,,,connected,2026-03-03_1944,2026-03-05T19:22:21.323077
R4,Et0/3,,,connected,2026-03-06_0246,2026-03-06T02:49:40.228626
R4,Et0/3,,,connected,2026-03-06_0931,2026-03-06T09:34:51.762338
R4,Et0/3,,,connected,2026-03-05_1615,2026-03-05T19:22:21.323077
R4,Et0/3,,,connected,2026-03-04_1109,2026-03-05T19:22:21.323077
R4,Et0/3,,,connected,2026-03-02_2246,2026-03-05T19:22:21.323077
R4,Et0/3,,,connected,2026-03-04_1115,2026-03-05T19:22:21.323077
R4,Et0/3,,,connected,2026-03-03_1940,2026-03-05T19:22:21.323077
R4,Et0/3,,,connected,2026-03-02_1829,2026-03-05T19:22:21.323077
R4,Et0/3,,,connected,2026-03-02_2038,2026-03-05T19:22:21.323077
R4,Et0/3,,,connected,2026-03-05_1918,2026-03-05T19:22:21.323077
R4,Et0/3,,,connected,2026-03-05_1559,2026-03-05T19:22:21.323077
R4,Et0/3,,,connected,2026-03-03_1751,2026-03-05T19:22:21.323077
R4,Et0/3,,,connected,2026-03-02_2110,2026-03-05T19:22:21.323077
R4,Ethernet0/0,,up,up,2026-03-02_1652,2026-03-05T19:22:21.323077
R4,Ethernet0/0,,up,up,2026-03-03_1754,2026-03-05T19:22:21.323077
R4,Ethernet0/0,,up,up,2026-03-03_2009,2026-03-05T19:22:21.323077
R4,Ethernet0/0,,up,up,2026-03-02_1810,2026-03-05T19:22:21.323077
R4,Ethernet0/0,,up,up,2026-03-03_1940,2026-03-05T19:22:21.323077
R4,Ethernet0/0,,up,up,2026-03-02_2246,2026-03-05T19:22:21.323077
R4,Ethernet0/0,,up,up,2026-03-02_1717,2026-03-05T19:22:21.323077
R4,Ethernet0/0,,up,up,2026-03-02_1829,2026-03-05T19:22:21.323077
R4,Ethernet0/0,,up,up,2026-03-05_1918,2026-03-05T19:22:21.323077
R4,Ethernet0/0,,up,up,2026-03-02_2133,2026-03-05T19:22:21.323077
R4,Ethernet0/0,,up,up,2026-03-04_1124,2026-03-05T19:22:21.323077
R4,Ethernet0/0,,up,up,2026-03-02_2038,2026-03-05T19:22:21.323077
R4,Ethernet0/0,,up,up,2026-03-05_1559,2026-03-05T19:22:21.323077
R4,Ethernet0/0,,up,up,2026-03-02_2127,2026-03-05T19:22:21.323077
R4,Ethernet0/0,,up,up,2026-03-03_1944,2026-03-05T19:22:21.323077
R4,Ethernet0/0,,up,up,2026-03-06_0246,2026-03-06T02:49:40.228626
R4,Ethernet0/0,,up,up,2026-03-06_0931,2026-03-06T09:34:51.762338
R4,Ethernet0/0,,up,up,2026-03-04_1109,2026-03-05T19:22:21.323077
R4,Ethernet0/0,,up,up,2026-03-03_1751,2026-03-05T19:22:21.323077
R4,Ethernet0/0,,up,up,2026-03-02_2110,2026-03-05T19:22:21.323077
R4,Ethernet0/0,,up,up,2026-03-03_1746,2026-03-05T19:22:21.323077
R4,Ethernet0/0,,up,up,2026-03-04_1115,2026-03-05T19:22:21.323077
R4,Ethernet0/0,,up,up,2026-03-03_1951,2026-03-05T19:22:21.323077
R4,Ethernet0/0,,up,up,2026-03-05_1627,2026-03-05T19:22:21.323077
R4,Ethernet0/0,,up,up,2026-03-05_1615,2026-03-05T19:22:21.323077
R4,Ethernet0/0,10.1.24.4,up,up,2026-03-02_1717,2026-03-05T19:22:21.323077
R4,Ethernet0/0,10.1.24.4,up,up,2026-03-04_1124,2026-03-05T19:22:21.323077
R4,Ethernet0/0,10.1.24.4,up,up,2026-03-03_1746,2026-03-05T19:22:21.323077
R4,Ethernet0/0,10.1.24.4,up,up,2026-03-05_1615,2026-03-05T19:22:21.323077
R4,Ethernet0/0,10.1.24.4,up,up,2026-03-06_0931,2026-03-06T09:34:51.762338
R4,Ethernet0/0,10.1.24.4,up,up,2026-03-02_2038,2026-03-05T19:22:21.323077
R4,Ethernet0/0,10.1.24.4,up,up,2026-03-02_2133,2026-03-05T19:22:21.323077
R4,Ethernet0/0,10.1.24.4,up,up,2026-03-02_2110,2026-03-05T19:22:21.323077
R4,Ethernet0/0,10.1.24.4,up,up,2026-03-06_0246,2026-03-06T02:49:40.228626
R4,Ethernet0/0,10.1.24.4,up,up,2026-03-03_1944,2026-03-05T19:22:21.323077
R4,Ethernet0/0,10.1.24.4,up,up,2026-03-04_1115,2026-03-05T19:22:21.323077
R4,Ethernet0/0,10.1.24.4,up,up,2026-03-02_1652,2026-03-05T19:22:21.323077
R4,Ethernet0/0,10.1.24.4,up,up,2026-03-03_1751,2026-03-05T19:22:21.323077
R4,Ethernet0/0,10.1.24.4,up,up,2026-03-02_2246,2026-03-05T19:22:21.323077
R4,Ethernet0/0,10.1.24.4,up,up,2026-03-03_1940,2026-03-05T19:22:21.323077
R4,Ethernet0/0,10.1.24.4,up,up,2026-03-02_2127,2026-03-05T19:22:21.323077
R4,Ethernet0/0,10.1.24.4,up,up,2026-03-05_1559,2026-03-05T19:22:21.323077
R4,Ethernet0/0,10.1.24.4,up,up,2026-03-03_1754,2026-03-05T19:22:21.323077
R4,Ethernet0/0,10.1.24.4,up,up,2026-03-02_1829,2026-03-05T19:22:21.323077
R4,Ethernet0/0,10.1.24.4,up,up,2026-03-02_1810,2026-03-05T19:22:21.323077
R4,Ethernet0/0,10.1.24.4,up,up,2026-03-04_1109,2026-03-05T19:22:21.323077
R4,Ethernet0/0,10.1.24.4,up,up,2026-03-05_1627,2026-03-05T19:22:21.323077
R4,Ethernet0/0,10.1.24.4,up,up,2026-03-05_1918,2026-03-05T19:22:21.323077
R4,Ethernet0/0,10.1.24.4,up,up,2026-03-03_1951,2026-03-05T19:22:21.323077
R4,Ethernet0/0,10.1.24.4,up,up,2026-03-03_2009,2026-03-05T19:22:21.323077
R4,Ethernet0/1,,up,up,2026-03-03_1751,2026-03-05T19:22:21.323077
R4,Ethernet0/1,,up,up,2026-03-06_0931,2026-03-06T09:34:51.762338
R4,Ethernet0/1,,up,up,2026-03-02_1829,2026-03-05T19:22:21.323077
R4,Ethernet0/1,,up,up,2026-03-04_1109,2026-03-05T19:22:21.323077
R4,Ethernet0/1,,up,up,2026-03-03_2009,2026-03-05T19:22:21.323077
R4,Ethernet0/1,,up,up,2026-03-02_2110,2026-03-05T19:22:21.323077
R4,Ethernet0/1,,up,up,2026-03-05_1615,2026-03-05T19:22:21.323077
R4,Ethernet0/1,,up,up,2026-03-02_1810,2026-03-05T19:22:21.323077
R4,Ethernet0/1,,up,up,2026-03-03_1951,2026-03-05T19:22:21.323077
R4,Ethernet0/1,,up,up,2026-03-02_1652,2026-03-05T19:22:21.323077
R4,Ethernet0/1,,up,up,2026-03-04_1115,2026-03-05T19:22:21.323077
R4,Ethernet0/1,,up,up,2026-03-03_1940,2026-03-05T19:22:21.323077
R4,Ethernet0/1,,up,up,2026-03-02_2246,2026-03-05T19:22:21.323077
R4,Ethernet0/1,,up,up,2026-03-02_1717,2026-03-05T19:22:21.323077
R4,Ethernet0/1,,up,up,2026-03-05_1918,2026-03-05T19:22:21.323077
R4,Ethernet0/1,,up,up,2026-03-03_1746,2026-03-05T19:22:21.323077
R4,Ethernet0/1,,up,up,2026-03-02_2133,2026-03-05T19:22:21.323077
R4,Ethernet0/1,,up,up,2026-03-02_2038,2026-03-05T19:22:21.323077
R4,Ethernet0/1,,up,up,2026-03-05_1627,2026-03-05T19:22:21.323077
R4,Ethernet0/1,,up,up,2026-03-04_1124,2026-03-05T19:22:21.323077
R4,Ethernet0/1,,up,up,2026-03-02_2127,2026-03-05T19:22:21.323077
R4,Ethernet0/1,,up,up,2026-03-03_1944,2026-03-05T19:22:21.323077
R4,Ethernet0/1,,up,up,2026-03-06_0246,2026-03-06T02:49:40.228626
R4,Ethernet0/1,,up,up,2026-03-03_1754,2026-03-05T19:22:21.323077
R4,Ethernet0/1,,up,up,2026-03-05_1559,2026-03-05T19:22:21.323077
R4,Ethernet0/1,unassigned,up,up,2026-03-03_1746,2026-03-05T19:22:21.323077
R4,Ethernet0/1,unassigned,up,up,2026-03-02_2133,2026-03-05T19:22:21.323077
R4,Ethernet0/1,unassigned,up,up,2026-03-02_2110,2026-03-05T19:22:21.323077
R4,Ethernet0/1,unassigned,up,up,2026-03-05_1615,2026-03-05T19:22:21.323077
R4,Ethernet0/1,unassigned,up,up,2026-03-02_2127,2026-03-05T19:22:21.323077
R4,Ethernet0/1,unassigned,up,up,2026-03-06_0931,2026-03-06T09:34:51.762338
R4,Ethernet0/1,unassigned,up,up,2026-03-02_1810,2026-03-05T19:22:21.323077
R4,Ethernet0/1,unassigned,up,up,2026-03-03_2009,2026-03-05T19:22:21.323077
R4,Ethernet0/1,unassigned,up,up,2026-03-02_2038,2026-03-05T19:22:21.323077
R4,Ethernet0/1,unassigned,up,up,2026-03-03_1754,2026-03-05T19:22:21.323077
R4,Ethernet0/1,unassigned,up,up,2026-03-06_0246,2026-03-06T02:49:40.228626
R4,Ethernet0/1,unassigned,up,up,2026-03-03_1951,2026-03-05T19:22:21.323077
R4,Ethernet0/1,unassigned,up,up,2026-03-03_1751,2026-03-05T19:22:21.323077
R4,Ethernet0/1,unassigned,up,up,2026-03-04_1109,2026-03-05T19:22:21.323077
R4,Ethernet0/1,unassigned,up,up,2026-03-03_1944,2026-03-05T19:22:21.323077
R4,Ethernet0/1,unassigned,up,up,2026-03-02_1717,2026-03-05T19:22:21.323077
R4,Ethernet0/1,unassigned,up,up,2026-03-05_1918,2026-03-05T19:22:21.323077
R4,Ethernet0/1,unassigned,up,up,2026-03-05_1627,2026-03-05T19:22:21.323077
R4,Ethernet0/1,unassigned,up,up,2026-03-04_1115,2026-03-05T19:22:21.323077
R4,Ethernet0/1,unassigned,up,up,2026-03-02_1652,2026-03-05T19:22:21.323077
R4,Ethernet0/1,unassigned,up,up,2026-03-04_1124,2026-03-05T19:22:21.323077
R4,Ethernet0/1,unassigned,up,up,2026-03-02_1829,2026-03-05T19:22:21.323077
R4,Ethernet0/1,unassigned,up,up,2026-03-02_2246,2026-03-05T19:22:21.323077
R4,Ethernet0/1,unassigned,up,up,2026-03-05_1559,2026-03-05T19:22:21.323077
R4,Ethernet0/1,unassigned,up,up,2026-03-03_1940,2026-03-05T19:22:21.323077
R4,Ethernet0/2,,up,up,2026-03-02_1717,2026-03-05T19:22:21.323077
R4,Ethernet0/2,,up,up,2026-03-02_2133,2026-03-05T19:22:21.323077
R4,Ethernet0/2,,up,up,2026-03-02_1810,2026-03-05T19:22:21.323077
R4,Ethernet0/2,,up,up,2026-03-03_1751,2026-03-05T19:22:21.323077
R4,Ethernet0/2,,up,up,2026-03-02_1829,2026-03-05T19:22:21.323077
R4,Ethernet0/2,,up,up,2026-03-06_0246,2026-03-06T02:49:40.228626
R4,Ethernet0/2,,up,up,2026-03-03_2009,2026-03-05T19:22:21.323077
R4,Ethernet0/2,,up,up,2026-03-03_1754,2026-03-05T19:22:21.323077
R4,Ethernet0/2,,up,up,2026-03-02_2110,2026-03-05T19:22:21.323077
R4,Ethernet0/2,,up,up,2026-03-03_1944,2026-03-05T19:22:21.323077
R4,Ethernet0/2,,up,up,2026-03-06_0931,2026-03-06T09:34:51.762338
R4,Ethernet0/2,,up,up,2026-03-05_1559,2026-03-05T19:22:21.323077
R4,Ethernet0/2,,up,up,2026-03-05_1615,2026-03-05T19:22:21.323077
R4,Ethernet0/2,,up,up,2026-03-02_2127,2026-03-05T19:22:21.323077
R4,Ethernet0/2,,up,up,2026-03-04_1115,2026-03-05T19:22:21.323077
R4,Ethernet0/2,,up,up,2026-03-03_1940,2026-03-05T19:22:21.323077
R4,Ethernet0/2,,up,up,2026-03-02_2246,2026-03-05T19:22:21.323077
R4,Ethernet0/2,,up,up,2026-03-03_1951,2026-03-05T19:22:21.323077
R4,Ethernet0/2,,up,up,2026-03-02_1652,2026-03-05T19:22:21.323077
R4,Ethernet0/2,,up,up,2026-03-04_1124,2026-03-05T19:22:21.323077
R4,Ethernet0/2,,up,up,2026-03-03_1746,2026-03-05T19:22:21.323077
R4,Ethernet0/2,,up,up,2026-03-05_1627,2026-03-05T19:22:21.323077
R4,Ethernet0/2,,up,up,2026-03-02_2038,2026-03-05T19:22:21.323077
R4,Ethernet0/2,,up,up,2026-03-05_1918,2026-03-05T19:22:21.323077
R4,Ethernet0/2,,up,up,2026-03-04_1109,2026-03-05T19:22:21.323077
R4,Ethernet0/2,unassigned,up,up,2026-03-05_1559,2026-03-05T19:22:21.323077
R4,Ethernet0/2,unassigned,up,up,2026-03-03_1751,2026-03-05T19:22:21.323077
R4,Ethernet0/2,unassigned,up,up,2026-03-02_1829,2026-03-05T19:22:21.323077
R4,Ethernet0/2,unassigned,up,up,2026-03-04_1124,2026-03-05T19:22:21.323077
R4,Ethernet0/2,unassigned,up,up,2026-03-02_2110,2026-03-05T19:22:21.323077
R4,Ethernet0/2,unassigned,up,up,2026-03-02_2133,2026-03-05T19:22:21.323077
R4,Ethernet0/2,unassigned,up,up,2026-03-03_1940,2026-03-05T19:22:21.323077
R4,Ethernet0/2,unassigned,up,up,2026-03-05_1615,2026-03-05T19:22:21.323077
R4,Ethernet0/2,unassigned,up,up,2026-03-03_2009,2026-03-05T19:22:21.323077
R4,Ethernet0/2,unassigned,up,up,2026-03-06_0931,2026-03-06T09:34:51.762338
R4,Ethernet0/2,unassigned,up,up,2026-03-04_1109,2026-03-05T19:22:21.323077
R4,Ethernet0/2,unassigned,up,up,2026-03-02_1810,2026-03-05T19:22:21.323077
R4,Ethernet0/2,unassigned,up,up,2026-03-02_2246,2026-03-05T19:22:21.323077
R4,Ethernet0/2,unassigned,up,up,2026-03-03_1746,2026-03-05T19:22:21.323077
R4,Ethernet0/2,unassigned,up,up,2026-03-02_2038,2026-03-05T19:22:21.323077
R4,Ethernet0/2,unassigned,up,up,2026-03-02_1652,2026-03-05T19:22:21.323077
R4,Ethernet0/2,unassigned,up,up,2026-03-02_2127,2026-03-05T19:22:21.323077
R4,Ethernet0/2,unassigned,up,up,2026-03-02_1717,2026-03-05T19:22:21.323077
R4,Ethernet0/2,unassigned,up,up,2026-03-04_1115,2026-03-05T19:22:21.323077
R4,Ethernet0/2,unassigned,up,up,2026-03-03_1754,2026-03-05T19:22:21.323077
R4,Ethernet0/2,unassigned,up,up,2026-03-05_1627,2026-03-05T19:22:21.323077
R4,Ethernet0/2,unassigned,up,up,2026-03-03_1944,2026-03-05T19:22:21.323077
R4,Ethernet0/2,unassigned,up,up,2026-03-06_0246,2026-03-06T02:49:40.228626
R4,Ethernet0/2,unassigned,up,up,2026-03-03_1951,2026-03-05T19:22:21.323077
R4,Ethernet0/2,unassigned,up,up,2026-03-05_1918,2026-03-05T19:22:21.323077
R4,Ethernet0/3,,up,up,2026-03-03_1746,2026-03-05T19:22:21.323077
R4,Ethernet0/3,,up,up,2026-03-02_1717,2026-03-05T19:22:21.323077
R4,Ethernet0/3,,up,up,2026-03-02_2038,2026-03-05T19:22:21.323077
R4,Ethernet0/3,,up,up,2026-03-04_1124,2026-03-05T19:22:21.323077
R4,Ethernet0/3,,up,up,2026-03-03_1951,2026-03-05T19:22:21.323077
R4,Ethernet0/3,,up,up,2026-03-05_1918,2026-03-05T19:22:21.323077
R4,Ethernet0/3,,up,up,2026-03-06_0931,2026-03-06T09:34:51.762338
R4,Ethernet0/3,,up,up,2026-03-02_2133,2026-03-05T19:22:21.323077
R4,Ethernet0/3,,up,up,2026-03-04_1115,2026-03-05T19:22:21.323077
R4,Ethernet0/3,,up,up,2026-03-02_2127,2026-03-05T19:22:21.323077
R4,Ethernet0/3,,up,up,2026-03-02_2110,2026-03-05T19:22:21.323077
R4,Ethernet0/3,,up,up,2026-03-02_1652,2026-03-05T19:22:21.323077
R4,Ethernet0/3,,up,up,2026-03-04_1109,2026-03-05T19:22:21.323077
R4,Ethernet0/3,,up,up,2026-03-03_1754,2026-03-05T19:22:21.323077
R4,Ethernet0/3,,up,up,2026-03-03_1944,2026-03-05T19:22:21.323077
R4,Ethernet0/3,,up,up,2026-03-03_2009,2026-03-05T19:22:21.323077
R4,Ethernet0/3,,up,up,2026-03-05_1627,2026-03-05T19:22:21.323077
R4,Ethernet0/3,,up,up,2026-03-05_1615,2026-03-05T19:22:21.323077
R4,Ethernet0/3,,up,up,2026-03-05_1559,2026-03-05T19:22:21.323077
R4,Ethernet0/3,,up,up,2026-03-02_1810,2026-03-05T19:22:21.323077
R4,Ethernet0/3,,up,up,2026-03-03_1751,2026-03-05T19:22:21.323077
R4,Ethernet0/3,,up,up,2026-03-02_1829,2026-03-05T19:22:21.323077
R4,Ethernet0/3,,up,up,2026-03-06_0246,2026-03-06T02:49:40.228626
R4,Ethernet0/3,,up,up,2026-03-03_1940,2026-03-05T19:22:21.323077
R4,Ethernet0/3,,up,up,2026-03-02_2246,2026-03-05T19:22:21.323077
R4,Ethernet0/3,192.168.100.104,up,up,2026-03-03_1754,2026-03-05T19:22:21.323077
R4,Ethernet0/3,192.168.100.104,up,up,2026-03-02_1717,2026-03-05T19:22:21.323077
R4,Ethernet0/3,192.168.100.104,up,up,2026-03-03_1951,2026-03-05T19:22:21.323077
R4,Ethernet0/3,192.168.100.104,up,up,2026-03-06_0246,2026-03-06T02:49:40.228626
R4,Ethernet0/3,192.168.100.104,up,up,2026-03-03_1751,2026-03-05T19:22:21.323077
R4,Ethernet0/3,192.168.100.104,up,up,2026-03-03_1944,2026-03-05T19:22:21.323077
R4,Ethernet0/3,192.168.100.104,up,up,2026-03-03_1746,2026-03-05T19:22:21.323077
R4,Ethernet0/3,192.168.100.104,up,up,2026-03-02_2127,2026-03-05T19:22:21.323077
R4,Ethernet0/3,192.168.100.104,up,up,2026-03-05_1627,2026-03-05T19:22:21.323077
R4,Ethernet0/3,192.168.100.104,up,up,2026-03-02_2246,2026-03-05T19:22:21.323077
R4,Ethernet0/3,192.168.100.104,up,up,2026-03-02_2038,2026-03-05T19:22:21.323077
R4,Ethernet0/3,192.168.100.104,up,up,2026-03-02_1810,2026-03-05T19:22:21.323077
R4,Ethernet0/3,192.168.100.104,up,up,2026-03-05_1559,2026-03-05T19:22:21.323077
R4,Ethernet0/3,192.168.100.104,up,up,2026-03-02_1829,2026-03-05T19:22:21.323077
R4,Ethernet0/3,192.168.100.104,up,up,2026-03-04_1109,2026-03-05T19:22:21.323077
R4,Ethernet0/3,192.168.100.104,up,up,2026-03-06_0931,2026-03-06T09:34:51.762338
R4,Ethernet0/3,192.168.100.104,up,up,2026-03-02_2110,2026-03-05T19:22:21.323077
R4,Ethernet0/3,192.168.100.104,up,up,2026-03-02_1652,2026-03-05T19:22:21.323077
R4,Ethernet0/3,192.168.100.104,up,up,2026-03-03_2009,2026-03-05T19:22:21.323077
R4,Ethernet0/3,192.168.100.104,up,up,2026-03-04_1115,2026-03-05T19:22:21.323077
R4,Ethernet0/3,192.168.100.104,up,up,2026-03-02_2133,2026-03-05T19:22:21.323077
R4,Ethernet0/3,192.168.100.104,up,up,2026-03-04_1124,2026-03-05T19:22:21.323077
R4,Ethernet0/3,192.168.100.104,up,up,2026-03-05_1615,2026-03-05T19:22:21.323077
R4,Ethernet0/3,192.168.100.104,up,up,2026-03-05_1918,2026-03-05T19:22:21.323077
R4,Ethernet0/3,192.168.100.104,up,up,2026-03-03_1940,2026-03-05T19:22:21.323077
R4,Lo0,,up,up,2026-03-03_1940,2026-03-05T19:22:21.323077
R4,Lo0,,up,up,2026-03-02_2127,2026-03-05T19:22:21.323077
R4,Lo0,,up,up,2026-03-02_2246,2026-03-05T19:22:21.323077
R4,Lo0,,up,up,2026-03-03_2009,2026-03-05T19:22:21.323077
R4,Lo0,,up,up,2026-03-02_2038,2026-03-05T19:22:21.323077
R4,Lo0,,up,up,2026-03-04_1109,2026-03-05T19:22:21.323077
R4,Lo0,,up,up,2026-03-05_1918,2026-03-05T19:22:21.323077
R4,Lo0,,up,up,2026-03-05_1559,2026-03-05T19:22:21.323077
R4,Lo0,,up,up,2026-03-03_1944,2026-03-05T19:22:21.323077
R4,Lo0,,up,up,2026-03-06_0931,2026-03-06T09:34:51.762338
R4,Lo0,,up,up,2026-03-06_0246,2026-03-06T02:49:40.228626
R4,Lo0,,up,up,2026-03-02_1810,2026-03-05T19:22:21.323077
R4,Lo0,,up,up,2026-03-03_1746,2026-03-05T19:22:21.323077
R4,Lo0,,up,up,2026-03-02_1652,2026-03-05T19:22:21.323077
R4,Lo0,,up,up,2026-03-02_2133,2026-03-05T19:22:21.323077
R4,Lo0,,up,up,2026-03-05_1615,2026-03-05T19:22:21.323077
R4,Lo0,,up,up,2026-03-03_1751,2026-03-05T19:22:21.323077
R4,Lo0,,up,up,2026-03-02_1717,2026-03-05T19:22:21.323077
R4,Lo0,,up,up,2026-03-02_2110,2026-03-05T19:22:21.323077
R4,Lo0,,up,up,2026-03-05_1627,2026-03-05T19:22:21.323077
R4,Lo0,,up,up,2026-03-03_1754,2026-03-05T19:22:21.323077
R4,Lo0,,up,up,2026-03-04_1115,2026-03-05T19:22:21.323077
R4,Lo0,,up,up,2026-03-03_1951,2026-03-05T19:22:21.323077
R4,Lo0,,up,up,2026-03-04_1124,2026-03-05T19:22:21.323077
R4,Lo0,,up,up,2026-03-02_1829,2026-03-05T19:22:21.323077
R4,Lo99,,up,up,2026-03-03_1951,2026-03-05T19:22:21.323077
R4,Lo99,,up,up,2026-03-04_1115,2026-03-05T19:22:21.323077
R4,Loopback0,,up,up,2026-03-04_1109,2026-03-05T19:22:21.323077
R4,Loopback0,,up,up,2026-03-06_0246,2026-03-06T02:49:40.228626
R4,Loopback0,,up,up,2026-03-05_1918,2026-03-05T19:22:21.323077
R4,Loopback0,,up,up,2026-03-03_1944,2026-03-05T19:22:21.323077
R4,Loopback0,,up,up,2026-03-02_1717,2026-03-05T19:22:21.323077
R4,Loopback0,,up,up,2026-03-03_1940,2026-03-05T19:22:21.323077
R4,Loopback0,,up,up,2026-03-02_2110,2026-03-05T19:22:21.323077
R4,Loopback0,,up,up,2026-03-02_1810,2026-03-05T19:22:21.323077
R4,Loopback0,,up,up,2026-03-04_1115,2026-03-05T19:22:21.323077
R4,Loopback0,,up,up,2026-03-02_2038,2026-03-05T19:22:21.323077
R4,Loopback0,,up,up,2026-03-03_1746,2026-03-05T19:22:21.323077
R4,Loopback0,,up,up,2026-03-03_1951,2026-03-05T19:22:21.323077
R4,Loopback0,,up,up,2026-03-03_1751,2026-03-05T19:22:21.323077
R4,Loopback0,,up,up,2026-03-03_1754,2026-03-05T19:22:21.323077
R4,Loopback0,,up,up,2026-03-05_1627,2026-03-05T19:22:21.323077
R4,Loopback0,,up,up,2026-03-02_1652,2026-03-05T19:22:21.323077
R4,Loopback0,,up,up,2026-03-02_2127,2026-03-05T19:22:21.323077
R4,Loopback0,,up,up,2026-03-04_1124,2026-03-05T19:22:21.323077
R4,Loopback0,,up,up,2026-03-06_0931,2026-03-06T09:34:51.762338
R4,Loopback0,,up,up,2026-03-02_2133,2026-03-05T19:22:21.323077
R4,Loopback0,,up,up,2026-03-02_2246,2026-03-05T19:22:21.323077
R4,Loopback0,,up,up,2026-03-05_1615,2026-03-05T19:22:21.323077
R4,Loopback0,,up,up,2026-03-03_2009,2026-03-05T19:22:21.323077
R4,Loopback0,,up,up,2026-03-02_1829,2026-03-05T19:22:21.323077
R4,Loopback0,,up,up,2026-03-05_1559,2026-03-05T19:22:21.323077
R4,Loopback0,4.4.4.4,up,up,2026-03-02_2110,2026-03-05T19:22:21.323077
R4,Loopback0,4.4.4.4,up,up,2026-03-03_2009,2026-03-05T19:22:21.323077
R4,Loopback0,4.4.4.4,up,up,2026-03-02_1652,2026-03-05T19:22:21.323077
R4,Loopback0,4.4.4.4,up,up,2026-03-03_1746,2026-03-05T19:22:21.323077
R4,Loopback0,4.4.4.4,up,up,2026-03-02_1829,2026-03-05T19:22:21.323077
R4,Loopback0,4.4.4.4,up,up,2026-03-02_1810,2026-03-05T19:22:21.323077
R4,Loopback0,4.4.4.4,up,up,2026-03-02_2133,2026-03-05T19:22:21.323077
R4,Loopback0,4.4.4.4,up,up,2026-03-03_1754,2026-03-05T19:22:21.323077
R4,Loopback0,4.4.4.4,up,up,2026-03-02_2127,2026-03-05T19:22:21.323077
R4,Loopback0,4.4.4.4,up,up,2026-03-03_1751,2026-03-05T19:22:21.323077
R4,Loopback0,4.4.4.4,up,up,2026-03-05_1627,2026-03-05T19:22:21.323077
R4,Loopback0,4.4.4.4,up,up,2026-03-05_1918,2026-03-05T19:22:21.323077
R4,Loopback0,4.4.4.4,up,up,2026-03-03_1940,2026-03-05T19:22:21.323077
R4,Loopback0,4.4.4.4,up,up,2026-03-02_1717,2026-03-05T19:22:21.323077
R4,Loopback0,4.4.4.4,up,up,2026-03-04_1124,2026-03-05T19:22:21.323077
R4,Loopback0,4.4.4.4,up,up,2026-03-04_1109,2026-03-05T19:22:21.323077
R4,Loopback0,4.4.4.4,up,up,2026-03-05_1559,2026-03-05T19:22:21.323077
R4,Loopback0,4.4.4.4,up,up,2026-03-03_1944,2026-03-05T19:22:21.323077
R4,Loopback0,4.4.4.4,up,up,2026-03-02_2246,2026-03-05T19:22:21.323077
R4,Loopback0,4.4.4.4,up,up,2026-03-06_0246,2026-03-06T02:49:40.228626
R4,Loopback0,4.4.4.4,up,up,2026-03-02_2038,2026-03-05T19:22:21.323077
R4,Loopback0,4.4.4.4,up,up,2026-03-05_1615,2026-03-05T19:22:21.323077
R4,Loopback0,4.4.4.4,up,up,2026-03-06_0931,2026-03-06T09:34:51.762338
R4,Loopback0,4.4.4.4,up,up,2026-03-04_1115,2026-03-05T19:22:21.323077
R4,Loopback0,4.4.4.4,up,up,2026-03-03_1951,2026-03-05T19:22:21.323077
R4,Loopback99,,up,up,2026-03-03_1951,2026-03-05T19:22:21.323077
R4,Loopback99,,up,up,2026-03-04_1115,2026-03-05T19:22:21.323077
R4,Loopback99,172.31.99.1,up,up,2026-03-04_1115,2026-03-05T19:22:21.323077
R4,Loopback99,172.31.99.1,up,up,2026-03-03_1951,2026-03-05T19:22:21.323077
R4,Vl20,,up,up,2026-03-03_1940,2026-03-05T19:22:21.323077
R4,Vl20,,up,up,2026-03-03_1754,2026-03-05T19:22:21.323077
R4,Vl20,,up,up,2026-03-02_2246,2026-03-05T19:22:21.323077
R4,Vl20,,up,up,2026-03-03_2009,2026-03-05T19:22:21.323077
R4,Vl20,,up,up,2026-03-02_2038,2026-03-05T19:22:21.323077
R4,Vl20,,up,up,2026-03-04_1115,2026-03-05T19:22:21.323077
R4,Vl20,,up,up,2026-03-03_1944,2026-03-05T19:22:21.323077
R4,Vl20,,up,up,2026-03-05_1559,2026-03-05T19:22:21.323077
R4,Vl20,,up,up,2026-03-06_0246,2026-03-06T02:49:40.228626
R4,Vl20,,up,up,2026-03-06_0931,2026-03-06T09:34:51.762338
R4,Vl20,,up,up,2026-03-02_1829,2026-03-05T19:22:21.323077
R4,Vl20,,up,up,2026-03-02_1652,2026-03-05T19:22:21.323077
R4,Vl20,,up,up,2026-03-02_1810,2026-03-05T19:22:21.323077
R4,Vl20,,up,up,2026-03-03_1746,2026-03-05T19:22:21.323077
R4,Vl20,,up,up,2026-03-02_2133,2026-03-05T19:22:21.323077
R4,Vl20,,up,up,2026-03-05_1615,2026-03-05T19:22:21.323077
R4,Vl20,,up,up,2026-03-03_1751,2026-03-05T19:22:21.323077
R4,Vl20,,up,up,2026-03-02_1717,2026-03-05T19:22:21.323077
R4,Vl20,,up,up,2026-03-02_2110,2026-03-05T19:22:21.323077
R4,Vl20,,up,up,2026-03-04_1124,2026-03-05T19:22:21.323077
R4,Vl20,,up,up,2026-03-05_1627,2026-03-05T19:22:21.323077
R4,Vl20,,up,up,2026-03-03_1951,2026-03-05T19:22:21.323077
R4,Vl20,,up,up,2026-03-04_1109,2026-03-05T19:22:21.323077
R4,Vl20,,up,up,2026-03-02_2127,2026-03-05T19:22:21.323077
R4,Vl20,,up,up,2026-03-05_1918,2026-03-05T19:22:21.323077
R4,Vlan20,,up,up,2026-03-02_1810,2026-03-05T19:22:21.323077
R4,Vlan20,,up,up,2026-03-02_2246,2026-03-05T19:22:21.323077
R4,Vlan20,,up,up,2026-03-05_1918,2026-03-05T19:22:21.323077
R4,Vlan20,,up,up,2026-03-03_1944,2026-03-05T19:22:21.323077
R4,Vlan20,,up,up,2026-03-02_1717,2026-03-05T19:22:21.323077
R4,Vlan20,,up,up,2026-03-05_1559,2026-03-05T19:22:21.323077
R4,Vlan20,,up,up,2026-03-03_1940,2026-03-05T19:22:21.323077
R4,Vlan20,,up,up,2026-03-04_1109,2026-03-05T19:22:21.323077
R4,Vlan20,,up,up,2026-03-02_1829,2026-03-05T19:22:21.323077
R4,Vlan20,,up,up,2026-03-04_1115,2026-03-05T19:22:21.323077
R4,Vlan20,,up,up,2026-03-03_1746,2026-03-05T19:22:21.323077
R4,Vlan20,,up,up,2026-03-03_1751,2026-03-05T19:22:21.323077
R4,Vlan20,,up,up,2026-03-03_1754,2026-03-05T19:22:21.323077
R4,Vlan20,,up,up,2026-03-02_1652,2026-03-05T19:22:21.323077
R4,Vlan20,,up,up,2026-03-02_2127,2026-03-05T19:22:21.323077
R4,Vlan20,,up,up,2026-03-04_1124,2026-03-05T19:22:21.323077
R4,Vlan20,,up,up,2026-03-02_2133,2026-03-05T19:22:21.323077
R4,Vlan20,,up,up,2026-03-06_0931,2026-03-06T09:34:51.762338
R4,Vlan20,,up,up,2026-03-02_2038,2026-03-05T19:22:21.323077
R4,Vlan20,,up,up,2026-03-03_1951,2026-03-05T19:22:21.323077
R4,Vlan20,,up,up,2026-03-03_2009,2026-03-05T19:22:21.323077
R4,Vlan20,,up,up,2026-03-06_0246,2026-03-06T02:49:40.228626
R4,Vlan20,,up,up,2026-03-05_1627,2026-03-05T19:22:21.323077
R4,Vlan20,,up,up,2026-03-05_1615,2026-03-05T19:22:21.323077
R4,Vlan20,,up,up,2026-03-02_2110,2026-03-05T19:22:21.323077
R4,Vlan20,192.168.20.254,up,up,2026-03-02_2110,2026-03-05T19:22:21.323077
R4,Vlan20,192.168.20.254,up,up,2026-03-03_1751,2026-03-05T19:22:21.323077
R4,Vlan20,192.168.20.254,up,up,2026-03-03_1754,2026-03-05T19:22:21.323077
R4,Vlan20,192.168.20.254,up,up,2026-03-02_1829,2026-03-05T19:22:21.323077
R4,Vlan20,192.168.20.254,up,up,2026-03-02_1810,2026-03-05T19:22:21.323077
R4,Vlan20,192.168.20.254,up,up,2026-03-02_2127,2026-03-05T19:22:21.323077
R4,Vlan20,192.168.20.254,up,up,2026-03-02_2133,2026-03-05T19:22:21.323077
R4,Vlan20,192.168.20.254,up,up,2026-03-02_1652,2026-03-05T19:22:21.323077
R4,Vlan20,192.168.20.254,up,up,2026-03-03_1951,2026-03-05T19:22:21.323077
R4,Vlan20,192.168.20.254,up,up,2026-03-05_1627,2026-03-05T19:22:21.323077
R4,Vlan20,192.168.20.254,up,up,2026-03-05_1918,2026-03-05T19:22:21.323077
R4,Vlan20,192.168.20.254,up,up,2026-03-03_1940,2026-03-05T19:22:21.323077
R4,Vlan20,192.168.20.254,up,up,2026-03-04_1124,2026-03-05T19:22:21.323077
R4,Vlan20,192.168.20.254,up,up,2026-03-03_1746,2026-03-05T19:22:21.323077
R4,Vlan20,192.168.20.254,up,up,2026-03-04_1109,2026-03-05T19:22:21.323077
R4,Vlan20,192.168.20.254,up,up,2026-03-05_1559,2026-03-05T19:22:21.323077
R4,Vlan20,192.168.20.254,up,up,2026-03-03_1944,2026-03-05T19:22:21.323077
R4,Vlan20,192.168.20.254,up,up,2026-03-06_0246,2026-03-06T02:49:40.228626
R4,Vlan20,192.168.20.254,up,up,2026-03-02_2246,2026-03-05T19:22:21.323077
R4,Vlan20,192.168.20.254,up,up,2026-03-02_1717,2026-03-05T19:22:21.323077
R4,Vlan20,192.168.20.254,up,up,2026-03-06_0931,2026-03-06T09:34:51.762338
R4,Vlan20,192.168.20.254,up,up,2026-03-02_2038,2026-03-05T19:22:21.323077
R4,Vlan20,192.168.20.254,up,up,2026-03-04_1115,2026-03-05T19:22:21.323077
R4,Vlan20,192.168.20.254,up,up,2026-03-03_2009,2026-03-05T19:22:21.323077
R4,Vlan20,192.168.20.254,up,up,2026-03-05_1615,2026-03-05T19:22:21.323077
SW1,Et0/0,,up,up,2026-03-02_1810,2026-03-05T19:22:21.323077
SW1,Et0/0,,up,up,2026-03-05_1559,2026-03-05T19:22:21.323077
SW1,Et0/0,,up,up,2026-03-02_1717,2026-03-05T19:22:21.323077
SW1,Et0/0,,up,up,2026-03-03_1940,2026-03-05T19:22:21.323077
SW1,Et0/0,,up,up,2026-03-05_1918,2026-03-05T19:22:21.323077
SW1,Et0/0,,up,up,2026-03-03_1951,2026-03-05T19:22:21.323077
SW1,Et0/0,,up,up,2026-03-05_1627,2026-03-05T19:22:21.323077
SW1,Et0/0,,up,up,2026-03-02_2038,2026-03-05T19:22:21.323077
SW1,Et0/0,,up,up,2026-03-03_1746,2026-03-05T19:22:21.323077
SW1,Et0/0,,up,up,2026-03-02_2127,2026-03-05T19:22:21.323077
SW1,Et0/0,,up,up,2026-03-05_1615,2026-03-05T19:22:21.323077
SW1,Et0/0,,up,up,2026-03-06_0931,2026-03-06T09:34:51.762338
SW1,Et0/0,,up,up,2026-03-03_1754,2026-03-05T19:22:21.323077
SW1,Et0/0,,up,up,2026-03-04_1124,2026-03-05T19:22:21.323077
SW1,Et0/0,,up,up,2026-03-03_1944,2026-03-05T19:22:21.323077
SW1,Et0/0,,up,up,2026-03-02_1829,2026-03-05T19:22:21.323077
SW1,Et0/0,,up,up,2026-03-04_1109,2026-03-05T19:22:21.323077
SW1,Et0/0,,up,up,2026-03-02_1652,2026-03-05T19:22:21.323077
SW1,Et0/0,,up,up,2026-03-06_0246,2026-03-06T02:49:40.228626
SW1,Et0/0,,up,up,2026-03-03_2009,2026-03-05T19:22:21.323077
SW1,Et0/0,,up,up,2026-03-02_2110,2026-03-05T19:22:21.323077
SW1,Et0/0,,up,up,2026-03-02_2133,2026-03-05T19:22:21.323077
SW1,Et0/0,,up,up,2026-03-04_1115,2026-03-05T19:22:21.323077
SW1,Et0/0,,up,up,2026-03-03_1751,2026-03-05T19:22:21.323077
SW1,Et0/0,,up,up,2026-03-02_2246,2026-03-05T19:22:21.323077
SW1,Et0/0,,,connected,2026-03-03_1751,2026-03-05T19:22:21.323077
SW1,Et0/0,,,connected,2026-03-05_1615,2026-03-05T19:22:21.323077
SW1,Et0/0,,,connected,2026-03-03_1944,2026-03-05T19:22:21.323077
SW1,Et0/0,,,connected,2026-03-04_1109,2026-03-05T19:22:21.323077
SW1,Et0/0,,,connected,2026-03-06_0931,2026-03-06T09:34:51.762338
SW1,Et0/0,,,connected,2026-03-02_2110,2026-03-05T19:22:21.323077
SW1,Et0/0,,,connected,2026-03-02_2133,2026-03-05T19:22:21.323077
SW1,Et0/0,,,connected,2026-03-02_1829,2026-03-05T19:22:21.323077
SW1,Et0/0,,,connected,2026-03-03_1940,2026-03-05T19:22:21.323077
SW1,Et0/0,,,connected,2026-03-03_1754,2026-03-05T19:22:21.323077
SW1,Et0/0,,,connected,2026-03-05_1918,2026-03-05T19:22:21.323077
SW1,Et0/0,,,connected,2026-03-03_1746,2026-03-05T19:22:21.323077
SW1,Et0/0,,,connected,2026-03-02_1810,2026-03-05T19:22:21.323077
SW1,Et0/0,,,connected,2026-03-04_1124,2026-03-05T19:22:21.323077
SW1,Et0/0,,,connected,2026-03-05_1627,2026-03-05T19:22:21.323077
SW1,Et0/0,,,connected,2026-03-05_1559,2026-03-05T19:22:21.323077
SW1,Et0/0,,,connected,2026-03-02_2127,2026-03-05T19:22:21.323077
SW1,Et0/0,,,connected,2026-03-04_1115,2026-03-05T19:22:21.323077
SW1,Et0/0,,,connected,2026-03-02_1717,2026-03-05T19:22:21.323077
SW1,Et0/0,,,connected,2026-03-02_1652,2026-03-05T19:22:21.323077
SW1,Et0/0,,,connected,2026-03-03_1951,2026-03-05T19:22:21.323077
SW1,Et0/0,,,connected,2026-03-02_2038,2026-03-05T19:22:21.323077
SW1,Et0/0,,,connected,2026-03-03_2009,2026-03-05T19:22:21.323077
SW1,Et0/0,,,connected,2026-03-02_2246,2026-03-05T19:22:21.323077
SW1,Et0/0,,,connected,2026-03-06_0246,2026-03-06T02:49:40.228626
SW1,Et0/1,,up,up,2026-03-03_1754,2026-03-05T19:22:21.323077
SW1,Et0/1,,up,up,2026-03-04_1124,2026-03-05T19:22:21.323077
SW1,Et0/1,,up,up,2026-03-05_1918,2026-03-05T19:22:21.323077
SW1,Et0/1,,up,up,2026-03-03_1751,2026-03-05T19:22:21.323077
SW1,Et0/1,,up,up,2026-03-02_2110,2026-03-05T19:22:21.323077
SW1,Et0/1,,up,up,2026-03-03_2009,2026-03-05T19:22:21.323077
SW1,Et0/1,,up,up,2026-03-06_0246,2026-03-06T02:49:40.228626
SW1,Et0/1,,up,up,2026-03-04_1115,2026-03-05T19:22:21.323077
SW1,Et0/1,,up,up,2026-03-05_1559,2026-03-05T19:22:21.323077
SW1,Et0/1,,up,up,2026-03-02_1652,2026-03-05T19:22:21.323077
SW1,Et0/1,,up,up,2026-03-02_2133,2026-03-05T19:22:21.323077
SW1,Et0/1,,up,up,2026-03-04_1109,2026-03-05T19:22:21.323077
SW1,Et0/1,,up,up,2026-03-03_1944,2026-03-05T19:22:21.323077
SW1,Et0/1,,up,up,2026-03-02_1717,2026-03-05T19:22:21.323077
SW1,Et0/1,,up,up,2026-03-02_1829,2026-03-05T19:22:21.323077
SW1,Et0/1,,up,up,2026-03-02_1810,2026-03-05T19:22:21.323077
SW1,Et0/1,,up,up,2026-03-05_1615,2026-03-05T19:22:21.323077
SW1,Et0/1,,up,up,2026-03-02_2127,2026-03-05T19:22:21.323077
SW1,Et0/1,,up,up,2026-03-06_0931,2026-03-06T09:34:51.762338
SW1,Et0/1,,up,up,2026-03-03_1940,2026-03-05T19:22:21.323077
SW1,Et0/1,,up,up,2026-03-02_2038,2026-03-05T19:22:21.323077
SW1,Et0/1,,up,up,2026-03-03_1951,2026-03-05T19:22:21.323077
SW1,Et0/1,,up,up,2026-03-03_1746,2026-03-05T19:22:21.323077
SW1,Et0/1,,up,up,2026-03-05_1627,2026-03-05T19:22:21.323077
SW1,Et0/1,,up,up,2026-03-02_2246,2026-03-05T19:22:21.323077
SW1,Et0/1,,,connected,2026-03-02_2127,2026-03-05T19:22:21.323077
SW1,Et0/1,,,connected,2026-03-05_1559,2026-03-05T19:22:21.323077
SW1,Et0/1,,,connected,2026-03-03_1951,2026-03-05T19:22:21.323077
SW1,Et0/1,,,connected,2026-03-06_0246,2026-03-06T02:49:40.228626
SW1,Et0/1,,,connected,2026-03-03_1940,2026-03-05T19:22:21.323077
SW1,Et0/1,,,connected,2026-03-05_1615,2026-03-05T19:22:21.323077
SW1,Et0/1,,,connected,2026-03-05_1918,2026-03-05T19:22:21.323077
SW1,Et0/1,,,connected,2026-03-06_0931,2026-03-06T09:34:51.762338
SW1,Et0/1,,,connected,2026-03-02_2038,2026-03-05T19:22:21.323077
SW1,Et0/1,,,connected,2026-03-02_2246,2026-03-05T19:22:21.323077
SW1,Et0/1,,,connected,2026-03-02_1810,2026-03-05T19:22:21.323077
SW1,Et0/1,,,connected,2026-03-03_1746,2026-03-05T19:22:21.323077
SW1,Et0/1,,,connected,2026-03-03_2009,2026-03-05T19:22:21.323077
SW1,Et0/1,,,connected,2026-03-02_2110,2026-03-05T19:22:21.323077
SW1,Et0/1,,,connected,2026-03-03_1944,2026-03-05T19:22:21.323077
SW1,Et0/1,,,connected,2026-03-02_1717,2026-03-05T19:22:21.323077
SW1,Et0/1,,,connected,2026-03-02_1829,2026-03-05T19:22:21.323077
SW1,Et0/1,,,connected,2026-03-03_1751,2026-03-05T19:22:21.323077
SW1,Et0/1,,,connected,2026-03-04_1115,2026-03-05T19:22:21.323077
SW1,Et0/1,,,connected,2026-03-02_2133,2026-03-05T19:22:21.323077
SW1,Et0/1,,,connected,2026-03-02_1652,2026-03-05T19:22:21.323077
SW1,Et0/1,,,connected,2026-03-04_1124,2026-03-05T19:22:21.323077
SW1,Et0/1,,,connected,2026-03-04_1109,2026-03-05T19:22:21.323077
SW1,Et0/1,,,connected,2026-03-05_1627,2026-03-05T19:22:21.323077
SW1,Et0/1,,,connected,2026-03-03_1754,2026-03-05T19:22:21.323077
SW1,Et0/2,,up,up,2026-03-02_1717,2026-03-05T19:22:21.323077
SW1,Et0/2,,up,up,2026-03-02_2246,2026-03-05T19:22:21.323077
SW1,Et0/2,,up,up,2026-03-05_1627,2026-03-05T19:22:21.323077
SW1,Et0/2,,up,up,2026-03-03_1951,2026-03-05T19:22:21.323077
SW1,Et0/2,,up,up,2026-03-02_1810,2026-03-05T19:22:21.323077
SW1,Et0/2,,up,up,2026-03-03_1746,2026-03-05T19:22:21.323077
SW1,Et0/2,,up,up,2026-03-02_2038,2026-03-05T19:22:21.323077
SW1,Et0/2,,up,up,2026-03-03_1940,2026-03-05T19:22:21.323077
SW1,Et0/2,,up,up,2026-03-02_2127,2026-03-05T19:22:21.323077
SW1,Et0/2,,up,up,2026-03-06_0931,2026-03-06T09:34:51.762338
SW1,Et0/2,,up,up,2026-03-05_1615,2026-03-05T19:22:21.323077
SW1,Et0/2,,up,up,2026-03-03_1754,2026-03-05T19:22:21.323077
SW1,Et0/2,,up,up,2026-03-04_1124,2026-03-05T19:22:21.323077
SW1,Et0/2,,up,up,2026-03-02_1829,2026-03-05T19:22:21.323077
SW1,Et0/2,,up,up,2026-03-03_1944,2026-03-05T19:22:21.323077
SW1,Et0/2,,up,up,2026-03-04_1109,2026-03-05T19:22:21.323077
SW1,Et0/2,,up,up,2026-03-02_1652,2026-03-05T19:22:21.323077
SW1,Et0/2,,up,up,2026-03-02_2133,2026-03-05T19:22:21.323077
SW1,Et0/2,,up,up,2026-03-05_1559,2026-03-05T19:22:21.323077
SW1,Et0/2,,up,up,2026-03-04_1115,2026-03-05T19:22:21.323077
SW1,Et0/2,,up,up,2026-03-06_0246,2026-03-06T02:49:40.228626
SW1,Et0/2,,up,up,2026-03-02_2110,2026-03-05T19:22:21.323077
SW1,Et0/2,,up,up,2026-03-03_2009,2026-03-05T19:22:21.323077
SW1,Et0/2,,up,up,2026-03-03_1751,2026-03-05T19:22:21.323077
SW1,Et0/2,,up,up,2026-03-05_1918,2026-03-05T19:22:21.323077
SW1,Et0/2,,,connected,2026-03-05_1559,2026-03-05T19:22:21.323077
SW1,Et0/2,,,connected,2026-03-05_1615,2026-03-05T19:22:21.323077
SW1,Et0/2,,,connected,2026-03-02_1829,2026-03-05T19:22:21.323077
SW1,Et0/2,,,connected,2026-03-02_2133,2026-03-05T19:22:21.323077
SW1,Et0/2,,,connected,2026-03-02_1652,2026-03-05T19:22:21.323077
SW1,Et0/2,,,connected,2026-03-04_1124,2026-03-05T19:22:21.323077
SW1,Et0/2,,,connected,2026-03-04_1109,2026-03-05T19:22:21.323077
SW1,Et0/2,,,connected,2026-03-02_2127,2026-03-05T19:22:21.323077
SW1,Et0/2,,,connected,2026-03-04_1115,2026-03-05T19:22:21.323077
SW1,Et0/2,,,connected,2026-03-05_1627,2026-03-05T19:22:21.323077
SW1,Et0/2,,,connected,2026-03-02_2038,2026-03-05T19:22:21.323077
SW1,Et0/2,,,connected,2026-03-02_1717,2026-03-05T19:22:21.323077
SW1,Et0/2,,,connected,2026-03-03_1754,2026-03-05T19:22:21.323077
SW1,Et0/2,,,connected,2026-03-02_2110,2026-03-05T19:22:21.323077
SW1,Et0/2,,,connected,2026-03-03_2009,2026-03-05T19:22:21.323077
SW1,Et0/2,,,connected,2026-03-03_1944,2026-03-05T19:22:21.323077
SW1,Et0/2,,,connected,2026-03-03_1746,2026-03-05T19:22:21.323077
SW1,Et0/2,,,connected,2026-03-02_2246,2026-03-05T19:22:21.323077
SW1,Et0/2,,,connected,2026-03-02_1810,2026-03-05T19:22:21.323077
SW1,Et0/2,,,connected,2026-03-06_0246,2026-03-06T02:49:40.228626
SW1,Et0/2,,,connected,2026-03-05_1918,2026-03-05T19:22:21.323077
SW1,Et0/2,,,connected,2026-03-03_1940,2026-03-05T19:22:21.323077
SW1,Et0/2,,,connected,2026-03-06_0931,2026-03-06T09:34:51.762338
SW1,Et0/2,,,connected,2026-03-03_1951,2026-03-05T19:22:21.323077
SW1,Et0/2,,,connected,2026-03-03_1751,2026-03-05T19:22:21.323077
SW1,Et0/3,,up,up,2026-03-02_2246,2026-03-05T19:22:21.323077
SW1,Et0/3,,up,up,2026-03-03_1746,2026-03-05T19:22:21.323077
SW1,Et0/3,,up,up,2026-03-02_2110,2026-03-05T19:22:21.323077
SW1,Et0/3,,up,up,2026-03-06_0246,2026-03-06T02:49:40.228626
SW1,Et0/3,,up,up,2026-03-03_2009,2026-03-05T19:22:21.323077
SW1,Et0/3,,up,up,2026-03-04_1115,2026-03-05T19:22:21.323077
SW1,Et0/3,,up,up,2026-03-04_1109,2026-03-05T19:22:21.323077
SW1,Et0/3,,up,up,2026-03-03_1751,2026-03-05T19:22:21.323077
SW1,Et0/3,,up,up,2026-03-02_2133,2026-03-05T19:22:21.323077
SW1,Et0/3,,up,up,2026-03-05_1559,2026-03-05T19:22:21.323077
SW1,Et0/3,,up,up,2026-03-03_1754,2026-03-05T19:22:21.323077
SW1,Et0/3,,up,up,2026-03-04_1124,2026-03-05T19:22:21.323077
SW1,Et0/3,,up,up,2026-03-02_1829,2026-03-05T19:22:21.323077
SW1,Et0/3,,up,up,2026-03-03_1944,2026-03-05T19:22:21.323077
SW1,Et0/3,,up,up,2026-03-03_1940,2026-03-05T19:22:21.323077
SW1,Et0/3,,up,up,2026-03-02_2127,2026-03-05T19:22:21.323077
SW1,Et0/3,,up,up,2026-03-05_1615,2026-03-05T19:22:21.323077
SW1,Et0/3,,up,up,2026-03-05_1918,2026-03-05T19:22:21.323077
SW1,Et0/3,,up,up,2026-03-02_1717,2026-03-05T19:22:21.323077
SW1,Et0/3,,up,up,2026-03-05_1627,2026-03-05T19:22:21.323077
SW1,Et0/3,,up,up,2026-03-06_0931,2026-03-06T09:34:51.762338
SW1,Et0/3,,up,up,2026-03-02_1810,2026-03-05T19:22:21.323077
SW1,Et0/3,,up,up,2026-03-03_1951,2026-03-05T19:22:21.323077
SW1,Et0/3,,up,up,2026-03-02_2038,2026-03-05T19:22:21.323077
SW1,Et0/3,,up,up,2026-03-02_1652,2026-03-05T19:22:21.323077
SW1,Et0/3,,,connected,2026-03-05_1559,2026-03-05T19:22:21.323077
SW1,Et0/3,,,connected,2026-03-06_0931,2026-03-06T09:34:51.762338
SW1,Et0/3,,,connected,2026-03-02_1810,2026-03-05T19:22:21.323077
SW1,Et0/3,,,connected,2026-03-05_1918,2026-03-05T19:22:21.323077
SW1,Et0/3,,,connected,2026-03-06_0246,2026-03-06T02:49:40.228626
SW1,Et0/3,,,connected,2026-03-03_1940,2026-03-05T19:22:21.323077
SW1,Et0/3,,,connected,2026-03-05_1615,2026-03-05T19:22:21.323077
SW1,Et0/3,,,connected,2026-03-03_1754,2026-03-05T19:22:21.323077
SW1,Et0/3,,,connected,2026-03-05_1627,2026-03-05T19:22:21.323077
SW1,Et0/3,,,connected,2026-03-02_1717,2026-03-05T19:22:21.323077
SW1,Et0/3,,,connected,2026-03-04_1115,2026-03-05T19:22:21.323077
SW1,Et0/3,,,connected,2026-03-04_1124,2026-03-05T19:22:21.323077
SW1,Et0/3,,,connected,2026-03-02_2133,2026-03-05T19:22:21.323077
SW1,Et0/3,,,connected,2026-03-02_2110,2026-03-05T19:22:21.323077
SW1,Et0/3,,,connected,2026-03-02_1829,2026-03-05T19:22:21.323077
SW1,Et0/3,,,connected,2026-03-02_2127,2026-03-05T19:22:21.323077
SW1,Et0/3,,,connected,2026-03-02_1652,2026-03-05T19:22:21.323077
SW1,Et0/3,,,connected,2026-03-04_1109,2026-03-05T19:22:21.323077
SW1,Et0/3,,,connected,2026-03-03_1751,2026-03-05T19:22:21.323077
SW1,Et0/3,,,connected,2026-03-02_2038,2026-03-05T19:22:21.323077
SW1,Et0/3,,,connected,2026-03-03_2009,2026-03-05T19:22:21.323077
SW1,Et0/3,,,connected,2026-03-03_1944,2026-03-05T19:22:21.323077
SW1,Et0/3,,,connected,2026-03-02_2246,2026-03-05T19:22:21.323077
SW1,Et0/3,,,connected,2026-03-03_1951,2026-03-05T19:22:21.323077
SW1,Et0/3,,,connected,2026-03-03_1746,2026-03-05T19:22:21.323077
SW1,Ethernet0/0,,up,up,2026-03-02_2133,2026-03-05T19:22:21.323077
SW1,Ethernet0/0,,up,up,2026-03-02_2110,2026-03-05T19:22:21.323077
SW1,Ethernet0/0,,up,up,2026-03-03_1751,2026-03-05T19:22:21.323077
SW1,Ethernet0/0,,up,up,2026-03-03_1754,2026-03-05T19:22:21.323077
SW1,Ethernet0/0,,up,up,2026-03-05_1918,2026-03-05T19:22:21.323077
SW1,Ethernet0/0,,up,up,2026-03-04_1109,2026-03-05T19:22:21.323077
SW1,Ethernet0/0,,up,up,2026-03-04_1124,2026-03-05T19:22:21.323077
SW1,Ethernet0/0,,up,up,2026-03-02_2246,2026-03-05T19:22:21.323077
SW1,Ethernet0/0,,up,up,2026-03-02_1652,2026-03-05T19:22:21.323077
SW1,Ethernet0/0,,up,up,2026-03-03_1944,2026-03-05T19:22:21.323077
SW1,Ethernet0/0,,up,up,2026-03-02_1810,2026-03-05T19:22:21.323077
SW1,Ethernet0/0,,up,up,2026-03-05_1559,2026-03-05T19:22:21.323077
SW1,Ethernet0/0,,up,up,2026-03-05_1615,2026-03-05T19:22:21.323077
SW1,Ethernet0/0,,up,up,2026-03-03_2009,2026-03-05T19:22:21.323077
SW1,Ethernet0/0,,up,up,2026-03-03_1951,2026-03-05T19:22:21.323077
SW1,Ethernet0/0,,up,up,2026-03-02_2127,2026-03-05T19:22:21.323077
SW1,Ethernet0/0,,up,up,2026-03-05_1627,2026-03-05T19:22:21.323077
SW1,Ethernet0/0,,up,up,2026-03-06_0246,2026-03-06T02:49:40.228626
SW1,Ethernet0/0,,up,up,2026-03-02_1717,2026-03-05T19:22:21.323077
SW1,Ethernet0/0,,up,up,2026-03-02_2038,2026-03-05T19:22:21.323077
SW1,Ethernet0/0,,up,up,2026-03-03_1940,2026-03-05T19:22:21.323077
SW1,Ethernet0/0,,up,up,2026-03-02_1829,2026-03-05T19:22:21.323077
SW1,Ethernet0/0,,up,up,2026-03-04_1115,2026-03-05T19:22:21.323077
SW1,Ethernet0/0,,up,up,2026-03-03_1746,2026-03-05T19:22:21.323077
SW1,Ethernet0/0,,up,up,2026-03-06_0931,2026-03-06T09:34:51.762338
SW1,Ethernet0/0,unassigned,up,up,2026-03-02_2038,2026-03-05T19:22:21.323077
SW1,Ethernet0/0,unassigned,up,up,2026-03-04_1115,2026-03-05T19:22:21.323077
SW1,Ethernet0/0,unassigned,up,up,2026-03-05_1918,2026-03-05T19:22:21.323077
SW1,Ethernet0/0,unassigned,up,up,2026-03-04_1124,2026-03-05T19:22:21.323077
SW1,Ethernet0/0,unassigned,up,up,2026-03-03_1951,2026-03-05T19:22:21.323077
SW1,Ethernet0/0,unassigned,up,up,2026-03-06_0931,2026-03-06T09:34:51.762338
SW1,Ethernet0/0,unassigned,up,up,2026-03-02_1829,2026-03-05T19:22:21.323077
SW1,Ethernet0/0,unassigned,up,up,2026-03-02_2110,2026-03-05T19:22:21.323077
SW1,Ethernet0/0,unassigned,up,up,2026-03-03_2009,2026-03-05T19:22:21.323077
SW1,Ethernet0/0,unassigned,up,up,2026-03-02_1810,2026-03-05T19:22:21.323077
SW1,Ethernet0/0,unassigned,up,up,2026-03-05_1559,2026-03-05T19:22:21.323077
SW1,Ethernet0/0,unassigned,up,up,2026-03-05_1615,2026-03-05T19:22:21.323077
SW1,Ethernet0/0,unassigned,up,up,2026-03-02_1652,2026-03-05T19:22:21.323077
SW1,Ethernet0/0,unassigned,up,up,2026-03-06_0246,2026-03-06T02:49:40.228626
SW1,Ethernet0/0,unassigned,up,up,2026-03-02_2127,2026-03-05T19:22:21.323077
SW1,Ethernet0/0,unassigned,up,up,2026-03-05_1627,2026-03-05T19:22:21.323077
SW1,Ethernet0/0,unassigned,up,up,2026-03-03_1940,2026-03-05T19:22:21.323077
SW1,Ethernet0/0,unassigned,up,up,2026-03-03_1944,2026-03-05T19:22:21.323077
SW1,Ethernet0/0,unassigned,up,up,2026-03-02_1717,2026-03-05T19:22:21.323077
SW1,Ethernet0/0,unassigned,up,up,2026-03-03_1754,2026-03-05T19:22:21.323077
SW1,Ethernet0/0,unassigned,up,up,2026-03-02_2246,2026-03-05T19:22:21.323077
SW1,Ethernet0/0,unassigned,up,up,2026-03-03_1746,2026-03-05T19:22:21.323077
SW1,Ethernet0/0,unassigned,up,up,2026-03-03_1751,2026-03-05T19:22:21.323077
SW1,Ethernet0/0,unassigned,up,up,2026-03-04_1109,2026-03-05T19:22:21.323077
SW1,Ethernet0/0,unassigned,up,up,2026-03-02_2133,2026-03-05T19:22:21.323077
SW1,Ethernet0/1,,up,up,2026-03-02_2038,2026-03-05T19:22:21.323077
SW1,Ethernet0/1,,up,up,2026-03-02_2246,2026-03-05T19:22:21.323077
SW1,Ethernet0/1,,up,up,2026-03-06_0931,2026-03-06T09:34:51.762338
SW1,Ethernet0/1,,up,up,2026-03-03_1746,2026-03-05T19:22:21.323077
SW1,Ethernet0/1,,up,up,2026-03-02_1829,2026-03-05T19:22:21.323077
SW1,Ethernet0/1,,up,up,2026-03-03_1751,2026-03-05T19:22:21.323077
SW1,Ethernet0/1,,up,up,2026-03-06_0246,2026-03-06T02:49:40.228626
SW1,Ethernet0/1,,up,up,2026-03-03_1940,2026-03-05T19:22:21.323077
SW1,Ethernet0/1,,up,up,2026-03-02_1717,2026-03-05T19:22:21.323077
SW1,Ethernet0/1,,up,up,2026-03-02_2110,2026-03-05T19:22:21.323077
SW1,Ethernet0/1,,up,up,2026-03-03_2009,2026-03-05T19:22:21.323077
SW1,Ethernet0/1,,up,up,2026-03-05_1627,2026-03-05T19:22:21.323077
SW1,Ethernet0/1,,up,up,2026-03-03_1951,2026-03-05T19:22:21.323077
SW1,Ethernet0/1,,up,up,2026-03-02_2127,2026-03-05T19:22:21.323077
SW1,Ethernet0/1,,up,up,2026-03-03_1944,2026-03-05T19:22:21.323077
SW1,Ethernet0/1,,up,up,2026-03-05_1615,2026-03-05T19:22:21.323077
SW1,Ethernet0/1,,up,up,2026-03-02_1810,2026-03-05T19:22:21.323077
SW1,Ethernet0/1,,up,up,2026-03-05_1559,2026-03-05T19:22:21.323077
SW1,Ethernet0/1,,up,up,2026-03-02_1652,2026-03-05T19:22:21.323077
SW1,Ethernet0/1,,up,up,2026-03-04_1109,2026-03-05T19:22:21.323077
SW1,Ethernet0/1,,up,up,2026-03-03_1754,2026-03-05T19:22:21.323077
SW1,Ethernet0/1,,up,up,2026-03-05_1918,2026-03-05T19:22:21.323077
SW1,Ethernet0/1,,up,up,2026-03-04_1124,2026-03-05T19:22:21.323077
SW1,Ethernet0/1,,up,up,2026-03-02_2133,2026-03-05T19:22:21.323077
SW1,Ethernet0/1,,up,up,2026-03-04_1115,2026-03-05T19:22:21.323077
SW1,Ethernet0/1,unassigned,up,up,2026-03-02_2038,2026-03-05T19:22:21.323077
SW1,Ethernet0/1,unassigned,up,up,2026-03-02_2127,2026-03-05T19:22:21.323077
SW1,Ethernet0/1,unassigned,up,up,2026-03-04_1109,2026-03-05T19:22:21.323077
SW1,Ethernet0/1,unassigned,up,up,2026-03-03_1751,2026-03-05T19:22:21.323077
SW1,Ethernet0/1,unassigned,up,up,2026-03-04_1115,2026-03-05T19:22:21.323077
SW1,Ethernet0/1,unassigned,up,up,2026-03-03_1754,2026-03-05T19:22:21.323077
SW1,Ethernet0/1,unassigned,up,up,2026-03-02_2246,2026-03-05T19:22:21.323077
SW1,Ethernet0/1,unassigned,up,up,2026-03-05_1627,2026-03-05T19:22:21.323077
SW1,Ethernet0/1,unassigned,up,up,2026-03-03_1746,2026-03-05T19:22:21.323077
SW1,Ethernet0/1,unassigned,up,up,2026-03-03_1944,2026-03-05T19:22:21.323077
SW1,Ethernet0/1,unassigned,up,up,2026-03-05_1918,2026-03-05T19:22:21.323077
SW1,Ethernet0/1,unassigned,up,up,2026-03-05_1559,2026-03-05T19:22:21.323077
SW1,Ethernet0/1,unassigned,up,up,2026-03-03_1940,2026-03-05T19:22:21.323077
SW1,Ethernet0/1,unassigned,up,up,2026-03-06_0246,2026-03-06T02:49:40.228626
SW1,Ethernet0/1,unassigned,up,up,2026-03-02_1652,2026-03-05T19:22:21.323077
SW1,Ethernet0/1,unassigned,up,up,2026-03-02_1810,2026-03-05T19:22:21.323077
SW1,Ethernet0/1,unassigned,up,up,2026-03-02_2110,2026-03-05T19:22:21.323077
SW1,Ethernet0/1,unassigned,up,up,2026-03-05_1615,2026-03-05T19:22:21.323077
SW1,Ethernet0/1,unassigned,up,up,2026-03-03_2009,2026-03-05T19:22:21.323077
SW1,Ethernet0/1,unassigned,up,up,2026-03-02_1829,2026-03-05T19:22:21.323077
SW1,Ethernet0/1,unassigned,up,up,2026-03-04_1124,2026-03-05T19:22:21.323077
SW1,Ethernet0/1,unassigned,up,up,2026-03-06_0931,2026-03-06T09:34:51.762338
SW1,Ethernet0/1,unassigned,up,up,2026-03-03_1951,2026-03-05T19:22:21.323077
SW1,Ethernet0/1,unassigned,up,up,2026-03-02_2133,2026-03-05T19:22:21.323077
SW1,Ethernet0/1,unassigned,up,up,2026-03-02_1717,2026-03-05T19:22:21.323077
SW1,Ethernet0/2,,up,up,2026-03-02_2246,2026-03-05T19:22:21.323077
SW1,Ethernet0/2,,up,up,2026-03-04_1115,2026-03-05T19:22:21.323077
SW1,Ethernet0/2,,up,up,2026-03-06_0931,2026-03-06T09:34:51.762338
SW1,Ethernet0/2,,up,up,2026-03-02_2133,2026-03-05T19:22:21.323077
SW1,Ethernet0/2,,up,up,2026-03-03_1754,2026-03-05T19:22:21.323077
SW1,Ethernet0/2,,up,up,2026-03-04_1124,2026-03-05T19:22:21.323077
SW1,Ethernet0/2,,up,up,2026-03-05_1918,2026-03-05T19:22:21.323077
SW1,Ethernet0/2,,up,up,2026-03-04_1109,2026-03-05T19:22:21.323077
SW1,Ethernet0/2,,up,up,2026-03-02_1810,2026-03-05T19:22:21.323077
SW1,Ethernet0/2,,up,up,2026-03-03_1944,2026-03-05T19:22:21.323077
SW1,Ethernet0/2,,up,up,2026-03-02_1652,2026-03-05T19:22:21.323077
SW1,Ethernet0/2,,up,up,2026-03-05_1559,2026-03-05T19:22:21.323077
SW1,Ethernet0/2,,up,up,2026-03-03_1951,2026-03-05T19:22:21.323077
SW1,Ethernet0/2,,up,up,2026-03-03_2009,2026-03-05T19:22:21.323077
SW1,Ethernet0/2,,up,up,2026-03-05_1615,2026-03-05T19:22:21.323077
SW1,Ethernet0/2,,up,up,2026-03-02_2127,2026-03-05T19:22:21.323077
SW1,Ethernet0/2,,up,up,2026-03-02_1717,2026-03-05T19:22:21.323077
SW1,Ethernet0/2,,up,up,2026-03-06_0246,2026-03-06T02:49:40.228626
SW1,Ethernet0/2,,up,up,2026-03-05_1627,2026-03-05T19:22:21.323077
SW1,Ethernet0/2,,up,up,2026-03-02_2110,2026-03-05T19:22:21.323077
SW1,Ethernet0/2,,up,up,2026-03-03_1751,2026-03-05T19:22:21.323077
SW1,Ethernet0/2,,up,up,2026-03-03_1940,2026-03-05T19:22:21.323077
SW1,Ethernet0/2,,up,up,2026-03-02_1829,2026-03-05T19:22:21.323077
SW1,Ethernet0/2,,up,up,2026-03-03_1746,2026-03-05T19:22:21.323077
SW1,Ethernet0/2,,up,up,2026-03-02_2038,2026-03-05T19:22:21.323077
SW1,Ethernet0/2,unassigned,up,up,2026-03-04_1115,2026-03-05T19:22:21.323077
SW1,Ethernet0/2,unassigned,up,up,2026-03-04_1109,2026-03-05T19:22:21.323077
SW1,Ethernet0/2,unassigned,up,up,2026-03-03_1951,2026-03-05T19:22:21.323077
SW1,Ethernet0/2,unassigned,up,up,2026-03-02_2038,2026-03-05T19:22:21.323077
SW1,Ethernet0/2,unassigned,up,up,2026-03-02_2133,2026-03-05T19:22:21.323077
SW1,Ethernet0/2,unassigned,up,up,2026-03-06_0931,2026-03-06T09:34:51.762338
SW1,Ethernet0/2,unassigned,up,up,2026-03-04_1124,2026-03-05T19:22:21.323077
SW1,Ethernet0/2,unassigned,up,up,2026-03-02_1829,2026-03-05T19:22:21.323077
SW1,Ethernet0/2,unassigned,up,up,2026-03-05_1615,2026-03-05T19:22:21.323077
SW1,Ethernet0/2,unassigned,up,up,2026-03-03_2009,2026-03-05T19:22:21.323077
SW1,Ethernet0/2,unassigned,up,up,2026-03-02_2110,2026-03-05T19:22:21.323077
SW1,Ethernet0/2,unassigned,up,up,2026-03-02_1810,2026-03-05T19:22:21.323077
SW1,Ethernet0/2,unassigned,up,up,2026-03-06_0246,2026-03-06T02:49:40.228626
SW1,Ethernet0/2,unassigned,up,up,2026-03-02_1652,2026-03-05T19:22:21.323077
SW1,Ethernet0/2,unassigned,up,up,2026-03-05_1559,2026-03-05T19:22:21.323077
SW1,Ethernet0/2,unassigned,up,up,2026-03-03_1940,2026-03-05T19:22:21.323077
SW1,Ethernet0/2,unassigned,up,up,2026-03-05_1918,2026-03-05T19:22:21.323077
SW1,Ethernet0/2,unassigned,up,up,2026-03-03_1944,2026-03-05T19:22:21.323077
SW1,Ethernet0/2,unassigned,up,up,2026-03-05_1627,2026-03-05T19:22:21.323077
SW1,Ethernet0/2,unassigned,up,up,2026-03-03_1746,2026-03-05T19:22:21.323077
SW1,Ethernet0/2,unassigned,up,up,2026-03-02_2246,2026-03-05T19:22:21.323077
SW1,Ethernet0/2,unassigned,up,up,2026-03-03_1754,2026-03-05T19:22:21.323077
SW1,Ethernet0/2,unassigned,up,up,2026-03-03_1751,2026-03-05T19:22:21.323077
SW1,Ethernet0/2,unassigned,up,up,2026-03-02_2127,2026-03-05T19:22:21.323077
SW1,Ethernet0/2,unassigned,up,up,2026-03-02_1717,2026-03-05T19:22:21.323077
SW1,Ethernet0/3,,up,up,2026-03-02_1810,2026-03-05T19:22:21.323077
SW1,Ethernet0/3,,up,up,2026-03-06_0931,2026-03-06T09:34:51.762338
SW1,Ethernet0/3,,up,up,2026-03-03_1940,2026-03-05T19:22:21.323077
SW1,Ethernet0/3,,up,up,2026-03-04_1109,2026-03-05T19:22:21.323077
SW1,Ethernet0/3,,up,up,2026-03-03_1746,2026-03-05T19:22:21.323077
SW1,Ethernet0/3,,up,up,2026-03-02_2038,2026-03-05T19:22:21.323077
SW1,Ethernet0/3,,up,up,2026-03-05_1627,2026-03-05T19:22:21.323077
SW1,Ethernet0/3,,up,up,2026-03-03_1751,2026-03-05T19:22:21.323077
SW1,Ethernet0/3,,up,up,2026-03-02_1829,2026-03-05T19:22:21.323077
SW1,Ethernet0/3,,up,up,2026-03-05_1615,2026-03-05T19:22:21.323077
SW1,Ethernet0/3,,up,up,2026-03-06_0246,2026-03-06T02:49:40.228626
SW1,Ethernet0/3,,up,up,2026-03-02_2127,2026-03-05T19:22:21.323077
SW1,Ethernet0/3,,up,up,2026-03-02_2110,2026-03-05T19:22:21.323077
SW1,Ethernet0/3,,up,up,2026-03-02_1717,2026-03-05T19:22:21.323077
SW1,Ethernet0/3,,up,up,2026-03-02_1652,2026-03-05T19:22:21.323077
SW1,Ethernet0/3,,up,up,2026-03-03_2009,2026-03-05T19:22:21.323077
SW1,Ethernet0/3,,up,up,2026-03-05_1559,2026-03-05T19:22:21.323077
SW1,Ethernet0/3,,up,up,2026-03-03_1951,2026-03-05T19:22:21.323077
SW1,Ethernet0/3,,up,up,2026-03-05_1918,2026-03-05T19:22:21.323077
SW1,Ethernet0/3,,up,up,2026-03-03_1944,2026-03-05T19:22:21.323077
SW1,Ethernet0/3,,up,up,2026-03-02_2246,2026-03-05T19:22:21.323077
SW1,Ethernet0/3,,up,up,2026-03-04_1124,2026-03-05T19:22:21.323077
SW1,Ethernet0/3,,up,up,2026-03-03_1754,2026-03-05T19:22:21.323077
SW1,Ethernet0/3,,up,up,2026-03-02_2133,2026-03-05T19:22:21.323077
SW1,Ethernet0/3,,up,up,2026-03-04_1115,2026-03-05T19:22:21.323077
SW1,Ethernet0/3,192.168.100.105,up,up,2026-03-02_2127,2026-03-05T19:22:21.323077
SW1,Ethernet0/3,192.168.100.105,up,up,2026-03-02_1717,2026-03-05T19:22:21.323077
SW1,Ethernet0/3,192.168.100.105,up,up,2026-03-04_1115,2026-03-05T19:22:21.323077
SW1,Ethernet0/3,192.168.100.105,up,up,2026-03-03_1754,2026-03-05T19:22:21.323077
SW1,Ethernet0/3,192.168.100.105,up,up,2026-03-04_1109,2026-03-05T19:22:21.323077
SW1,Ethernet0/3,192.168.100.105,up,up,2026-03-05_1627,2026-03-05T19:22:21.323077
SW1,Ethernet0/3,192.168.100.105,up,up,2026-03-03_1746,2026-03-05T19:22:21.323077
SW1,Ethernet0/3,192.168.100.105,up,up,2026-03-05_1918,2026-03-05T19:22:21.323077
SW1,Ethernet0/3,192.168.100.105,up,up,2026-03-03_1944,2026-03-05T19:22:21.323077
SW1,Ethernet0/3,192.168.100.105,up,up,2026-03-05_1559,2026-03-05T19:22:21.323077
SW1,Ethernet0/3,192.168.100.105,up,up,2026-03-02_2038,2026-03-05T19:22:21.323077
SW1,Ethernet0/3,192.168.100.105,up,up,2026-03-02_1829,2026-03-05T19:22:21.323077
SW1,Ethernet0/3,192.168.100.105,up,up,2026-03-02_2246,2026-03-05T19:22:21.323077
SW1,Ethernet0/3,192.168.100.105,up,up,2026-03-06_0246,2026-03-06T02:49:40.228626
SW1,Ethernet0/3,192.168.100.105,up,up,2026-03-02_1810,2026-03-05T19:22:21.323077
SW1,Ethernet0/3,192.168.100.105,up,up,2026-03-02_2110,2026-03-05T19:22:21.323077
SW1,Ethernet0/3,192.168.100.105,up,up,2026-03-03_2009,2026-03-05T19:22:21.323077
SW1,Ethernet0/3,192.168.100.105,up,up,2026-03-05_1615,2026-03-05T19:22:21.323077
SW1,Ethernet0/3,192.168.100.105,up,up,2026-03-04_1124,2026-03-05T19:22:21.323077
SW1,Ethernet0/3,192.168.100.105,up,up,2026-03-02_2133,2026-03-05T19:22:21.323077
SW1,Ethernet0/3,192.168.100.105,up,up,2026-03-02_1652,2026-03-05T19:22:21.323077
SW1,Ethernet0/3,192.168.100.105,up,up,2026-03-06_0931,2026-03-06T09:34:51.762338
SW1,Ethernet0/3,192.168.100.105,up,up,2026-03-03_1940,2026-03-05T19:22:21.323077
SW1,Ethernet0/3,192.168.100.105,up,up,2026-03-03_1951,2026-03-05T19:22:21.323077
SW1,Ethernet0/3,192.168.100.105,up,up,2026-03-03_1751,2026-03-05T19:22:21.323077
SW2,Et0/0,,up,up,2026-03-02_2127,2026-03-05T19:22:21.323077
SW2,Et0/0,,up,up,2026-03-03_1754,2026-03-05T19:22:21.323077
SW2,Et0/0,,up,up,2026-03-03_1746,2026-03-05T19:22:21.323077
SW2,Et0/0,,up,up,2026-03-05_1615,2026-03-05T19:22:21.323077
SW2,Et0/0,,up,up,2026-03-03_1940,2026-03-05T19:22:21.323077
SW2,Et0/0,,up,up,2026-03-02_2110,2026-03-05T19:22:21.323077
SW2,Et0/0,,up,up,2026-03-04_1109,2026-03-05T19:22:21.323077
SW2,Et0/0,,up,up,2026-03-02_1829,2026-03-05T19:22:21.323077
SW2,Et0/0,,up,up,2026-03-06_0931,2026-03-06T09:34:51.762338
SW2,Et0/0,,up,up,2026-03-02_1717,2026-03-05T19:22:21.323077
SW2,Et0/0,,up,up,2026-03-03_1951,2026-03-05T19:22:21.323077
SW2,Et0/0,,up,up,2026-03-05_1918,2026-03-05T19:22:21.323077
SW2,Et0/0,,up,up,2026-03-05_1627,2026-03-05T19:22:21.323077
SW2,Et0/0,,up,up,2026-03-02_2038,2026-03-05T19:22:21.323077
SW2,Et0/0,,up,up,2026-03-05_1559,2026-03-05T19:22:21.323077
SW2,Et0/0,,up,up,2026-03-04_1124,2026-03-05T19:22:21.323077
SW2,Et0/0,,up,up,2026-03-04_1115,2026-03-05T19:22:21.323077
SW2,Et0/0,,up,up,2026-03-02_1652,2026-03-05T19:22:21.323077
SW2,Et0/0,,up,up,2026-03-06_0246,2026-03-06T02:49:40.228626
SW2,Et0/0,,up,up,2026-03-03_1944,2026-03-05T19:22:21.323077
SW2,Et0/0,,up,up,2026-03-03_1751,2026-03-05T19:22:21.323077
SW2,Et0/0,,up,up,2026-03-02_2133,2026-03-05T19:22:21.323077
SW2,Et0/0,,up,up,2026-03-02_2246,2026-03-05T19:22:21.323077
SW2,Et0/0,,up,up,2026-03-03_2009,2026-03-05T19:22:21.323077
SW2,Et0/0,,up,up,2026-03-02_1810,2026-03-05T19:22:21.323077
SW2,Et0/0,,,connected,2026-03-02_1810,2026-03-05T19:22:21.323077
SW2,Et0/0,,,connected,2026-03-05_1615,2026-03-05T19:22:21.323077
SW2,Et0/0,,,connected,2026-03-03_1951,2026-03-05T19:22:21.323077
SW2,Et0/0,,,connected,2026-03-06_0931,2026-03-06T09:34:51.762338
SW2,Et0/0,,,connected,2026-03-03_1746,2026-03-05T19:22:21.323077
SW2,Et0/0,,,connected,2026-03-04_1124,2026-03-05T19:22:21.323077
SW2,Et0/0,,,connected,2026-03-02_2127,2026-03-05T19:22:21.323077
SW2,Et0/0,,,connected,2026-03-03_1751,2026-03-05T19:22:21.323077
SW2,Et0/0,,,connected,2026-03-05_1627,2026-03-05T19:22:21.323077
SW2,Et0/0,,,connected,2026-03-04_1115,2026-03-05T19:22:21.323077
SW2,Et0/0,,,connected,2026-03-06_0246,2026-03-06T02:49:40.228626
SW2,Et0/0,,,connected,2026-03-02_1717,2026-03-05T19:22:21.323077
SW2,Et0/0,,,connected,2026-03-04_1109,2026-03-05T19:22:21.323077
SW2,Et0/0,,,connected,2026-03-02_1652,2026-03-05T19:22:21.323077
SW2,Et0/0,,,connected,2026-03-05_1918,2026-03-05T19:22:21.323077
SW2,Et0/0,,,connected,2026-03-03_1940,2026-03-05T19:22:21.323077
SW2,Et0/0,,,connected,2026-03-03_2009,2026-03-05T19:22:21.323077
SW2,Et0/0,,,connected,2026-03-02_2246,2026-03-05T19:22:21.323077
SW2,Et0/0,,,connected,2026-03-05_1559,2026-03-05T19:22:21.323077
SW2,Et0/0,,,connected,2026-03-03_1944,2026-03-05T19:22:21.323077
SW2,Et0/0,,,connected,2026-03-02_1829,2026-03-05T19:22:21.323077
SW2,Et0/0,,,connected,2026-03-03_1754,2026-03-05T19:22:21.323077
SW2,Et0/0,,,connected,2026-03-02_2110,2026-03-05T19:22:21.323077
SW2,Et0/0,,,connected,2026-03-02_2133,2026-03-05T19:22:21.323077
SW2,Et0/0,,,connected,2026-03-02_2038,2026-03-05T19:22:21.323077
SW2,Et0/1,,up,up,2026-03-02_2246,2026-03-05T19:22:21.323077
SW2,Et0/1,,up,up,2026-03-04_1109,2026-03-05T19:22:21.323077
SW2,Et0/1,,up,up,2026-03-03_2009,2026-03-05T19:22:21.323077
SW2,Et0/1,,up,up,2026-03-02_1829,2026-03-05T19:22:21.323077
SW2,Et0/1,,up,up,2026-03-03_1751,2026-03-05T19:22:21.323077
SW2,Et0/1,,up,up,2026-03-05_1627,2026-03-05T19:22:21.323077
SW2,Et0/1,,up,up,2026-03-06_0246,2026-03-06T02:49:40.228626
SW2,Et0/1,,up,up,2026-03-03_1754,2026-03-05T19:22:21.323077
SW2,Et0/1,,up,up,2026-03-04_1115,2026-03-05T19:22:21.323077
SW2,Et0/1,,up,up,2026-03-02_1652,2026-03-05T19:22:21.323077
SW2,Et0/1,,up,up,2026-03-02_1810,2026-03-05T19:22:21.323077
SW2,Et0/1,,up,up,2026-03-02_2110,2026-03-05T19:22:21.323077
SW2,Et0/1,,up,up,2026-03-02_2127,2026-03-05T19:22:21.323077
SW2,Et0/1,,up,up,2026-03-02_2038,2026-03-05T19:22:21.323077
SW2,Et0/1,,up,up,2026-03-03_1746,2026-03-05T19:22:21.323077
SW2,Et0/1,,up,up,2026-03-05_1918,2026-03-05T19:22:21.323077
SW2,Et0/1,,up,up,2026-03-04_1124,2026-03-05T19:22:21.323077
SW2,Et0/1,,up,up,2026-03-05_1559,2026-03-05T19:22:21.323077
SW2,Et0/1,,up,up,2026-03-03_1951,2026-03-05T19:22:21.323077
SW2,Et0/1,,up,up,2026-03-02_1717,2026-03-05T19:22:21.323077
SW2,Et0/1,,up,up,2026-03-03_1940,2026-03-05T19:22:21.323077
SW2,Et0/1,,up,up,2026-03-02_2133,2026-03-05T19:22:21.323077
SW2,Et0/1,,up,up,2026-03-05_1615,2026-03-05T19:22:21.323077
SW2,Et0/1,,up,up,2026-03-06_0931,2026-03-06T09:34:51.762338
SW2,Et0/1,,up,up,2026-03-03_1944,2026-03-05T19:22:21.323077
SW2,Et0/1,,,connected,2026-03-05_1627,2026-03-05T19:22:21.323077
SW2,Et0/1,,,connected,2026-03-03_2009,2026-03-05T19:22:21.323077
SW2,Et0/1,,,connected,2026-03-02_1717,2026-03-05T19:22:21.323077
SW2,Et0/1,,,connected,2026-03-04_1115,2026-03-05T19:22:21.323077
SW2,Et0/1,,,connected,2026-03-06_0931,2026-03-06T09:34:51.762338
SW2,Et0/1,,,connected,2026-03-05_1615,2026-03-05T19:22:21.323077
SW2,Et0/1,,,connected,2026-03-06_0246,2026-03-06T02:49:40.228626
SW2,Et0/1,,,connected,2026-03-02_2038,2026-03-05T19:22:21.323077
SW2,Et0/1,,,connected,2026-03-02_1810,2026-03-05T19:22:21.323077
SW2,Et0/1,,,connected,2026-03-02_2133,2026-03-05T19:22:21.323077
SW2,Et0/1,,,connected,2026-03-03_1940,2026-03-05T19:22:21.323077
SW2,Et0/1,,,connected,2026-03-04_1109,2026-03-05T19:22:21.323077
SW2,Et0/1,,,connected,2026-03-03_1754,2026-03-05T19:22:21.323077
SW2,Et0/1,,,connected,2026-03-03_1746,2026-03-05T19:22:21.323077
SW2,Et0/1,,,connected,2026-03-02_1829,2026-03-05T19:22:21.323077
SW2,Et0/1,,,connected,2026-03-05_1559,2026-03-05T19:22:21.323077
SW2,Et0/1,,,connected,2026-03-02_2127,2026-03-05T19:22:21.323077
SW2,Et0/1,,,connected,2026-03-05_1918,2026-03-05T19:22:21.323077
SW2,Et0/1,,,connected,2026-03-03_1944,2026-03-05T19:22:21.323077
SW2,Et0/1,,,connected,2026-03-02_1652,2026-03-05T19:22:21.323077
SW2,Et0/1,,,connected,2026-03-03_1751,2026-03-05T19:22:21.323077
SW2,Et0/1,,,connected,2026-03-02_2110,2026-03-05T19:22:21.323077
SW2,Et0/1,,,connected,2026-03-02_2246,2026-03-05T19:22:21.323077
SW2,Et0/1,,,connected,2026-03-04_1124,2026-03-05T19:22:21.323077
SW2,Et0/1,,,connected,2026-03-03_1951,2026-03-05T19:22:21.323077
SW2,Et0/2,,up,up,2026-03-02_2038,2026-03-05T19:22:21.323077
SW2,Et0/2,,up,up,2026-03-03_1754,2026-03-05T19:22:21.323077
SW2,Et0/2,,up,up,2026-03-02_1717,2026-03-05T19:22:21.323077
SW2,Et0/2,,up,up,2026-03-02_2127,2026-03-05T19:22:21.323077
SW2,Et0/2,,up,up,2026-03-05_1615,2026-03-05T19:22:21.323077
SW2,Et0/2,,up,up,2026-03-06_0931,2026-03-06T09:34:51.762338
SW2,Et0/2,,up,up,2026-03-02_2133,2026-03-05T19:22:21.323077
SW2,Et0/2,,up,up,2026-03-04_1109,2026-03-05T19:22:21.323077
SW2,Et0/2,,up,up,2026-03-03_1951,2026-03-05T19:22:21.323077
SW2,Et0/2,,up,up,2026-03-03_1940,2026-03-05T19:22:21.323077
SW2,Et0/2,,up,up,2026-03-05_1918,2026-03-05T19:22:21.323077
SW2,Et0/2,,up,up,2026-03-05_1559,2026-03-05T19:22:21.323077
SW2,Et0/2,,up,up,2026-03-03_1746,2026-03-05T19:22:21.323077
SW2,Et0/2,,up,up,2026-03-02_2110,2026-03-05T19:22:21.323077
SW2,Et0/2,,up,up,2026-03-04_1124,2026-03-05T19:22:21.323077
SW2,Et0/2,,up,up,2026-03-02_1810,2026-03-05T19:22:21.323077
SW2,Et0/2,,up,up,2026-03-02_1652,2026-03-05T19:22:21.323077
SW2,Et0/2,,up,up,2026-03-04_1115,2026-03-05T19:22:21.323077
SW2,Et0/2,,up,up,2026-03-06_0246,2026-03-06T02:49:40.228626
SW2,Et0/2,,up,up,2026-03-03_1944,2026-03-05T19:22:21.323077
SW2,Et0/2,,up,up,2026-03-05_1627,2026-03-05T19:22:21.323077
SW2,Et0/2,,up,up,2026-03-02_1829,2026-03-05T19:22:21.323077
SW2,Et0/2,,up,up,2026-03-03_1751,2026-03-05T19:22:21.323077
SW2,Et0/2,,up,up,2026-03-03_2009,2026-03-05T19:22:21.323077
SW2,Et0/2,,up,up,2026-03-02_2246,2026-03-05T19:22:21.323077
SW2,Et0/2,,,connected,2026-03-03_1751,2026-03-05T19:22:21.323077
SW2,Et0/2,,,connected,2026-03-02_2127,2026-03-05T19:22:21.323077
SW2,Et0/2,,,connected,2026-03-02_2246,2026-03-05T19:22:21.323077
SW2,Et0/2,,,connected,2026-03-02_2110,2026-03-05T19:22:21.323077
SW2,Et0/2,,,connected,2026-03-05_1918,2026-03-05T19:22:21.323077
SW2,Et0/2,,,connected,2026-03-04_1124,2026-03-05T19:22:21.323077
SW2,Et0/2,,,connected,2026-03-03_2009,2026-03-05T19:22:21.323077
SW2,Et0/2,,,connected,2026-03-03_1944,2026-03-05T19:22:21.323077
SW2,Et0/2,,,connected,2026-03-02_1652,2026-03-05T19:22:21.323077
SW2,Et0/2,,,connected,2026-03-03_1951,2026-03-05T19:22:21.323077
SW2,Et0/2,,,connected,2026-03-05_1559,2026-03-05T19:22:21.323077
SW2,Et0/2,,,connected,2026-03-05_1627,2026-03-05T19:22:21.323077
SW2,Et0/2,,,connected,2026-03-04_1115,2026-03-05T19:22:21.323077
SW2,Et0/2,,,connected,2026-03-02_1829,2026-03-05T19:22:21.323077
SW2,Et0/2,,,connected,2026-03-04_1109,2026-03-05T19:22:21.323077
SW2,Et0/2,,,connected,2026-03-03_1746,2026-03-05T19:22:21.323077
SW2,Et0/2,,,connected,2026-03-03_1940,2026-03-05T19:22:21.323077
SW2,Et0/2,,,connected,2026-03-02_1810,2026-03-05T19:22:21.323077
SW2,Et0/2,,,connected,2026-03-02_2133,2026-03-05T19:22:21.323077
SW2,Et0/2,,,connected,2026-03-03_1754,2026-03-05T19:22:21.323077
SW2,Et0/2,,,connected,2026-03-06_0246,2026-03-06T02:49:40.228626
SW2,Et0/2,,,connected,2026-03-05_1615,2026-03-05T19:22:21.323077
SW2,Et0/2,,,connected,2026-03-02_2038,2026-03-05T19:22:21.323077
SW2,Et0/2,,,connected,2026-03-02_1717,2026-03-05T19:22:21.323077
SW2,Et0/2,,,connected,2026-03-06_0931,2026-03-06T09:34:51.762338
SW2,Et0/3,,up,up,2026-03-02_2038,2026-03-05T19:22:21.323077
SW2,Et0/3,,up,up,2026-03-02_1717,2026-03-05T19:22:21.323077
SW2,Et0/3,,up,up,2026-03-02_1810,2026-03-05T19:22:21.323077
SW2,Et0/3,,up,up,2026-03-03_1751,2026-03-05T19:22:21.323077
SW2,Et0/3,,up,up,2026-03-02_2133,2026-03-05T19:22:21.323077
SW2,Et0/3,,up,up,2026-03-03_2009,2026-03-05T19:22:21.323077
SW2,Et0/3,,up,up,2026-03-03_1754,2026-03-05T19:22:21.323077
SW2,Et0/3,,up,up,2026-03-04_1115,2026-03-05T19:22:21.323077
SW2,Et0/3,,up,up,2026-03-02_1829,2026-03-05T19:22:21.323077
SW2,Et0/3,,up,up,2026-03-03_1944,2026-03-05T19:22:21.323077
SW2,Et0/3,,up,up,2026-03-06_0246,2026-03-06T02:49:40.228626
SW2,Et0/3,,up,up,2026-03-05_1627,2026-03-05T19:22:21.323077
SW2,Et0/3,,up,up,2026-03-02_1652,2026-03-05T19:22:21.323077
SW2,Et0/3,,up,up,2026-03-04_1124,2026-03-05T19:22:21.323077
SW2,Et0/3,,up,up,2026-03-03_1940,2026-03-05T19:22:21.323077
SW2,Et0/3,,up,up,2026-03-02_2110,2026-03-05T19:22:21.323077
SW2,Et0/3,,up,up,2026-03-05_1559,2026-03-05T19:22:21.323077
SW2,Et0/3,,up,up,2026-03-05_1918,2026-03-05T19:22:21.323077
SW2,Et0/3,,up,up,2026-03-04_1109,2026-03-05T19:22:21.323077
SW2,Et0/3,,up,up,2026-03-03_1746,2026-03-05T19:22:21.323077
SW2,Et0/3,,up,up,2026-03-03_1951,2026-03-05T19:22:21.323077
SW2,Et0/3,,up,up,2026-03-06_0931,2026-03-06T09:34:51.762338
SW2,Et0/3,,up,up,2026-03-05_1615,2026-03-05T19:22:21.323077
SW2,Et0/3,,up,up,2026-03-02_2127,2026-03-05T19:22:21.323077
SW2,Et0/3,,up,up,2026-03-02_2246,2026-03-05T19:22:21.323077
SW2,Et0/3,,,connected,2026-03-02_1810,2026-03-05T19:22:21.323077
SW2,Et0/3,,,connected,2026-03-03_1746,2026-03-05T19:22:21.323077
SW2,Et0/3,,,connected,2026-03-04_1115,2026-03-05T19:22:21.323077
SW2,Et0/3,,,connected,2026-03-03_1940,2026-03-05T19:22:21.323077
SW2,Et0/3,,,connected,2026-03-06_0246,2026-03-06T02:49:40.228626
SW2,Et0/3,,,connected,2026-03-02_1717,2026-03-05T19:22:21.323077
SW2,Et0/3,,,connected,2026-03-02_2127,2026-03-05T19:22:21.323077
SW2,Et0/3,,,connected,2026-03-04_1109,2026-03-05T19:22:21.323077
SW2,Et0/3,,,connected,2026-03-03_1754,2026-03-05T19:22:21.323077
SW2,Et0/3,,,connected,2026-03-05_1627,2026-03-05T19:22:21.323077
SW2,Et0/3,,,connected,2026-03-05_1559,2026-03-05T19:22:21.323077
SW2,Et0/3,,,connected,2026-03-03_2009,2026-03-05T19:22:21.323077
SW2,Et0/3,,,connected,2026-03-02_2246,2026-03-05T19:22:21.323077
SW2,Et0/3,,,connected,2026-03-03_1751,2026-03-05T19:22:21.323077
SW2,Et0/3,,,connected,2026-03-03_1951,2026-03-05T19:22:21.323077
SW2,Et0/3,,,connected,2026-03-05_1918,2026-03-05T19:22:21.323077
SW2,Et0/3,,,connected,2026-03-02_2110,2026-03-05T19:22:21.323077
SW2,Et0/3,,,connected,2026-03-04_1124,2026-03-05T19:22:21.323077
SW2,Et0/3,,,connected,2026-03-03_1944,2026-03-05T19:22:21.323077
SW2,Et0/3,,,connected,2026-03-02_1829,2026-03-05T19:22:21.323077
SW2,Et0/3,,,connected,2026-03-02_1652,2026-03-05T19:22:21.323077
SW2,Et0/3,,,connected,2026-03-02_2133,2026-03-05T19:22:21.323077
SW2,Et0/3,,,connected,2026-03-05_1615,2026-03-05T19:22:21.323077
SW2,Et0/3,,,connected,2026-03-02_2038,2026-03-05T19:22:21.323077
SW2,Et0/3,,,connected,2026-03-06_0931,2026-03-06T09:34:51.762338
SW2,Ethernet0/0,,up,up,2026-03-02_2133,2026-03-05T19:22:21.323077
SW2,Ethernet0/0,,up,up,2026-03-05_1918,2026-03-05T19:22:21.323077
SW2,Ethernet0/0,,up,up,2026-03-06_0931,2026-03-06T09:34:51.762338
SW2,Ethernet0/0,,up,up,2026-03-02_2110,2026-03-05T19:22:21.323077
SW2,Ethernet0/0,,up,up,2026-03-05_1627,2026-03-05T19:22:21.323077
SW2,Ethernet0/0,,up,up,2026-03-04_1109,2026-03-05T19:22:21.323077
SW2,Ethernet0/0,,up,up,2026-03-06_0246,2026-03-06T02:49:40.228626
SW2,Ethernet0/0,,up,up,2026-03-05_1559,2026-03-05T19:22:21.323077
SW2,Ethernet0/0,,up,up,2026-03-03_1751,2026-03-05T19:22:21.323077
SW2,Ethernet0/0,,up,up,2026-03-03_1940,2026-03-05T19:22:21.323077
SW2,Ethernet0/0,,up,up,2026-03-04_1115,2026-03-05T19:22:21.323077
SW2,Ethernet0/0,,up,up,2026-03-03_2009,2026-03-05T19:22:21.323077
SW2,Ethernet0/0,,up,up,2026-03-04_1124,2026-03-05T19:22:21.323077
SW2,Ethernet0/0,,up,up,2026-03-02_2246,2026-03-05T19:22:21.323077
SW2,Ethernet0/0,,up,up,2026-03-02_1829,2026-03-05T19:22:21.323077
SW2,Ethernet0/0,,up,up,2026-03-02_1717,2026-03-05T19:22:21.323077
SW2,Ethernet0/0,,up,up,2026-03-03_1944,2026-03-05T19:22:21.323077
SW2,Ethernet0/0,,up,up,2026-03-03_1746,2026-03-05T19:22:21.323077
SW2,Ethernet0/0,,up,up,2026-03-02_2038,2026-03-05T19:22:21.323077
SW2,Ethernet0/0,,up,up,2026-03-03_1951,2026-03-05T19:22:21.323077
SW2,Ethernet0/0,,up,up,2026-03-03_1754,2026-03-05T19:22:21.323077
SW2,Ethernet0/0,,up,up,2026-03-02_2127,2026-03-05T19:22:21.323077
SW2,Ethernet0/0,,up,up,2026-03-02_1810,2026-03-05T19:22:21.323077
SW2,Ethernet0/0,,up,up,2026-03-02_1652,2026-03-05T19:22:21.323077
SW2,Ethernet0/0,,up,up,2026-03-05_1615,2026-03-05T19:22:21.323077
SW2,Ethernet0/0,unassigned,up,up,2026-03-02_2246,2026-03-05T19:22:21.323077
SW2,Ethernet0/0,unassigned,up,up,2026-03-04_1115,2026-03-05T19:22:21.323077
SW2,Ethernet0/0,unassigned,up,up,2026-03-02_1810,2026-03-05T19:22:21.323077
SW2,Ethernet0/0,unassigned,up,up,2026-03-02_2127,2026-03-05T19:22:21.323077
SW2,Ethernet0/0,unassigned,up,up,2026-03-03_1746,2026-03-05T19:22:21.323077
SW2,Ethernet0/0,unassigned,up,up,2026-03-04_1124,2026-03-05T19:22:21.323077
SW2,Ethernet0/0,unassigned,up,up,2026-03-06_0931,2026-03-06T09:34:51.762338
SW2,Ethernet0/0,unassigned,up,up,2026-03-02_2133,2026-03-05T19:22:21.323077
SW2,Ethernet0/0,unassigned,up,up,2026-03-03_1951,2026-03-05T19:22:21.323077
SW2,Ethernet0/0,unassigned,up,up,2026-03-02_2110,2026-03-05T19:22:21.323077
SW2,Ethernet0/0,unassigned,up,up,2026-03-05_1615,2026-03-05T19:22:21.323077
SW2,Ethernet0/0,unassigned,up,up,2026-03-06_0246,2026-03-06T02:49:40.228626
SW2,Ethernet0/0,unassigned,up,up,2026-03-05_1627,2026-03-05T19:22:21.323077
SW2,Ethernet0/0,unassigned,up,up,2026-03-03_1751,2026-03-05T19:22:21.323077
SW2,Ethernet0/0,unassigned,up,up,2026-03-03_1754,2026-03-05T19:22:21.323077
SW2,Ethernet0/0,unassigned,up,up,2026-03-02_1717,2026-03-05T19:22:21.323077
SW2,Ethernet0/0,unassigned,up,up,2026-03-02_2038,2026-03-05T19:22:21.323077
SW2,Ethernet0/0,unassigned,up,up,2026-03-04_1109,2026-03-05T19:22:21.323077
SW2,Ethernet0/0,unassigned,up,up,2026-03-02_1829,2026-03-05T19:22:21.323077
SW2,Ethernet0/0,unassigned,up,up,2026-03-03_2009,2026-03-05T19:22:21.323077
SW2,Ethernet0/0,unassigned,up,up,2026-03-02_1652,2026-03-05T19:22:21.323077
SW2,Ethernet0/0,unassigned,up,up,2026-03-03_1944,2026-03-05T19:22:21.323077
SW2,Ethernet0/0,unassigned,up,up,2026-03-05_1918,2026-03-05T19:22:21.323077
SW2,Ethernet0/0,unassigned,up,up,2026-03-03_1940,2026-03-05T19:22:21.323077
SW2,Ethernet0/0,unassigned,up,up,2026-03-05_1559,2026-03-05T19:22:21.323077
SW2,Ethernet0/1,,up,up,2026-03-02_2038,2026-03-05T19:22:21.323077
SW2,Ethernet0/1,,up,up,2026-03-03_1944,2026-03-05T19:22:21.323077
SW2,Ethernet0/1,,up,up,2026-03-06_0246,2026-03-06T02:49:40.228626
SW2,Ethernet0/1,,up,up,2026-03-02_1810,2026-03-05T19:22:21.323077
SW2,Ethernet0/1,,up,up,2026-03-04_1109,2026-03-05T19:22:21.323077
SW2,Ethernet0/1,,up,up,2026-03-05_1559,2026-03-05T19:22:21.323077
SW2,Ethernet0/1,,up,up,2026-03-03_1746,2026-03-05T19:22:21.323077
SW2,Ethernet0/1,,up,up,2026-03-04_1115,2026-03-05T19:22:21.323077
SW2,Ethernet0/1,,up,up,2026-03-03_1940,2026-03-05T19:22:21.323077
SW2,Ethernet0/1,,up,up,2026-03-03_1951,2026-03-05T19:22:21.323077
SW2,Ethernet0/1,,up,up,2026-03-03_2009,2026-03-05T19:22:21.323077
SW2,Ethernet0/1,,up,up,2026-03-03_1754,2026-03-05T19:22:21.323077
SW2,Ethernet0/1,,up,up,2026-03-04_1124,2026-03-05T19:22:21.323077
SW2,Ethernet0/1,,up,up,2026-03-06_0931,2026-03-06T09:34:51.762338
SW2,Ethernet0/1,,up,up,2026-03-02_2246,2026-03-05T19:22:21.323077
SW2,Ethernet0/1,,up,up,2026-03-02_2127,2026-03-05T19:22:21.323077
SW2,Ethernet0/1,,up,up,2026-03-05_1627,2026-03-05T19:22:21.323077
SW2,Ethernet0/1,,up,up,2026-03-02_1829,2026-03-05T19:22:21.323077
SW2,Ethernet0/1,,up,up,2026-03-05_1918,2026-03-05T19:22:21.323077
SW2,Ethernet0/1,,up,up,2026-03-02_1717,2026-03-05T19:22:21.323077
SW2,Ethernet0/1,,up,up,2026-03-02_2110,2026-03-05T19:22:21.323077
SW2,Ethernet0/1,,up,up,2026-03-02_2133,2026-03-05T19:22:21.323077
SW2,Ethernet0/1,,up,up,2026-03-02_1652,2026-03-05T19:22:21.323077
SW2,Ethernet0/1,,up,up,2026-03-05_1615,2026-03-05T19:22:21.323077
SW2,Ethernet0/1,,up,up,2026-03-03_1751,2026-03-05T19:22:21.323077
SW2,Ethernet0/1,unassigned,up,up,2026-03-02_2133,2026-03-05T19:22:21.323077
SW2,Ethernet0/1,unassigned,up,up,2026-03-02_2038,2026-03-05T19:22:21.323077
SW2,Ethernet0/1,unassigned,up,up,2026-03-02_2127,2026-03-05T19:22:21.323077
SW2,Ethernet0/1,unassigned,up,up,2026-03-05_1918,2026-03-05T19:22:21.323077
SW2,Ethernet0/1,unassigned,up,up,2026-03-03_1746,2026-03-05T19:22:21.323077
SW2,Ethernet0/1,unassigned,up,up,2026-03-04_1124,2026-03-05T19:22:21.323077
SW2,Ethernet0/1,unassigned,up,up,2026-03-06_0931,2026-03-06T09:34:51.762338
SW2,Ethernet0/1,unassigned,up,up,2026-03-03_1754,2026-03-05T19:22:21.323077
SW2,Ethernet0/1,unassigned,up,up,2026-03-05_1559,2026-03-05T19:22:21.323077
SW2,Ethernet0/1,unassigned,up,up,2026-03-03_1951,2026-03-05T19:22:21.323077
SW2,Ethernet0/1,unassigned,up,up,2026-03-02_1652,2026-03-05T19:22:21.323077
SW2,Ethernet0/1,unassigned,up,up,2026-03-02_2110,2026-03-05T19:22:21.323077
SW2,Ethernet0/1,unassigned,up,up,2026-03-05_1615,2026-03-05T19:22:21.323077
SW2,Ethernet0/1,unassigned,up,up,2026-03-02_2246,2026-03-05T19:22:21.323077
SW2,Ethernet0/1,unassigned,up,up,2026-03-06_0246,2026-03-06T02:49:40.228626
SW2,Ethernet0/1,unassigned,up,up,2026-03-03_1751,2026-03-05T19:22:21.323077
SW2,Ethernet0/1,unassigned,up,up,2026-03-03_1944,2026-03-05T19:22:21.323077
SW2,Ethernet0/1,unassigned,up,up,2026-03-05_1627,2026-03-05T19:22:21.323077
SW2,Ethernet0/1,unassigned,up,up,2026-03-02_1717,2026-03-05T19:22:21.323077
SW2,Ethernet0/1,unassigned,up,up,2026-03-03_1940,2026-03-05T19:22:21.323077
SW2,Ethernet0/1,unassigned,up,up,2026-03-04_1115,2026-03-05T19:22:21.323077
SW2,Ethernet0/1,unassigned,up,up,2026-03-02_1829,2026-03-05T19:22:21.323077
SW2,Ethernet0/1,unassigned,up,up,2026-03-03_2009,2026-03-05T19:22:21.323077
SW2,Ethernet0/1,unassigned,up,up,2026-03-04_1109,2026-03-05T19:22:21.323077
SW2,Ethernet0/1,unassigned,up,up,2026-03-02_1810,2026-03-05T19:22:21.323077
SW2,Ethernet0/2,,up,up,2026-03-02_1717,2026-03-05T19:22:21.323077
SW2,Ethernet0/2,,up,up,2026-03-06_0246,2026-03-06T02:49:40.228626
SW2,Ethernet0/2,,up,up,2026-03-02_1810,2026-03-05T19:22:21.323077
SW2,Ethernet0/2,,up,up,2026-03-05_1615,2026-03-05T19:22:21.323077
SW2,Ethernet0/2,,up,up,2026-03-02_1652,2026-03-05T19:22:21.323077
SW2,Ethernet0/2,,up,up,2026-03-05_1627,2026-03-05T19:22:21.323077
SW2,Ethernet0/2,,up,up,2026-03-02_2133,2026-03-05T19:22:21.323077
SW2,Ethernet0/2,,up,up,2026-03-05_1918,2026-03-05T19:22:21.323077
SW2,Ethernet0/2,,up,up,2026-03-02_1829,2026-03-05T19:22:21.323077
SW2,Ethernet0/2,,up,up,2026-03-02_2110,2026-03-05T19:22:21.323077
SW2,Ethernet0/2,,up,up,2026-03-04_1124,2026-03-05T19:22:21.323077
SW2,Ethernet0/2,,up,up,2026-03-02_2127,2026-03-05T19:22:21.323077
SW2,Ethernet0/2,,up,up,2026-03-02_2246,2026-03-05T19:22:21.323077
SW2,Ethernet0/2,,up,up,2026-03-03_1944,2026-03-05T19:22:21.323077
SW2,Ethernet0/2,,up,up,2026-03-03_1754,2026-03-05T19:22:21.323077
SW2,Ethernet0/2,,up,up,2026-03-03_2009,2026-03-05T19:22:21.323077
SW2,Ethernet0/2,,up,up,2026-03-04_1109,2026-03-05T19:22:21.323077
SW2,Ethernet0/2,,up,up,2026-03-03_1951,2026-03-05T19:22:21.323077
SW2,Ethernet0/2,,up,up,2026-03-03_1940,2026-03-05T19:22:21.323077
SW2,Ethernet0/2,,up,up,2026-03-06_0931,2026-03-06T09:34:51.762338
SW2,Ethernet0/2,,up,up,2026-03-04_1115,2026-03-05T19:22:21.323077
SW2,Ethernet0/2,,up,up,2026-03-03_1746,2026-03-05T19:22:21.323077
SW2,Ethernet0/2,,up,up,2026-03-03_1751,2026-03-05T19:22:21.323077
SW2,Ethernet0/2,,up,up,2026-03-05_1559,2026-03-05T19:22:21.323077
SW2,Ethernet0/2,,up,up,2026-03-02_2038,2026-03-05T19:22:21.323077
SW2,Ethernet0/2,unassigned,up,up,2026-03-02_2133,2026-03-05T19:22:21.323077
SW2,Ethernet0/2,unassigned,up,up,2026-03-02_2246,2026-03-05T19:22:21.323077
SW2,Ethernet0/2,unassigned,up,up,2026-03-02_2127,2026-03-05T19:22:21.323077
SW2,Ethernet0/2,unassigned,up,up,2026-03-03_2009,2026-03-05T19:22:21.323077
SW2,Ethernet0/2,unassigned,up,up,2026-03-04_1124,2026-03-05T19:22:21.323077
SW2,Ethernet0/2,unassigned,up,up,2026-03-04_1109,2026-03-05T19:22:21.323077
SW2,Ethernet0/2,unassigned,up,up,2026-03-03_1746,2026-03-05T19:22:21.323077
SW2,Ethernet0/2,unassigned,up,up,2026-03-04_1115,2026-03-05T19:22:21.323077
SW2,Ethernet0/2,unassigned,up,up,2026-03-06_0931,2026-03-06T09:34:51.762338
SW2,Ethernet0/2,unassigned,up,up,2026-03-02_1717,2026-03-05T19:22:21.323077
SW2,Ethernet0/2,unassigned,up,up,2026-03-02_2038,2026-03-05T19:22:21.323077
SW2,Ethernet0/2,unassigned,up,up,2026-03-03_1754,2026-03-05T19:22:21.323077
SW2,Ethernet0/2,unassigned,up,up,2026-03-05_1918,2026-03-05T19:22:21.323077
SW2,Ethernet0/2,unassigned,up,up,2026-03-02_1829,2026-03-05T19:22:21.323077
SW2,Ethernet0/2,unassigned,up,up,2026-03-05_1559,2026-03-05T19:22:21.323077
SW2,Ethernet0/2,unassigned,up,up,2026-03-05_1627,2026-03-05T19:22:21.323077
SW2,Ethernet0/2,unassigned,up,up,2026-03-02_1652,2026-03-05T19:22:21.323077
SW2,Ethernet0/2,unassigned,up,up,2026-03-03_1944,2026-03-05T19:22:21.323077
SW2,Ethernet0/2,unassigned,up,up,2026-03-02_1810,2026-03-05T19:22:21.323077
SW2,Ethernet0/2,unassigned,up,up,2026-03-02_2110,2026-03-05T19:22:21.323077
SW2,Ethernet0/2,unassigned,up,up,2026-03-06_0246,2026-03-06T02:49:40.228626
SW2,Ethernet0/2,unassigned,up,up,2026-03-03_1951,2026-03-05T19:22:21.323077
SW2,Ethernet0/2,unassigned,up,up,2026-03-03_1751,2026-03-05T19:22:21.323077
SW2,Ethernet0/2,unassigned,up,up,2026-03-05_1615,2026-03-05T19:22:21.323077
SW2,Ethernet0/2,unassigned,up,up,2026-03-03_1940,2026-03-05T19:22:21.323077
SW2,Ethernet0/3,,up,up,2026-03-02_1717,2026-03-05T19:22:21.323077
SW2,Ethernet0/3,,up,up,2026-03-05_1559,2026-03-05T19:22:21.323077
SW2,Ethernet0/3,,up,up,2026-03-03_1751,2026-03-05T19:22:21.323077
SW2,Ethernet0/3,,up,up,2026-03-03_1940,2026-03-05T19:22:21.323077
SW2,Ethernet0/3,,up,up,2026-03-02_2246,2026-03-05T19:22:21.323077
SW2,Ethernet0/3,,up,up,2026-03-03_2009,2026-03-05T19:22:21.323077
SW2,Ethernet0/3,,up,up,2026-03-06_0246,2026-03-06T02:49:40.228626
SW2,Ethernet0/3,,up,up,2026-03-04_1115,2026-03-05T19:22:21.323077
SW2,Ethernet0/3,,up,up,2026-03-02_1810,2026-03-05T19:22:21.323077
SW2,Ethernet0/3,,up,up,2026-03-02_1829,2026-03-05T19:22:21.323077
SW2,Ethernet0/3,,up,up,2026-03-02_1652,2026-03-05T19:22:21.323077
SW2,Ethernet0/3,,up,up,2026-03-02_2038,2026-03-05T19:22:21.323077
SW2,Ethernet0/3,,up,up,2026-03-05_1615,2026-03-05T19:22:21.323077
SW2,Ethernet0/3,,up,up,2026-03-03_1944,2026-03-05T19:22:21.323077
SW2,Ethernet0/3,,up,up,2026-03-02_2133,2026-03-05T19:22:21.323077
SW2,Ethernet0/3,,up,up,2026-03-05_1918,2026-03-05T19:22:21.323077
SW2,Ethernet0/3,,up,up,2026-03-02_2127,2026-03-05T19:22:21.323077
SW2,Ethernet0/3,,up,up,2026-03-03_1951,2026-03-05T19:22:21.323077
SW2,Ethernet0/3,,up,up,2026-03-03_1754,2026-03-05T19:22:21.323077
SW2,Ethernet0/3,,up,up,2026-03-06_0931,2026-03-06T09:34:51.762338
SW2,Ethernet0/3,,up,up,2026-03-02_2110,2026-03-05T19:22:21.323077
SW2,Ethernet0/3,,up,up,2026-03-05_1627,2026-03-05T19:22:21.323077
SW2,Ethernet0/3,,up,up,2026-03-03_1746,2026-03-05T19:22:21.323077
SW2,Ethernet0/3,,up,up,2026-03-04_1124,2026-03-05T19:22:21.323077
SW2,Ethernet0/3,,up,up,2026-03-04_1109,2026-03-05T19:22:21.323077
SW2,Ethernet0/3,192.168.100.106,up,up,2026-03-03_1951,2026-03-05T19:22:21.323077
SW2,Ethernet0/3,192.168.100.106,up,up,2026-03-05_1918,2026-03-05T19:22:21.323077
SW2,Ethernet0/3,192.168.100.106,up,up,2026-03-05_1615,2026-03-05T19:22:21.323077
SW2,Ethernet0/3,192.168.100.106,up,up,2026-03-06_0246,2026-03-06T02:49:40.228626
SW2,Ethernet0/3,192.168.100.106,up,up,2026-03-02_1652,2026-03-05T19:22:21.323077
SW2,Ethernet0/3,192.168.100.106,up,up,2026-03-02_2246,2026-03-05T19:22:21.323077
SW2,Ethernet0/3,192.168.100.106,up,up,2026-03-02_2110,2026-03-05T19:22:21.323077
SW2,Ethernet0/3,192.168.100.106,up,up,2026-03-03_1751,2026-03-05T19:22:21.323077
SW2,Ethernet0/3,192.168.100.106,up,up,2026-03-03_1754,2026-03-05T19:22:21.323077
SW2,Ethernet0/3,192.168.100.106,up,up,2026-03-03_1944,2026-03-05T19:22:21.323077
SW2,Ethernet0/3,192.168.100.106,up,up,2026-03-05_1559,2026-03-05T19:22:21.323077
SW2,Ethernet0/3,192.168.100.106,up,up,2026-03-03_1746,2026-03-05T19:22:21.323077
SW2,Ethernet0/3,192.168.100.106,up,up,2026-03-02_2038,2026-03-05T19:22:21.323077
SW2,Ethernet0/3,192.168.100.106,up,up,2026-03-04_1115,2026-03-05T19:22:21.323077
SW2,Ethernet0/3,192.168.100.106,up,up,2026-03-06_0931,2026-03-06T09:34:51.762338
SW2,Ethernet0/3,192.168.100.106,up,up,2026-03-04_1109,2026-03-05T19:22:21.323077
SW2,Ethernet0/3,192.168.100.106,up,up,2026-03-02_1717,2026-03-05T19:22:21.323077
SW2,Ethernet0/3,192.168.100.106,up,up,2026-03-03_2009,2026-03-05T19:22:21.323077
SW2,Ethernet0/3,192.168.100.106,up,up,2026-03-04_1124,2026-03-05T19:22:21.323077
SW2,Ethernet0/3,192.168.100.106,up,up,2026-03-02_1810,2026-03-05T19:22:21.323077
SW2,Ethernet0/3,192.168.100.106,up,up,2026-03-02_1829,2026-03-05T19:22:21.323077
SW2,Ethernet0/3,192.168.100.106,up,up,2026-03-03_1940,2026-03-05T19:22:21.323077
SW2,Ethernet0/3,192.168.100.106,up,up,2026-03-02_2127,2026-03-05T19:22:21.323077
SW2,Ethernet0/3,192.168.100.106,up,up,2026-03-02_2133,2026-03-05T19:22:21.323077
SW2,Ethernet0/3,192.168.100.106,up,up,2026-03-05_1627,2026-03-05T19:22:21.323077
