source_type,source_name,platform,fields,description,updated_at
textfsm,show chassis,alcatel_aos,"[{""name"": ""chassis_id"", ""type"": ""str""}, {""name"": ""model_name"", ""type"": ""str""}, {""name"": ""module_type"", ""type"": ""str""}, {""name"": ""description"", ""type"": ""str""}, {""name"": ""part_number"", ""type"": ""str""}, {""name"": ""hardware_revision"", ""type"": ""str""}, {""name"": ""serial_number"", ""type"": ""str""}, {""name"": ""manufacture_date"", ""type"": ""str""}, {""name"": ""admin_status"", ""type"": ""str""}, {""name"": ""operational_status"", ""type"": ""str""}, {""name"": ""number_of_resets"", ""type"": ""str""}, {""name"": ""mac_address"", ""type"": ""str""}]",TextFSM template: alcatel_aos_show_chassis.textfsm,2026-02-27T16:43:55.232384
textfsm,show interfaces alias,alcatel_aos,"[{""name"": ""port"", ""type"": ""str""}, {""name"": ""admin_status"", ""type"": ""str""}, {""name"": ""link_status"", ""type"": ""str""}, {""name"": ""wait_to_restore"", ""type"": ""str""}, {""name"": ""wait_to_shutdown"", ""type"": ""str""}, {""name"": ""alias"", ""type"": ""str""}]",TextFSM template: alcatel_aos_show_interfaces_alias.textfsm,2026-02-27T16:43:55.232384
textfsm,show interfaces ethernet,alcatel_aos,"[{""name"": ""port"", ""type"": ""str""}, {""name"": ""status"", ""type"": ""str""}, {""name"": ""admin_status"", ""type"": ""str""}, {""name"": ""port_down_violation_reason"", ""type"": ""str""}, {""name"": ""last_time_link_changed"", ""type"": ""str""}, {""name"": ""number_of_status_change"", ""type"": ""str""}, {""name"": ""port_type"", ""type"": ""str""}, {""name"": ""sfp_xfp"", ""type"": ""str""}, {""name"": ""interface_type"", ""type"": ""str""}, {""name"": ""ethernet_power_policy"", ""type"": ""str""}, {""name"": ""link_quality"", ""type"": ""str""}, {""name"": ""mac_address"", ""type"": ""str""}, {""name"": ""bandwidth"", ""type"": ""str""}, {""name"": ""duplex"", ""type"": ""str""}, {""name"": ""autonegotiation"", ""type"": ""str""}, {""name"": ""long_frame_size"", ""type"": ""str""}, {""name"": ""inter_frame_gap"", ""type"": ""str""}, {""name"": ""loopback_mode"", ""type"": ""str""}, {""name"": ""rx_bytes_received"", ""type"": ""str""}, {""name"": ""rx_broadcast_frames"", ""type"": ""str""}, {""name"": ""rx_undersize_frames"", ""type"": ""str""}, {""name"": ""rx_lost_frames"", ""type"": ""str""}, {""name"": ""rx_crc_error_frames"", ""type"": ""str""}, {""name"": ""rx_unicast_frames"", ""type"": ""str""}, {""name"": ""rx_multicast_frames"", ""type"": ""str""}, {""name"": ""rx_oversize_frames"", ""type"": ""str""}, {""name"": ""rx_error_frames"", ""type"": ""str""}, {""name"": ""rx_alignment_errors"", ""type"": ""str""}, {""name"": ""tx_bytes_transmitted"", ""type"": ""str""}, {""name"": ""tx_broadcast_frames"", ""type"": ""str""}, {""name"": ""tx_undersize_frames"", ""type"": ""str""}, {""name"": ""tx_lost_frames"", ""type"": ""str""}, {""name"": ""tx_error_frames"", ""type"": ""str""}, {""name"": ""tx_unicast_frames"", ""type"": ""str""}, {""name"": ""tx_multicast_frames"", ""type"": ""str""}, {""name"": ""tx_oversize_frames"", ""type"": ""str""}, {""name"": ""tx_collided_frames"", ""type"": ""str""}, {""name"": ""tx_collisions"", ""type"": ""str""}, {""name"": ""tx_late_collisions"", ""type"": ""str""}, {""name"": ""tx_excessive_collisions"", ""type"": ""str""}]",TextFSM template: alcatel_aos_show_interfaces_ethernet.textfsm,2026-02-27T16:43:55.232384
textfsm,show interfaces port,alcatel_aos,"[{""name"": ""port"", ""type"": ""str""}, {""name"": ""permanent_shutdown"", ""type"": ""str""}, {""name"": ""admin_status"", ""type"": ""str""}, {""name"": ""link_status"", ""type"": ""str""}, {""name"": ""violations"", ""type"": ""str""}, {""name"": ""recovery_time"", ""type"": ""str""}, {""name"": ""recovery_max"", ""type"": ""str""}, {""name"": ""wtr_running"", ""type"": ""str""}, {""name"": ""wtr_time"", ""type"": ""str""}, {""name"": ""wait_to_shutdown"", ""type"": ""str""}, {""name"": ""alias"", ""type"": ""str""}]",TextFSM template: alcatel_aos_show_interfaces_port.textfsm,2026-02-27T16:43:55.232384
textfsm,show interfaces status,alcatel_aos,"[{""name"": ""port"", ""type"": ""str""}, {""name"": ""admin_status"", ""type"": ""str""}, {""name"": ""auto_negotiation"", ""type"": ""str""}, {""name"": ""detected_speed"", ""type"": ""str""}, {""name"": ""detected_duplex"", ""type"": ""str""}, {""name"": ""detected_hybrid"", ""type"": ""str""}, {""name"": ""detected_pause"", ""type"": ""str""}, {""name"": ""detected_fec"", ""type"": ""str""}, {""name"": ""configured_speed"", ""type"": ""str""}, {""name"": ""configured_duplex"", ""type"": ""str""}, {""name"": ""configured_hybrid"", ""type"": ""str""}, {""name"": ""configured_pause"", ""type"": ""str""}, {""name"": ""configured_fec"", ""type"": ""str""}, {""name"": ""link_trap"", ""type"": ""str""}, {""name"": ""energy_efficient_ethernet"", ""type"": ""str""}]",TextFSM template: alcatel_aos_show_interfaces_status.textfsm,2026-02-27T16:43:55.232384
textfsm,show linkagg alias,alcatel_aos,"[{""name"": ""number"", ""type"": ""str""}, {""name"": ""aggregate"", ""type"": ""str""}, {""name"": ""size"", ""type"": ""str""}, {""name"": ""admin_state"", ""type"": ""str""}, {""name"": ""operational_state"", ""type"": ""str""}, {""name"": ""n_attached_ports"", ""type"": ""str""}, {""name"": ""n_possible_ports"", ""type"": ""str""}, {""name"": ""name"", ""type"": ""str""}]",TextFSM template: alcatel_aos_show_linkagg_alias.textfsm,2026-02-27T16:43:55.232384
textfsm,show linkagg port,alcatel_aos,"[{""name"": ""interface"", ""type"": ""str""}, {""name"": ""aggregate_type"", ""type"": ""str""}, {""name"": ""snmp_id"", ""type"": ""str""}, {""name"": ""status"", ""type"": ""str""}, {""name"": ""aggregate"", ""type"": ""str""}, {""name"": ""operational_status"", ""type"": ""str""}, {""name"": ""link_status"", ""type"": ""str""}, {""name"": ""primary"", ""type"": ""str""}]",TextFSM template: alcatel_aos_show_linkagg_port.textfsm,2026-02-27T16:43:55.232384
textfsm,show lldp remote-system,alcatel_aos,"[{""name"": ""local_interface"", ""type"": ""str""}, {""name"": ""chassis_id"", ""type"": ""str""}, {""name"": ""mac_address"", ""type"": ""str""}, {""name"": ""remote_id"", ""type"": ""str""}, {""name"": ""chassis_subtype"", ""type"": ""str""}, {""name"": ""port_subtype"", ""type"": ""str""}, {""name"": ""neighbor_interface"", ""type"": ""str""}, {""name"": ""neighbor_name"", ""type"": ""str""}, {""name"": ""neighbor_description"", ""type"": ""str""}, {""name"": ""capabilities_supported"", ""type"": ""str""}, {""name"": ""capabilities_enabled"", ""type"": ""str""}, {""name"": ""mgmt_address"", ""type"": ""str""}, {""name"": ""med_device_type"", ""type"": ""str""}, {""name"": ""med_capabilities"", ""type"": ""str""}, {""name"": ""med_extension_tlvs_present"", ""type"": ""str""}, {""name"": ""power_device_type"", ""type"": ""str""}, {""name"": ""power_source"", ""type"": ""str""}, {""name"": ""power_priority"", ""type"": ""str""}, {""name"": ""power_requested"", ""type"": ""str""}, {""name"": ""remote_port_mac_phy_autoneg"", ""type"": ""str""}, {""name"": ""vlan_id"", ""type"": ""str""}, {""name"": ""protocol_vlan_id"", ""type"": ""str""}, {""name"": ""vlan_name"", ""type"": ""str""}, {""name"": ""mau_type"", ""type"": ""str""}]",TextFSM template: alcatel_aos_show_lldp_remote-system.textfsm,2026-02-27T16:43:55.232384
textfsm,show mac-address-table,alcatel_aos,"[{""name"": ""vlan_id"", ""type"": ""str""}, {""name"": ""address_not_valid"", ""type"": ""str""}, {""name"": ""domain"", ""type"": ""str""}, {""name"": ""mac"", ""type"": ""str""}, {""name"": ""type"", ""type"": ""str""}, {""name"": ""protocol"", ""type"": ""str""}, {""name"": ""operation"", ""type"": ""str""}, {""name"": ""interface"", ""type"": ""str""}]",TextFSM template: alcatel_aos_show_mac-address-table.textfsm,2026-02-27T16:43:55.232384
textfsm,show port-security,alcatel_aos,"[{""name"": ""port"", ""type"": ""str""}, {""name"": ""operation_mode"", ""type"": ""str""}, {""name"": ""admin_state"", ""type"": ""str""}, {""name"": ""max_mac_bridged"", ""type"": ""str""}, {""name"": ""trap_threshold"", ""type"": ""str""}, {""name"": ""max_mac_filtered"", ""type"": ""str""}, {""name"": ""violation_type"", ""type"": ""str""}, {""name"": ""violation_mac"", ""type"": ""str""}, {""name"": ""pkt_relay"", ""type"": ""str""}]",TextFSM template: alcatel_aos_show_port-security.textfsm,2026-02-27T16:43:55.232384
textfsm,show system,alcatel_aos,"[{""name"": ""description"", ""type"": ""str""}, {""name"": ""object_id"", ""type"": ""str""}, {""name"": ""uptime"", ""type"": ""str""}, {""name"": ""contact"", ""type"": ""str""}, {""name"": ""name"", ""type"": ""str""}, {""name"": ""location"", ""type"": ""str""}, {""name"": ""services"", ""type"": ""str""}, {""name"": ""datetime"", ""type"": ""str""}, {""name"": ""available"", ""type"": ""str""}, {""name"": ""comments"", ""type"": ""str""}]",TextFSM template: alcatel_aos_show_system.textfsm,2026-02-27T16:43:55.232384
textfsm,show vlan,alcatel_aos,"[{""name"": ""vlan_id"", ""type"": ""str""}, {""name"": ""type"", ""type"": ""str""}, {""name"": ""admin_state"", ""type"": ""str""}, {""name"": ""operational_state"", ""type"": ""str""}, {""name"": ""spanning_tree_1x1"", ""type"": ""str""}, {""name"": ""spanning_tree_flat"", ""type"": ""str""}, {""name"": ""auth"", ""type"": ""str""}, {""name"": ""ip_state"", ""type"": ""str""}, {""name"": ""mbletag"", ""type"": ""str""}, {""name"": ""source_learn"", ""type"": ""str""}, {""name"": ""mtu"", ""type"": ""str""}, {""name"": ""vlan_name"", ""type"": ""str""}]",TextFSM template: alcatel_aos_show_vlan.textfsm,2026-02-27T16:43:55.232384
textfsm,show vlan port,alcatel_aos,"[{""name"": ""vlan_id"", ""type"": ""str""}, {""name"": ""port"", ""type"": ""str""}, {""name"": ""type"", ""type"": ""str""}, {""name"": ""status"", ""type"": ""str""}]",TextFSM template: alcatel_aos_show_vlan_port.textfsm,2026-02-27T16:43:55.232384
textfsm,oam mac-ping,alcatel_sros,"[{""name"": ""router"", ""type"": ""str""}, {""name"": ""port"", ""type"": ""str""}, {""name"": ""tag"", ""type"": ""str""}]",TextFSM template: alcatel_sros_oam_mac-ping.textfsm,2026-02-27T16:43:55.232384
textfsm,ping,alcatel_sros,"[{""name"": ""destination"", ""type"": ""str""}, {""name"": ""sent_qty"", ""type"": ""str""}, {""name"": ""success_qty"", ""type"": ""str""}, {""name"": ""loss_pct"", ""type"": ""str""}, {""name"": ""response_stream"", ""type"": ""str""}, {""name"": ""duplicate_qty"", ""type"": ""str""}, {""name"": ""bounce_qty"", ""type"": ""str""}, {""name"": ""rtt_avg"", ""type"": ""str""}, {""name"": ""rtt_max"", ""type"": ""str""}, {""name"": ""rtt_min"", ""type"": ""str""}, {""name"": ""std_dev"", ""type"": ""str""}, {""name"": ""pkt_size"", ""type"": ""str""}]",TextFSM template: alcatel_sros_ping.textfsm,2026-02-27T16:43:55.232384
textfsm,show lag,alcatel_sros,"[{""name"": ""lag_id"", ""type"": ""str""}, {""name"": ""adm"", ""type"": ""str""}, {""name"": ""opr"", ""type"": ""str""}, {""name"": ""weighted"", ""type"": ""str""}, {""name"": ""threshold"", ""type"": ""str""}, {""name"": ""up_count"", ""type"": ""str""}, {""name"": ""mc_act_stdby"", ""type"": ""str""}]",TextFSM template: alcatel_sros_show_lag.textfsm,2026-02-27T16:43:55.232384
textfsm,show lag port,alcatel_sros,"[{""name"": ""lag_id"", ""type"": ""str""}, {""name"": ""port_id"", ""type"": ""str""}, {""name"": ""admin_status"", ""type"": ""str""}, {""name"": ""active_status"", ""type"": ""str""}, {""name"": ""operational_status"", ""type"": ""str""}, {""name"": ""primary"", ""type"": ""str""}, {""name"": ""sub_group"", ""type"": ""str""}, {""name"": ""forced"", ""type"": ""str""}, {""name"": ""priority"", ""type"": ""str""}]",TextFSM template: alcatel_sros_show_lag_port.textfsm,2026-02-27T16:43:55.232384
textfsm,show port,alcatel_sros,"[{""name"": ""port_id"", ""type"": ""str""}, {""name"": ""admin_state"", ""type"": ""str""}, {""name"": ""link"", ""type"": ""str""}, {""name"": ""port_state"", ""type"": ""str""}, {""name"": ""cfg_mtu"", ""type"": ""str""}, {""name"": ""oper_mtu"", ""type"": ""str""}, {""name"": ""lag"", ""type"": ""str""}, {""name"": ""port_mode"", ""type"": ""str""}, {""name"": ""port_encp"", ""type"": ""str""}, {""name"": ""port_type"", ""type"": ""str""}, {""name"": ""c_qs_s_xfp_mdimdx"", ""type"": ""str""}]",TextFSM template: alcatel_sros_show_port.textfsm,2026-02-27T16:43:55.232384
textfsm,show port description,alcatel_sros,"[{""name"": ""port_id"", ""type"": ""str""}, {""name"": ""description"", ""type"": ""str""}]",TextFSM template: alcatel_sros_show_port_description.textfsm,2026-02-27T16:43:55.232384
textfsm,show router bgp routes vpn-ipv4,alcatel_sros,"[{""name"": ""in_out_use"", ""type"": ""str""}, {""name"": ""rd"", ""type"": ""str""}, {""name"": ""network"", ""type"": ""str""}, {""name"": ""prefix_length"", ""type"": ""str""}, {""name"": ""local_pref"", ""type"": ""str""}, {""name"": ""med"", ""type"": ""str""}, {""name"": ""next_hop"", ""type"": ""str""}, {""name"": ""path_id"", ""type"": ""str""}, {""name"": ""label"", ""type"": ""str""}, {""name"": ""as_path"", ""type"": ""str""}]",TextFSM template: alcatel_sros_show_router_bgp_routes_vpn-ipv4.textfsm,2026-02-27T16:43:55.232384
textfsm,show router bgp summary family,alcatel_sros,"[{""name"": ""neighbor"", ""type"": ""str""}, {""name"": ""as"", ""type"": ""str""}, {""name"": ""pktrcvd"", ""type"": ""str""}, {""name"": ""pktsent"", ""type"": ""str""}, {""name"": ""inq"", ""type"": ""str""}, {""name"": ""outq"", ""type"": ""str""}, {""name"": ""up_down"", ""type"": ""str""}, {""name"": ""state"", ""type"": ""str""}, {""name"": ""rcv"", ""type"": ""str""}, {""name"": ""act"", ""type"": ""str""}, {""name"": ""sent"", ""type"": ""str""}]",TextFSM template: alcatel_sros_show_router_bgp_summary_family.textfsm,2026-02-27T16:43:55.232384
textfsm,show router interface,alcatel_sros,"[{""name"": ""interface"", ""type"": ""str""}, {""name"": ""admin_state"", ""type"": ""str""}, {""name"": ""oper_state_v4"", ""type"": ""str""}, {""name"": ""oper_state_v6"", ""type"": ""str""}, {""name"": ""mode"", ""type"": ""str""}, {""name"": ""port_sap_id"", ""type"": ""str""}, {""name"": ""ip_address"", ""type"": ""str""}, {""name"": ""pfx_state"", ""type"": ""str""}]",TextFSM template: alcatel_sros_show_router_interface.textfsm,2026-02-27T16:43:55.232384
textfsm,show router isis adjacency,alcatel_sros,"[{""name"": ""system_id"", ""type"": ""str""}, {""name"": ""usage"", ""type"": ""str""}, {""name"": ""state"", ""type"": ""str""}, {""name"": ""hold"", ""type"": ""str""}, {""name"": ""interface"", ""type"": ""str""}, {""name"": ""mt_id"", ""type"": ""str""}]",TextFSM template: alcatel_sros_show_router_isis_adjacency.textfsm,2026-02-27T16:43:55.232384
textfsm,show router isis interface,alcatel_sros,"[{""name"": ""interface"", ""type"": ""str""}, {""name"": ""level"", ""type"": ""str""}, {""name"": ""circid"", ""type"": ""str""}, {""name"": ""oper_state"", ""type"": ""str""}, {""name"": ""metric_l1"", ""type"": ""str""}, {""name"": ""metric_l2"", ""type"": ""str""}]",TextFSM template: alcatel_sros_show_router_isis_interface.textfsm,2026-02-27T16:43:55.232384
textfsm,show router ldp interface,alcatel_sros,"[{""name"": ""interface"", ""type"": ""str""}, {""name"": ""adm"", ""type"": ""str""}, {""name"": ""opr"", ""type"": ""str""}, {""name"": ""sub_interface"", ""type"": ""str""}, {""name"": ""sub_interface_adm"", ""type"": ""str""}, {""name"": ""sub_interface_opr"", ""type"": ""str""}, {""name"": ""hello_fctr"", ""type"": ""str""}, {""name"": ""holdtime"", ""type"": ""str""}, {""name"": ""ka_fctr"", ""type"": ""str""}, {""name"": ""ka_time"", ""type"": ""str""}, {""name"": ""transport_address"", ""type"": ""str""}]",TextFSM template: alcatel_sros_show_router_ldp_interface.textfsm,2026-02-27T16:43:55.232384
textfsm,show router mpls interface,alcatel_sros,"[{""name"": ""interface"", ""type"": ""str""}, {""name"": ""port"", ""type"": ""str""}, {""name"": ""admin_status"", ""type"": ""str""}, {""name"": ""oper_status_v4"", ""type"": ""str""}, {""name"": ""oper_status_v6"", ""type"": ""str""}, {""name"": ""te_metric"", ""type"": ""str""}]",TextFSM template: alcatel_sros_show_router_mpls_interface.textfsm,2026-02-27T16:43:55.232384
textfsm,show router mpls lsp,alcatel_sros,"[{""name"": ""lsp_name"", ""type"": ""str""}, {""name"": ""to"", ""type"": ""str""}, {""name"": ""tunnel_id"", ""type"": ""str""}, {""name"": ""fastfail_config"", ""type"": ""str""}, {""name"": ""admin_state"", ""type"": ""str""}, {""name"": ""oper_state"", ""type"": ""str""}]",TextFSM template: alcatel_sros_show_router_mpls_lsp.textfsm,2026-02-27T16:43:55.232384
textfsm,show router ospf interface,alcatel_sros,"[{""name"": ""interface"", ""type"": ""str""}, {""name"": ""area"", ""type"": ""str""}, {""name"": ""desig_rtr"", ""type"": ""str""}, {""name"": ""bkup_desig_rtr"", ""type"": ""str""}, {""name"": ""admin_state"", ""type"": ""str""}, {""name"": ""oper_state"", ""type"": ""str""}]",TextFSM template: alcatel_sros_show_router_ospf_interface.textfsm,2026-02-27T16:43:55.232384
textfsm,show router pim interface,alcatel_sros,"[{""name"": ""interface"", ""type"": ""str""}, {""name"": ""adm"", ""type"": ""str""}, {""name"": ""opr"", ""type"": ""str""}, {""name"": ""dr"", ""type"": ""str""}, {""name"": ""dr_prty"", ""type"": ""str""}, {""name"": ""hello_intvl"", ""type"": ""str""}, {""name"": ""mcast_send"", ""type"": ""str""}]",TextFSM template: alcatel_sros_show_router_pim_interface.textfsm,2026-02-27T16:43:55.232384
textfsm,show router rsvp interface,alcatel_sros,"[{""name"": ""interface"", ""type"": ""str""}, {""name"": ""total_sessions"", ""type"": ""str""}, {""name"": ""active_sessions"", ""type"": ""str""}, {""name"": ""total_bw"", ""type"": ""str""}, {""name"": ""resv_bw"", ""type"": ""str""}, {""name"": ""admin_state"", ""type"": ""str""}, {""name"": ""oper_state"", ""type"": ""str""}]",TextFSM template: alcatel_sros_show_router_rsvp_interface.textfsm,2026-02-27T16:43:55.232384
textfsm,show service id 0 sap,alcatel_sros,"[{""name"": ""port_id"", ""type"": ""str""}, {""name"": ""service_id"", ""type"": ""str""}, {""name"": ""ingress_qos"", ""type"": ""str""}, {""name"": ""ingress_filter"", ""type"": ""str""}, {""name"": ""egress_qos"", ""type"": ""str""}, {""name"": ""egress_filter"", ""type"": ""str""}, {""name"": ""admin_status"", ""type"": ""str""}, {""name"": ""operational_status"", ""type"": ""str""}]",TextFSM template: alcatel_sros_show_service_id_0_sap.textfsm,2026-02-27T16:43:55.232384
textfsm,show service id base,alcatel_sros,"[{""name"": ""service_id"", ""type"": ""str""}, {""name"": ""customer_id"", ""type"": ""str""}, {""name"": ""description"", ""type"": ""str""}, {""name"": ""admin_state"", ""type"": ""str""}, {""name"": ""oper_state"", ""type"": ""str""}, {""name"": ""sap_count"", ""type"": ""str""}, {""name"": ""sdp_count"", ""type"": ""str""}, {""name"": ""mtu"", ""type"": ""str""}]",TextFSM template: alcatel_sros_show_service_id_base.textfsm,2026-02-27T16:43:55.232384
textfsm,show service id interface,alcatel_sros,"[{""name"": ""interface_name"", ""type"": ""str""}, {""name"": ""admin_state"", ""type"": ""str""}, {""name"": ""oper_state_v4"", ""type"": ""str""}, {""name"": ""oper_state_v6"", ""type"": ""str""}, {""name"": ""type"", ""type"": ""str""}, {""name"": ""port_sap_id"", ""type"": ""str""}, {""name"": ""ip_address"", ""type"": ""str""}, {""name"": ""pfx_state"", ""type"": ""str""}]",TextFSM template: alcatel_sros_show_service_id_interface.textfsm,2026-02-27T16:43:55.232384
textfsm,show service sap-using,alcatel_sros,"[{""name"": ""port_id"", ""type"": ""str""}, {""name"": ""service_id"", ""type"": ""str""}, {""name"": ""ingress_qos"", ""type"": ""str""}, {""name"": ""ingress_filter"", ""type"": ""str""}, {""name"": ""egress_qos"", ""type"": ""str""}, {""name"": ""egress_filter"", ""type"": ""str""}, {""name"": ""admin_state"", ""type"": ""str""}, {""name"": ""oper_state"", ""type"": ""str""}]",TextFSM template: alcatel_sros_show_service_sap-using.textfsm,2026-02-27T16:43:55.232384
textfsm,show service sdp-using,alcatel_sros,"[{""name"": ""service_id"", ""type"": ""str""}, {""name"": ""sdp_id"", ""type"": ""str""}, {""name"": ""sdp_svc_id"", ""type"": ""str""}, {""name"": ""type"", ""type"": ""str""}, {""name"": ""far_end"", ""type"": ""str""}, {""name"": ""oper_state"", ""type"": ""str""}, {""name"": ""ingress_label"", ""type"": ""str""}, {""name"": ""egress_label"", ""type"": ""str""}]",TextFSM template: alcatel_sros_show_service_sdp-using.textfsm,2026-02-27T16:43:55.232384
textfsm,show service sdp,alcatel_sros,"[{""name"": ""sdp_id"", ""type"": ""str""}, {""name"": ""adm_mtu"", ""type"": ""str""}, {""name"": ""opr_mtu"", ""type"": ""str""}, {""name"": ""far_end"", ""type"": ""str""}, {""name"": ""adm"", ""type"": ""str""}, {""name"": ""opr"", ""type"": ""str""}, {""name"": ""del"", ""type"": ""str""}, {""name"": ""lsp"", ""type"": ""str""}, {""name"": ""sig"", ""type"": ""str""}]",TextFSM template: alcatel_sros_show_service_sdp.textfsm,2026-02-27T16:43:55.232384
textfsm,show service service-name-using,alcatel_sros,"[{""name"": ""service_id"", ""type"": ""str""}, {""name"": ""type"", ""type"": ""str""}, {""name"": ""service_name"", ""type"": ""str""}]",TextFSM template: alcatel_sros_show_service_service-name-using.textfsm,2026-02-27T16:43:55.232384
textfsm,show service service-using,alcatel_sros,"[{""name"": ""service_id"", ""type"": ""str""}, {""name"": ""type"", ""type"": ""str""}, {""name"": ""admin_status"", ""type"": ""str""}, {""name"": ""operational_status"", ""type"": ""str""}, {""name"": ""customer_id"", ""type"": ""str""}, {""name"": ""service_name"", ""type"": ""str""}]",TextFSM template: alcatel_sros_show_service_service-using.textfsm,2026-02-27T16:43:55.232384
textfsm,show system cpu,alcatel_sros,"[{""name"": ""name"", ""type"": ""str""}, {""name"": ""cpu_time"", ""type"": ""str""}, {""name"": ""cpu_usage"", ""type"": ""str""}, {""name"": ""capacity_usage"", ""type"": ""str""}]",TextFSM template: alcatel_sros_show_system_cpu.textfsm,2026-02-27T16:43:55.232384
textfsm,awplus show arp,allied_telesis,"[{""name"": ""ip_address"", ""type"": ""str""}, {""name"": ""mac_address"", ""type"": ""str""}, {""name"": ""type"", ""type"": ""str""}, {""name"": ""interface"", ""type"": ""str""}, {""name"": ""port"", ""type"": ""str""}]",TextFSM template: allied_telesis_awplus_show_arp.textfsm,2026-02-27T16:43:55.232384
textfsm,awplus show etherchannel summary,allied_telesis,"[{""name"": ""po_name"", ""type"": ""str""}, {""name"": ""interfaces"", ""type"": ""str""}]",TextFSM template: allied_telesis_awplus_show_etherchannel_summary.textfsm,2026-02-27T16:43:55.232384
textfsm,awplus show interface,allied_telesis,"[{""name"": ""interface"", ""type"": ""str""}, {""name"": ""link_status"", ""type"": ""str""}, {""name"": ""protocol_status"", ""type"": ""str""}, {""name"": ""hardware_type"", ""type"": ""str""}, {""name"": ""vrf"", ""type"": ""str""}, {""name"": ""mac_address"", ""type"": ""str""}, {""name"": ""description"", ""type"": ""str""}, {""name"": ""mtu"", ""type"": ""str""}, {""name"": ""duplex"", ""type"": ""str""}, {""name"": ""speed"", ""type"": ""str""}, {""name"": ""ip_address"", ""type"": ""str""}, {""name"": ""prefix_length"", ""type"": ""str""}]",TextFSM template: allied_telesis_awplus_show_interface.textfsm,2026-02-27T16:43:55.232384
textfsm,awplus show interface switchport,allied_telesis,"[{""name"": ""interface"", ""type"": ""str""}, {""name"": ""mode"", ""type"": ""str""}, {""name"": ""native_vlan"", ""type"": ""str""}, {""name"": ""trunking_vlans"", ""type"": ""str""}]",TextFSM template: allied_telesis_awplus_show_interface_switchport.textfsm,2026-02-27T16:43:55.232384
textfsm,awplus show ip route,allied_telesis,"[{""name"": ""vrf"", ""type"": ""str""}, {""name"": ""protocol"", ""type"": ""str""}, {""name"": ""type"", ""type"": ""str""}, {""name"": ""network"", ""type"": ""str""}, {""name"": ""mask"", ""type"": ""str""}, {""name"": ""distance"", ""type"": ""str""}, {""name"": ""metric"", ""type"": ""str""}, {""name"": ""nexthop_ip"", ""type"": ""str""}, {""name"": ""nexthop_if"", ""type"": ""str""}]",TextFSM template: allied_telesis_awplus_show_ip_route.textfsm,2026-02-27T16:43:55.232384
textfsm,awplus show lldp neighbors detail,allied_telesis,"[{""name"": ""local_interface"", ""type"": ""str""}, {""name"": ""chassis_id"", ""type"": ""str""}, {""name"": ""neighbor_port_description"", ""type"": ""str""}, {""name"": ""neighbor_port_type"", ""type"": ""str""}, {""name"": ""neighbor_port_id"", ""type"": ""str""}, {""name"": ""neighbor"", ""type"": ""str""}, {""name"": ""management_ip"", ""type"": ""str""}]",TextFSM template: allied_telesis_awplus_show_lldp_neighbors_detail.textfsm,2026-02-27T16:43:55.232384
textfsm,awplus show mac address-table,allied_telesis,"[{""name"": ""vlan_id"", ""type"": ""str""}, {""name"": ""destination_port"", ""type"": ""str""}, {""name"": ""destination_address"", ""type"": ""str""}, {""name"": ""fwd"", ""type"": ""str""}]",TextFSM template: allied_telesis_awplus_show_mac_address-table.textfsm,2026-02-27T16:43:55.232384
textfsm,awplus show static-channel-group,allied_telesis,"[{""name"": ""po_name"", ""type"": ""str""}, {""name"": ""interfaces"", ""type"": ""str""}]",TextFSM template: allied_telesis_awplus_show_static-channel-group.textfsm,2026-02-27T16:43:55.232384
textfsm,awplus show system,allied_telesis,"[{""name"": ""hardware"", ""type"": ""str""}, {""name"": ""serial"", ""type"": ""str""}, {""name"": ""version"", ""type"": ""str""}, {""name"": ""hostname"", ""type"": ""str""}]",TextFSM template: allied_telesis_awplus_show_system.textfsm,2026-02-27T16:43:55.232384
textfsm,awplus show vlan all,allied_telesis,"[{""name"": ""vlan_id"", ""type"": ""str""}, {""name"": ""name"", ""type"": ""str""}, {""name"": ""status"", ""type"": ""str""}, {""name"": ""interfaces"", ""type"": ""str""}]",TextFSM template: allied_telesis_awplus_show_vlan_all.textfsm,2026-02-27T16:43:55.232384
textfsm,bash df -h,arista_eos,"[{""name"": ""file_system"", ""type"": ""str""}, {""name"": ""size"", ""type"": ""str""}, {""name"": ""used"", ""type"": ""str""}, {""name"": ""avail"", ""type"": ""str""}, {""name"": ""use_percent"", ""type"": ""str""}, {""name"": ""mounted_on"", ""type"": ""str""}]",TextFSM template: arista_eos_bash_df_-h.textfsm,2026-02-27T16:43:55.232384
textfsm,dir,arista_eos,"[{""name"": ""file_system"", ""type"": ""str""}, {""name"": ""permissions"", ""type"": ""str""}, {""name"": ""size"", ""type"": ""str""}, {""name"": ""date_time"", ""type"": ""str""}, {""name"": ""name"", ""type"": ""str""}, {""name"": ""total_size"", ""type"": ""str""}, {""name"": ""total_free"", ""type"": ""str""}]",TextFSM template: arista_eos_dir.textfsm,2026-02-27T16:43:55.232384
textfsm,show boot-config,arista_eos,"[{""name"": ""version"", ""type"": ""str""}, {""name"": ""console"", ""type"": ""str""}]",TextFSM template: arista_eos_show_boot-config.textfsm,2026-02-27T16:43:55.232384
textfsm,show clock,arista_eos,"[{""name"": ""time"", ""type"": ""str""}, {""name"": ""timezone"", ""type"": ""str""}, {""name"": ""dayweek"", ""type"": ""str""}, {""name"": ""month"", ""type"": ""str""}, {""name"": ""day"", ""type"": ""str""}, {""name"": ""year"", ""type"": ""str""}]",TextFSM template: arista_eos_show_clock.textfsm,2026-02-27T16:43:55.232384
textfsm,show environment cooling,arista_eos,"[{""name"": ""fan"", ""type"": ""str""}, {""name"": ""status"", ""type"": ""str""}, {""name"": ""config_speed"", ""type"": ""str""}, {""name"": ""actual_speed"", ""type"": ""str""}, {""name"": ""sys_cooling_status"", ""type"": ""str""}, {""name"": ""ambient_temp"", ""type"": ""str""}, {""name"": ""airflow"", ""type"": ""str""}]",TextFSM template: arista_eos_show_environment_cooling.textfsm,2026-02-27T16:43:55.232384
textfsm,show environment power,arista_eos,"[{""name"": ""power_supply_location"", ""type"": ""str""}, {""name"": ""power_supply_pid"", ""type"": ""str""}, {""name"": ""power_supply_watts"", ""type"": ""str""}, {""name"": ""power_supply_input"", ""type"": ""str""}, {""name"": ""power_supply_output"", ""type"": ""str""}, {""name"": ""power_supply_watts_using"", ""type"": ""str""}, {""name"": ""power_supply_status"", ""type"": ""str""}, {""name"": ""power_supply_uptime"", ""type"": ""str""}, {""name"": ""system_total_power_watts"", ""type"": ""str""}, {""name"": ""system_total_power_used_watts"", ""type"": ""str""}]",TextFSM template: arista_eos_show_environment_power.textfsm,2026-02-27T16:43:55.232384
textfsm,show environment temperature,arista_eos,"[{""name"": ""sensor"", ""type"": ""str""}, {""name"": ""description"", ""type"": ""str""}, {""name"": ""current_value"", ""type"": ""str""}, {""name"": ""setpoint"", ""type"": ""str""}, {""name"": ""alert_limit"", ""type"": ""str""}, {""name"": ""critical_limit"", ""type"": ""str""}, {""name"": ""module"", ""type"": ""str""}]",TextFSM template: arista_eos_show_environment_temperature.textfsm,2026-02-27T16:43:55.232384
textfsm,show hostname,arista_eos,"[{""name"": ""hostname"", ""type"": ""str""}, {""name"": ""fqdn"", ""type"": ""str""}]",TextFSM template: arista_eos_show_hostname.textfsm,2026-02-27T16:43:55.232384
textfsm,show interfaces,arista_eos,"[{""name"": ""interface"", ""type"": ""str""}, {""name"": ""link_status"", ""type"": ""str""}, {""name"": ""protocol_status"", ""type"": ""str""}, {""name"": ""hardware_type"", ""type"": ""str""}, {""name"": ""mac_address"", ""type"": ""str""}, {""name"": ""bia"", ""type"": ""str""}, {""name"": ""description"", ""type"": ""str""}, {""name"": ""ip_address"", ""type"": ""str""}, {""name"": ""mtu"", ""type"": ""str""}, {""name"": ""bandwidth"", ""type"": ""str""}, {""name"": ""last_link_flapped"", ""type"": ""str""}, {""name"": ""link_status_change"", ""type"": ""str""}]",TextFSM template: arista_eos_show_interfaces.textfsm,2026-02-27T16:43:55.232384
textfsm,show interfaces description,arista_eos,"[{""name"": ""port"", ""type"": ""str""}, {""name"": ""status"", ""type"": ""str""}, {""name"": ""protocol"", ""type"": ""str""}, {""name"": ""description"", ""type"": ""str""}]",TextFSM template: arista_eos_show_interfaces_description.textfsm,2026-02-27T16:43:55.232384
textfsm,show interfaces status,arista_eos,"[{""name"": ""port"", ""type"": ""str""}, {""name"": ""name"", ""type"": ""str""}, {""name"": ""status"", ""type"": ""str""}, {""name"": ""vlan_id"", ""type"": ""str""}, {""name"": ""duplex"", ""type"": ""str""}, {""name"": ""speed"", ""type"": ""str""}, {""name"": ""type"", ""type"": ""str""}, {""name"": ""flags"", ""type"": ""str""}]",TextFSM template: arista_eos_show_interfaces_status.textfsm,2026-02-27T16:43:55.232384
textfsm,show interfaces transceiver,arista_eos,"[{""name"": ""port"", ""type"": ""str""}, {""name"": ""temp"", ""type"": ""str""}, {""name"": ""voltage"", ""type"": ""str""}, {""name"": ""bias_current"", ""type"": ""str""}, {""name"": ""tx_power"", ""type"": ""str""}, {""name"": ""rx_power"", ""type"": ""str""}]",TextFSM template: arista_eos_show_interfaces_transceiver.textfsm,2026-02-27T16:43:55.232384
textfsm,show interfaces transceiver detail,arista_eos,"[{""name"": ""port"", ""type"": ""str""}, {""name"": ""type"", ""type"": ""str""}, {""name"": ""current_value"", ""type"": ""str""}, {""name"": ""high_alarm_threshold"", ""type"": ""str""}, {""name"": ""high_warn_threshold"", ""type"": ""str""}, {""name"": ""low_alarm_threshold"", ""type"": ""str""}, {""name"": ""low_warn_threshold"", ""type"": ""str""}]",TextFSM template: arista_eos_show_interfaces_transceiver_detail.textfsm,2026-02-27T16:43:55.232384
textfsm,show inventory,arista_eos,"[{""name"": ""port"", ""type"": ""str""}, {""name"": ""pid"", ""type"": ""str""}, {""name"": ""sn"", ""type"": ""str""}, {""name"": ""descr"", ""type"": ""str""}, {""name"": ""vid"", ""type"": ""str""}]",TextFSM template: arista_eos_show_inventory.textfsm,2026-02-27T16:43:55.232384
textfsm,show ip access-lists,arista_eos,"[{""name"": ""name"", ""type"": ""str""}, {""name"": ""sn"", ""type"": ""str""}, {""name"": ""action"", ""type"": ""str""}, {""name"": ""protocol"", ""type"": ""str""}, {""name"": ""source"", ""type"": ""str""}, {""name"": ""port_modifier"", ""type"": ""str""}, {""name"": ""port_range"", ""type"": ""str""}, {""name"": ""destination"", ""type"": ""str""}, {""name"": ""modifier"", ""type"": ""str""}]",TextFSM template: arista_eos_show_ip_access-lists.textfsm,2026-02-27T16:43:55.232384
textfsm,show ip arp,arista_eos,"[{""name"": ""ip_address"", ""type"": ""str""}, {""name"": ""age"", ""type"": ""str""}, {""name"": ""mac_address"", ""type"": ""str""}, {""name"": ""interface"", ""type"": ""str""}, {""name"": ""vrf"", ""type"": ""str""}]",TextFSM template: arista_eos_show_ip_arp.textfsm,2026-02-27T16:43:55.232384
textfsm,show ip bgp,arista_eos,"[{""name"": ""status"", ""type"": ""str""}, {""name"": ""path_selection"", ""type"": ""str""}, {""name"": ""route_source"", ""type"": ""str""}, {""name"": ""network"", ""type"": ""str""}, {""name"": ""next_hop"", ""type"": ""str""}, {""name"": ""metric"", ""type"": ""str""}, {""name"": ""local_pref"", ""type"": ""str""}, {""name"": ""weight"", ""type"": ""str""}, {""name"": ""as_path"", ""type"": ""str""}, {""name"": ""origin"", ""type"": ""str""}, {""name"": ""vrf"", ""type"": ""str""}, {""name"": ""local_as"", ""type"": ""str""}, {""name"": ""router_id"", ""type"": ""str""}]",TextFSM template: arista_eos_show_ip_bgp.textfsm,2026-02-27T16:43:55.232384
textfsm,show ip bgp detail,arista_eos,"[{""name"": ""vrf"", ""type"": ""str""}, {""name"": ""local_pref"", ""type"": ""str""}, {""name"": ""weight"", ""type"": ""str""}, {""name"": ""origin"", ""type"": ""str""}, {""name"": ""prefix"", ""type"": ""str""}, {""name"": ""prefix_length"", ""type"": ""str""}, {""name"": ""as_path"", ""type"": ""str""}, {""name"": ""valid"", ""type"": ""str""}, {""name"": ""path_type"", ""type"": ""str""}, {""name"": ""active"", ""type"": ""str""}, {""name"": ""community"", ""type"": ""str""}, {""name"": ""large_community"", ""type"": ""str""}, {""name"": ""next_hop"", ""type"": ""str""}, {""name"": ""neighbor"", ""type"": ""str""}, {""name"": ""neighbor_id"", ""type"": ""str""}, {""name"": ""router_id"", ""type"": ""str""}, {""name"": ""local_as"", ""type"": ""str""}, {""name"": ""metric"", ""type"": ""str""}, {""name"": ""backup"", ""type"": ""str""}]",TextFSM template: arista_eos_show_ip_bgp_detail.textfsm,2026-02-27T16:43:55.232384
textfsm,show ip bgp summary,arista_eos,"[{""name"": ""router_id"", ""type"": ""str""}, {""name"": ""local_as"", ""type"": ""str""}, {""name"": ""vrf"", ""type"": ""str""}, {""name"": ""description"", ""type"": ""str""}, {""name"": ""bgp_neigh"", ""type"": ""str""}, {""name"": ""neigh_as"", ""type"": ""str""}, {""name"": ""msg_rcvd"", ""type"": ""str""}, {""name"": ""msg_sent"", ""type"": ""str""}, {""name"": ""in_queue"", ""type"": ""str""}, {""name"": ""out_queue"", ""type"": ""str""}, {""name"": ""up_down"", ""type"": ""str""}, {""name"": ""state"", ""type"": ""str""}, {""name"": ""state_pfxrcd"", ""type"": ""str""}, {""name"": ""state_pfxacc"", ""type"": ""str""}]",TextFSM template: arista_eos_show_ip_bgp_summary.textfsm,2026-02-27T16:43:55.232384
textfsm,show ip helper-address,arista_eos,"[{""name"": ""interface"", ""type"": ""str""}, {""name"": ""ip_helper"", ""type"": ""str""}]",TextFSM template: arista_eos_show_ip_helper-address.textfsm,2026-02-27T16:43:55.232384
textfsm,show ip interface brief,arista_eos,"[{""name"": ""interface"", ""type"": ""str""}, {""name"": ""ip_address"", ""type"": ""str""}, {""name"": ""status"", ""type"": ""str""}, {""name"": ""protocol"", ""type"": ""str""}, {""name"": ""mtu"", ""type"": ""str""}]",TextFSM template: arista_eos_show_ip_interface_brief.textfsm,2026-02-27T16:43:55.232384
textfsm,show ip mroute vrf all detail,arista_eos,"[{""name"": ""vrf"", ""type"": ""str""}, {""name"": ""multicast_group"", ""type"": ""str""}, {""name"": ""rpf_source"", ""type"": ""str""}, {""name"": ""rp"", ""type"": ""str""}, {""name"": ""uptime"", ""type"": ""str""}, {""name"": ""flags"", ""type"": ""str""}, {""name"": ""rpf_route"", ""type"": ""str""}, {""name"": ""rpf_routing_table"", ""type"": ""str""}, {""name"": ""rpf_route_administrative_distance"", ""type"": ""str""}, {""name"": ""rpf_route_metric"", ""type"": ""str""}, {""name"": ""rpf_route_via"", ""type"": ""str""}, {""name"": ""incoming_interface"", ""type"": ""str""}, {""name"": ""upstream_joined_state"", ""type"": ""str""}, {""name"": ""upstream_rpt_joined_state"", ""type"": ""str""}, {""name"": ""outgoing_interface_list"", ""type"": ""str""}]",TextFSM template: arista_eos_show_ip_mroute_vrf_all_detail.textfsm,2026-02-27T16:43:55.232384
textfsm,show ip ospf database,arista_eos,"[{""name"": ""router_id"", ""type"": ""str""}, {""name"": ""process_id"", ""type"": ""str""}, {""name"": ""vrf"", ""type"": ""str""}, {""name"": ""area"", ""type"": ""str""}, {""name"": ""link_id"", ""type"": ""str""}, {""name"": ""adv_router"", ""type"": ""str""}, {""name"": ""age"", ""type"": ""str""}, {""name"": ""link_count"", ""type"": ""str""}, {""name"": ""tag"", ""type"": ""str""}]",TextFSM template: arista_eos_show_ip_ospf_database.textfsm,2026-02-27T16:43:55.232384
textfsm,show ip ospf interface brief,arista_eos,"[{""name"": ""interface"", ""type"": ""str""}, {""name"": ""instance"", ""type"": ""str""}, {""name"": ""vrf"", ""type"": ""str""}, {""name"": ""area"", ""type"": ""str""}, {""name"": ""ip_address"", ""type"": ""str""}, {""name"": ""prefix_length"", ""type"": ""str""}, {""name"": ""cost"", ""type"": ""str""}, {""name"": ""state"", ""type"": ""str""}, {""name"": ""neighbors"", ""type"": ""str""}]",TextFSM template: arista_eos_show_ip_ospf_interface_brief.textfsm,2026-02-27T16:43:55.232384
textfsm,show ip ospf neighbor,arista_eos,"[{""name"": ""neighbor_id"", ""type"": ""str""}, {""name"": ""instance"", ""type"": ""str""}, {""name"": ""vrf"", ""type"": ""str""}, {""name"": ""priority"", ""type"": ""str""}, {""name"": ""state"", ""type"": ""str""}, {""name"": ""dead_time"", ""type"": ""str""}, {""name"": ""ip_address"", ""type"": ""str""}, {""name"": ""interface"", ""type"": ""str""}]",TextFSM template: arista_eos_show_ip_ospf_neighbor.textfsm,2026-02-27T16:43:55.232384
textfsm,show ip ospf summary,arista_eos,"[{""name"": ""instance"", ""type"": ""str""}, {""name"": ""router_id"", ""type"": ""str""}, {""name"": ""vrf"", ""type"": ""str""}, {""name"": ""area"", ""type"": ""str""}, {""name"": ""type"", ""type"": ""str""}, {""name"": ""interfaces"", ""type"": ""str""}, {""name"": ""neighbors"", ""type"": ""str""}, {""name"": ""neighbors_full"", ""type"": ""str""}, {""name"": ""router_lsas"", ""type"": ""str""}, {""name"": ""network_lsas"", ""type"": ""str""}, {""name"": ""summary_lsas"", ""type"": ""str""}, {""name"": ""asbr_lsas"", ""type"": ""str""}, {""name"": ""nssa_lsas"", ""type"": ""str""}]",TextFSM template: arista_eos_show_ip_ospf_summary.textfsm,2026-02-27T16:43:55.232384
textfsm,show ip route,arista_eos,"[{""name"": ""vrf"", ""type"": ""str""}, {""name"": ""protocol"", ""type"": ""str""}, {""name"": ""network"", ""type"": ""str""}, {""name"": ""prefix_length"", ""type"": ""str""}, {""name"": ""distance"", ""type"": ""str""}, {""name"": ""metric"", ""type"": ""str""}, {""name"": ""direct"", ""type"": ""str""}, {""name"": ""required"", ""type"": ""str""}, {""name"": ""interface"", ""type"": ""str""}]",TextFSM template: arista_eos_show_ip_route.textfsm,2026-02-27T16:43:55.232384
textfsm,show ipv6 bgp summary,arista_eos,"[{""name"": ""router_id"", ""type"": ""str""}, {""name"": ""local_as"", ""type"": ""str""}, {""name"": ""vrf"", ""type"": ""str""}, {""name"": ""bgp_neigh"", ""type"": ""str""}, {""name"": ""neigh_as"", ""type"": ""str""}, {""name"": ""msg_rcvd"", ""type"": ""str""}, {""name"": ""msg_sent"", ""type"": ""str""}, {""name"": ""in_queue"", ""type"": ""str""}, {""name"": ""out_queue"", ""type"": ""str""}, {""name"": ""up_down"", ""type"": ""str""}, {""name"": ""state"", ""type"": ""str""}, {""name"": ""state_pfxrcd"", ""type"": ""str""}, {""name"": ""state_pfxacc"", ""type"": ""str""}]",TextFSM template: arista_eos_show_ipv6_bgp_summary.textfsm,2026-02-27T16:43:55.232384
textfsm,show isis neighbors,arista_eos,"[{""name"": ""instance"", ""type"": ""str""}, {""name"": ""vrf"", ""type"": ""str""}, {""name"": ""system_id"", ""type"": ""str""}, {""name"": ""type"", ""type"": ""str""}, {""name"": ""interface"", ""type"": ""str""}, {""name"": ""snpa"", ""type"": ""str""}, {""name"": ""state"", ""type"": ""str""}, {""name"": ""hold_time"", ""type"": ""str""}, {""name"": ""circuit_id"", ""type"": ""str""}]",TextFSM template: arista_eos_show_isis_neighbors.textfsm,2026-02-27T16:43:55.232384
textfsm,show lldp neighbors,arista_eos,"[{""name"": ""neighbor_name"", ""type"": ""str""}, {""name"": ""local_interface"", ""type"": ""str""}, {""name"": ""neighbor_interface"", ""type"": ""str""}]",TextFSM template: arista_eos_show_lldp_neighbors.textfsm,2026-02-27T16:43:55.232384
textfsm,show lldp neighbors detail,arista_eos,"[{""name"": ""neighbor_name"", ""type"": ""str""}, {""name"": ""chassis_id"", ""type"": ""str""}, {""name"": ""mgmt_address"", ""type"": ""str""}, {""name"": ""neighbor_description"", ""type"": ""str""}, {""name"": ""neighbor_interface"", ""type"": ""str""}, {""name"": ""local_interface"", ""type"": ""str""}, {""name"": ""neighbor_count"", ""type"": ""str""}, {""name"": ""age"", ""type"": ""str""}]",TextFSM template: arista_eos_show_lldp_neighbors_detail.textfsm,2026-02-27T16:43:55.232384
textfsm,show mac address-table,arista_eos,"[{""name"": ""mac_address"", ""type"": ""str""}, {""name"": ""type"", ""type"": ""str""}, {""name"": ""vlan_id"", ""type"": ""str""}, {""name"": ""destination_port"", ""type"": ""str""}, {""name"": ""moves"", ""type"": ""str""}, {""name"": ""last_move"", ""type"": ""str""}]",TextFSM template: arista_eos_show_mac_address-table.textfsm,2026-02-27T16:43:55.232384
textfsm,show mac security interface,arista_eos,"[{""name"": ""interface"", ""type"": ""str""}, {""name"": ""sci"", ""type"": ""str""}, {""name"": ""controlled_port"", ""type"": ""str""}, {""name"": ""key_in_use"", ""type"": ""str""}]",TextFSM template: arista_eos_show_mac_security_interface.textfsm,2026-02-27T16:43:55.232384
textfsm,show mac security mka counters,arista_eos,"[{""name"": ""interface"", ""type"": ""str""}, {""name"": ""rx_success"", ""type"": ""str""}, {""name"": ""rx_failure"", ""type"": ""str""}, {""name"": ""tx_success"", ""type"": ""str""}, {""name"": ""tx_failure"", ""type"": ""str""}]",TextFSM template: arista_eos_show_mac_security_mka_counters.textfsm,2026-02-27T16:43:55.232384
textfsm,show mac security participants detail,arista_eos,"[{""name"": ""interface"", ""type"": ""str""}, {""name"": ""ckn"", ""type"": ""str""}, {""name"": ""message_id"", ""type"": ""str""}, {""name"": ""elected_self"", ""type"": ""str""}, {""name"": ""success"", ""type"": ""str""}, {""name"": ""principal"", ""type"": ""str""}, {""name"": ""default"", ""type"": ""str""}, {""name"": ""key_server_sci"", ""type"": ""str""}, {""name"": ""sak_transmit"", ""type"": ""str""}, {""name"": ""llpn_exhaustion"", ""type"": ""str""}, {""name"": ""distributed_key_id"", ""type"": ""str""}, {""name"": ""live_peer_list"", ""type"": ""str""}, {""name"": ""potential_peer_list"", ""type"": ""str""}]",TextFSM template: arista_eos_show_mac_security_participants_detail.textfsm,2026-02-27T16:43:55.232384
textfsm,show mlag,arista_eos,"[{""name"": ""domain"", ""type"": ""str""}, {""name"": ""interface"", ""type"": ""str""}, {""name"": ""peer_addr"", ""type"": ""str""}, {""name"": ""peer_link"", ""type"": ""str""}, {""name"": ""state"", ""type"": ""str""}]",TextFSM template: arista_eos_show_mlag.textfsm,2026-02-27T16:43:55.232384
textfsm,show module,arista_eos,"[{""name"": ""module"", ""type"": ""str""}, {""name"": ""ports"", ""type"": ""str""}, {""name"": ""card"", ""type"": ""str""}, {""name"": ""type"", ""type"": ""str""}, {""name"": ""model"", ""type"": ""str""}, {""name"": ""serial_num"", ""type"": ""str""}, {""name"": ""mac_address_start"", ""type"": ""str""}, {""name"": ""mac_address_end"", ""type"": ""str""}, {""name"": ""hw_ver"", ""type"": ""str""}, {""name"": ""sw_ver"", ""type"": ""str""}, {""name"": ""status"", ""type"": ""str""}, {""name"": ""uptime"", ""type"": ""str""}]",TextFSM template: arista_eos_show_module.textfsm,2026-02-27T16:43:55.232384
textfsm,show pim ipv4 interface,arista_eos,"[{""name"": ""ip_address"", ""type"": ""str""}, {""name"": ""interface"", ""type"": ""str""}, {""name"": ""mode"", ""type"": ""str""}, {""name"": ""neighbors"", ""type"": ""str""}, {""name"": ""hello_interval"", ""type"": ""str""}, {""name"": ""dr_priority"", ""type"": ""str""}, {""name"": ""dr_address"", ""type"": ""str""}, {""name"": ""packets_queued"", ""type"": ""str""}, {""name"": ""packets_dropped"", ""type"": ""str""}]",TextFSM template: arista_eos_show_pim_ipv4_interface.textfsm,2026-02-27T16:43:55.232384
textfsm,show pim ipv4 neighbor,arista_eos,"[{""name"": ""vrf"", ""type"": ""str""}, {""name"": ""neighbor"", ""type"": ""str""}, {""name"": ""interface"", ""type"": ""str""}, {""name"": ""uptime"", ""type"": ""str""}, {""name"": ""expires"", ""type"": ""str""}, {""name"": ""mode"", ""type"": ""str""}, {""name"": ""transport"", ""type"": ""str""}]",TextFSM template: arista_eos_show_pim_ipv4_neighbor.textfsm,2026-02-27T16:43:55.232384
textfsm,show port-channel summary,arista_eos,"[{""name"": ""bundle_name"", ""type"": ""str""}, {""name"": ""bundle_status"", ""type"": ""str""}, {""name"": ""bundle_protocol"", ""type"": ""str""}, {""name"": ""bundle_protocol_state"", ""type"": ""str""}, {""name"": ""member_interface"", ""type"": ""str""}, {""name"": ""member_interface_status"", ""type"": ""str""}]",TextFSM template: arista_eos_show_port-channel_summary.textfsm,2026-02-27T16:43:55.232384
textfsm,show processes top once,arista_eos,"[{""name"": ""global_timestamp"", ""type"": ""str""}, {""name"": ""global_users"", ""type"": ""str""}, {""name"": ""global_load_average_1_minutes"", ""type"": ""str""}, {""name"": ""global_load_average_5_minutes"", ""type"": ""str""}, {""name"": ""global_load_average_15_minutes"", ""type"": ""str""}, {""name"": ""global_tasks_total"", ""type"": ""str""}, {""name"": ""global_tasks_running"", ""type"": ""str""}, {""name"": ""global_tasks_sleeping"", ""type"": ""str""}, {""name"": ""global_tasks_stopped"", ""type"": ""str""}, {""name"": ""global_tasks_zombie"", ""type"": ""str""}, {""name"": ""global_cpu_percent_user"", ""type"": ""str""}, {""name"": ""global_cpu_percent_system"", ""type"": ""str""}, {""name"": ""global_cpu_percent_nice"", ""type"": ""str""}, {""name"": ""global_cpu_percent_idle"", ""type"": ""str""}, {""name"": ""global_cpu_percent_iowait"", ""type"": ""str""}, {""name"": ""global_cpu_percent_hi"", ""type"": ""str""}, {""name"": ""global_cpu_percent_si"", ""type"": ""str""}, {""name"": ""global_cpu_percent_stolen"", ""type"": ""str""}, {""name"": ""global_mem_unit"", ""type"": ""str""}, {""name"": ""global_mem_total"", ""type"": ""str""}, {""name"": ""global_mem_used"", ""type"": ""str""}, {""name"": ""global_mem_free"", ""type"": ""str""}, {""name"": ""global_mem_buffers"", ""type"": ""str""}, {""name"": ""global_swap_mem_unit"", ""type"": ""str""}, {""name"": ""global_swap_mem_total"", ""type"": ""str""}, {""name"": ""global_swap_mem_used"", ""type"": ""str""}, {""name"": ""global_swap_mem_free"", ""type"": ""str""}, {""name"": ""global_swap_mem_cached"", ""type"": ""str""}, {""name"": ""pid"", ""type"": ""str""}, {""name"": ""user"", ""type"": ""str""}, {""name"": ""priority"", ""type"": ""str""}, {""name"": ""nice"", ""type"": ""str""}, {""name"": ""virtual_memory_size"", ""type"": ""str""}, {""name"": ""resident_memory_size"", ""type"": ""str""}, {""name"": ""shared_memory_size"", ""type"": ""str""}, {""name"": ""process_status"", ""type"": ""str""}, {""name"": ""percent_cpu"", ""type"": ""str""}, {""name"": ""percent_memory"", ""type"": ""str""}, {""name"": ""cpu_time"", ""type"": ""str""}, {""name"": ""command"", ""type"": ""str""}]",TextFSM template: arista_eos_show_processes_top_once.textfsm,2026-02-27T16:43:55.232384
textfsm,show reload cause,arista_eos,"[{""name"": ""reload_cause"", ""type"": ""str""}, {""name"": ""reload_time"", ""type"": ""str""}, {""name"": ""recommended_action"", ""type"": ""str""}, {""name"": ""debug_info"", ""type"": ""str""}]",TextFSM template: arista_eos_show_reload_cause.textfsm,2026-02-27T16:43:55.232384
textfsm,show snmp community,arista_eos,"[{""name"": ""name"", ""type"": ""str""}, {""name"": ""access"", ""type"": ""str""}, {""name"": ""view"", ""type"": ""str""}, {""name"": ""acl"", ""type"": ""str""}]",TextFSM template: arista_eos_show_snmp_community.textfsm,2026-02-27T16:43:55.232384
textfsm,show version,arista_eos,"[{""name"": ""model"", ""type"": ""str""}, {""name"": ""hw_version"", ""type"": ""str""}, {""name"": ""serial_number"", ""type"": ""str""}, {""name"": ""sys_mac"", ""type"": ""str""}, {""name"": ""image"", ""type"": ""str""}, {""name"": ""total_memory"", ""type"": ""str""}, {""name"": ""free_memory"", ""type"": ""str""}, {""name"": ""uptime"", ""type"": ""str""}]",TextFSM template: arista_eos_show_version.textfsm,2026-02-27T16:43:55.232384
textfsm,show vlan,arista_eos,"[{""name"": ""vlan_id"", ""type"": ""str""}, {""name"": ""vlan_name"", ""type"": ""str""}, {""name"": ""status"", ""type"": ""str""}, {""name"": ""interfaces"", ""type"": ""str""}]",TextFSM template: arista_eos_show_vlan.textfsm,2026-02-27T16:43:55.232384
textfsm,show vrf,arista_eos,"[{""name"": ""vrf"", ""type"": ""str""}, {""name"": ""rd"", ""type"": ""str""}, {""name"": ""interfaces"", ""type"": ""str""}]",TextFSM template: arista_eos_show_vrf.textfsm,2026-02-27T16:43:55.232384
textfsm,show aaa authentication port-access interface all client-status,aruba_aoscx,"[{""name"": ""client_mac"", ""type"": ""str""}, {""name"": ""client_name"", ""type"": ""str""}, {""name"": ""session_port"", ""type"": ""str""}, {""name"": ""role"", ""type"": ""str""}]",TextFSM template: aruba_aoscx_show_aaa_authentication_port-access_interface_all_client-status.textfsm,2026-02-27T16:43:55.232384
textfsm,show arp all-vrfs,aruba_aoscx,"[{""name"": ""ip_address"", ""type"": ""str""}, {""name"": ""mac_address"", ""type"": ""str""}, {""name"": ""port_id"", ""type"": ""str""}, {""name"": ""physical_port"", ""type"": ""str""}, {""name"": ""state"", ""type"": ""str""}, {""name"": ""vrf"", ""type"": ""str""}]",TextFSM template: aruba_aoscx_show_arp_all-vrfs.textfsm,2026-02-27T16:43:55.232384
textfsm,show bfd all-vrfs,aruba_aoscx,"[{""name"": ""admin_status"", ""type"": ""str""}, {""name"": ""src_ip"", ""type"": ""str""}, {""name"": ""session"", ""type"": ""str""}, {""name"": ""interface"", ""type"": ""str""}, {""name"": ""vrf"", ""type"": ""str""}, {""name"": ""source_ip"", ""type"": ""str""}, {""name"": ""destination_ip"", ""type"": ""str""}, {""name"": ""echo"", ""type"": ""str""}, {""name"": ""state"", ""type"": ""str""}, {""name"": ""application"", ""type"": ""str""}]",TextFSM template: aruba_aoscx_show_bfd_all-vrfs.textfsm,2026-02-27T16:43:55.232384
textfsm,show bgp all-vrfs all summary,aruba_aoscx,"[{""name"": ""vrf"", ""type"": ""str""}, {""name"": ""af"", ""type"": ""str""}, {""name"": ""neighbour"", ""type"": ""str""}, {""name"": ""remote_as"", ""type"": ""str""}, {""name"": ""state"", ""type"": ""str""}, {""name"": ""admin_status"", ""type"": ""str""}]",TextFSM template: aruba_aoscx_show_bgp_all-vrfs_all_summary.textfsm,2026-02-27T16:43:55.232384
textfsm,show bgp all all-vrfs summary,aruba_aoscx,"[{""name"": ""vrf"", ""type"": ""str""}, {""name"": ""af"", ""type"": ""str""}, {""name"": ""neighbour"", ""type"": ""str""}, {""name"": ""remote_as"", ""type"": ""str""}, {""name"": ""state"", ""type"": ""str""}, {""name"": ""admin_status"", ""type"": ""str""}]",TextFSM template: aruba_aoscx_show_bgp_all_all-vrfs_summary.textfsm,2026-02-27T16:43:55.232384
textfsm,show interface,aruba_aoscx,"[{""name"": ""interface"", ""type"": ""str""}, {""name"": ""link_status"", ""type"": ""str""}, {""name"": ""link_admin"", ""type"": ""str""}, {""name"": ""link_state_info"", ""type"": ""str""}, {""name"": ""link_transitions"", ""type"": ""str""}, {""name"": ""interface_desc"", ""type"": ""str""}, {""name"": ""hw_type"", ""type"": ""str""}, {""name"": ""mac_address"", ""type"": ""str""}, {""name"": ""mtu"", ""type"": ""str""}, {""name"": ""if_type"", ""type"": ""str""}, {""name"": ""ip_address"", ""type"": ""str""}, {""name"": ""duplex"", ""type"": ""str""}, {""name"": ""qos_trust"", ""type"": ""str""}, {""name"": ""speed"", ""type"": ""str""}, {""name"": ""auto_neg"", ""type"": ""str""}, {""name"": ""flow_control"", ""type"": ""str""}, {""name"": ""error_control"", ""type"": ""str""}, {""name"": ""vlan_mode"", ""type"": ""str""}, {""name"": ""vlan_access"", ""type"": ""str""}, {""name"": ""vlan_native"", ""type"": ""str""}, {""name"": ""vlan_trunk"", ""type"": ""str""}, {""name"": ""aggregated_interfaces"", ""type"": ""str""}, {""name"": ""rx_total_packets"", ""type"": ""str""}, {""name"": ""rx_total_bytes"", ""type"": ""str""}, {""name"": ""rx_unicast_packets"", ""type"": ""str""}, {""name"": ""rx_mcast_packets"", ""type"": ""str""}, {""name"": ""rx_broadcast_packets"", ""type"": ""str""}, {""name"": ""rx_errors"", ""type"": ""str""}, {""name"": ""rx_dropped"", ""type"": ""str""}, {""name"": ""rx_crc_fcs"", ""type"": ""str""}, {""name"": ""tx_total_packets"", ""type"": ""str""}, {""name"": ""tx_total_bytes"", ""type"": ""str""}, {""name"": ""tx_unicast_packets"", ""type"": ""str""}, {""name"": ""tx_mcast_packets"", ""type"": ""str""}, {""name"": ""tx_broadcast_packets"", ""type"": ""str""}, {""name"": ""tx_errors"", ""type"": ""str""}, {""name"": ""tx_dropped"", ""type"": ""str""}, {""name"": ""tx_crc_fcs"", ""type"": ""str""}, {""name"": ""tx_collision"", ""type"": ""str""}]",TextFSM template: aruba_aoscx_show_interface.textfsm,2026-02-27T16:43:55.232384
textfsm,show interface dom detail,aruba_aoscx,"[{""name"": ""interface"", ""type"": ""str""}, {""name"": ""iface_type"", ""type"": ""str""}, {""name"": ""channel"", ""type"": ""str""}, {""name"": ""temperature"", ""type"": ""str""}, {""name"": ""temp_high_alarm_trig"", ""type"": ""str""}, {""name"": ""temp_low_alarm_trig"", ""type"": ""str""}, {""name"": ""temp_high_warn_trig"", ""type"": ""str""}, {""name"": ""temp_low_warn_trig"", ""type"": ""str""}, {""name"": ""temp_high_alarm_threshold"", ""type"": ""str""}, {""name"": ""temp_low_alarm_threshold"", ""type"": ""str""}, {""name"": ""temp_high_warn_threshold"", ""type"": ""str""}, {""name"": ""temp_low_warn_threshold"", ""type"": ""str""}, {""name"": ""voltage"", ""type"": ""str""}, {""name"": ""volt_high_alarm_trig"", ""type"": ""str""}, {""name"": ""volt_low_alarm_trig"", ""type"": ""str""}, {""name"": ""volt_high_warn_trig"", ""type"": ""str""}, {""name"": ""volt_low_warn_trig"", ""type"": ""str""}, {""name"": ""volt_high_alarm_threshold"", ""type"": ""str""}, {""name"": ""volt_low_alarm_threshold"", ""type"": ""str""}, {""name"": ""volt_high_warn_threshold"", ""type"": ""str""}, {""name"": ""volt_low_warn_threshold"", ""type"": ""str""}, {""name"": ""tx_bias"", ""type"": ""str""}, {""name"": ""tx_bias_high_alarm_trig"", ""type"": ""str""}, {""name"": ""tx_bias_low_alarm_trig"", ""type"": ""str""}, {""name"": ""tx_bias_high_warn_trig"", ""type"": ""str""}, {""name"": ""tx_bias_low_warn_trig"", ""type"": ""str""}, {""name"": ""tx_bias_high_alarm_threshold"", ""type"": ""str""}, {""name"": ""tx_bias_low_alarm_threshold"", ""type"": ""str""}, {""name"": ""tx_bias_high_warn_threshold"", ""type"": ""str""}, {""name"": ""tx_bias_low_warn_threshold"", ""type"": ""str""}, {""name"": ""rx_mw"", ""type"": ""str""}, {""name"": ""rx_high_alarm_trig"", ""type"": ""str""}, {""name"": ""rx_low_alarm_trig"", ""type"": ""str""}, {""name"": ""rx_high_warn_trig"", ""type"": ""str""}, {""name"": ""rx_low_warn_trig"", ""type"": ""str""}, {""name"": ""rx_high_alarm_threshold"", ""type"": ""str""}, {""name"": ""rx_low_alarm_threshold"", ""type"": ""str""}, {""name"": ""rx_high_warn_threshold"", ""type"": ""str""}, {""name"": ""rx_low_warn_threshold"", ""type"": ""str""}, {""name"": ""tx_mw"", ""type"": ""str""}, {""name"": ""tx_high_alarm_trig"", ""type"": ""str""}, {""name"": ""tx_low_alarm_trig"", ""type"": ""str""}, {""name"": ""tx_high_warn_trig"", ""type"": ""str""}, {""name"": ""tx_low_warn_trig"", ""type"": ""str""}, {""name"": ""tx_high_alarm_threshold"", ""type"": ""str""}, {""name"": ""tx_low_alarm_threshold"", ""type"": ""str""}, {""name"": ""tx_high_warn_threshold"", ""type"": ""str""}, {""name"": ""tx_low_warn_threshold"", ""type"": ""str""}]",TextFSM template: aruba_aoscx_show_interface_dom_detail.textfsm,2026-02-27T16:43:55.232384
textfsm,show ip route all-vrfs,aruba_aoscx,"[{""name"": ""ip_address"", ""type"": ""str""}, {""name"": ""prefix_length"", ""type"": ""str""}, {""name"": ""vrf"", ""type"": ""str""}, {""name"": ""interface"", ""type"": ""str""}, {""name"": ""metric"", ""type"": ""str""}, {""name"": ""status"", ""type"": ""str""}]",TextFSM template: aruba_aoscx_show_ip_route_all-vrfs.textfsm,2026-02-27T16:43:55.232384
textfsm,show lldp neighbors-info detail,aruba_aoscx,"[{""name"": ""local_interface"", ""type"": ""str""}, {""name"": ""chassis_id"", ""type"": ""str""}, {""name"": ""neighbor_name"", ""type"": ""str""}, {""name"": ""neighbor_description"", ""type"": ""str""}, {""name"": ""capabilities_supported"", ""type"": ""str""}, {""name"": ""capabilities"", ""type"": ""str""}, {""name"": ""mgmt_address"", ""type"": ""str""}, {""name"": ""neighbor_port_id"", ""type"": ""str""}, {""name"": ""neighbor_interface"", ""type"": ""str""}]",TextFSM template: aruba_aoscx_show_lldp_neighbors-info_detail.textfsm,2026-02-27T16:43:55.232384
textfsm,show mac-address-table,aruba_aoscx,"[{""name"": ""mac_address"", ""type"": ""str""}, {""name"": ""vlan_id"", ""type"": ""str""}, {""name"": ""type"", ""type"": ""str""}, {""name"": ""port"", ""type"": ""str""}]",TextFSM template: aruba_aoscx_show_mac-address-table.textfsm,2026-02-27T16:43:55.232384
textfsm,show ntp associations,aruba_aoscx,"[{""name"": ""id"", ""type"": ""str""}, {""name"": ""name"", ""type"": ""str""}, {""name"": ""remote"", ""type"": ""str""}, {""name"": ""ref_id"", ""type"": ""str""}, {""name"": ""stratum"", ""type"": ""str""}, {""name"": ""last"", ""type"": ""str""}, {""name"": ""poll"", ""type"": ""str""}, {""name"": ""reach"", ""type"": ""str""}]",TextFSM template: aruba_aoscx_show_ntp_associations.textfsm,2026-02-27T16:43:55.232384
textfsm,show system,aruba_aoscx,"[{""name"": ""hostname"", ""type"": ""str""}, {""name"": ""contact"", ""type"": ""str""}, {""name"": ""location"", ""type"": ""str""}, {""name"": ""vendor"", ""type"": ""str""}, {""name"": ""product"", ""type"": ""str""}, {""name"": ""serial"", ""type"": ""str""}, {""name"": ""base_mac"", ""type"": ""str""}, {""name"": ""version"", ""type"": ""str""}, {""name"": ""time_zone"", ""type"": ""str""}, {""name"": ""uptime_weeks"", ""type"": ""str""}, {""name"": ""uptime_days"", ""type"": ""str""}, {""name"": ""uptime_hours"", ""type"": ""str""}, {""name"": ""uptime_minutes"", ""type"": ""str""}]",TextFSM template: aruba_aoscx_show_system.textfsm,2026-02-27T16:43:55.232384
textfsm,show vlan,aruba_aoscx,"[{""name"": ""vlan_id"", ""type"": ""str""}, {""name"": ""vlan_name"", ""type"": ""str""}, {""name"": ""status"", ""type"": ""str""}, {""name"": ""reason"", ""type"": ""str""}, {""name"": ""type"", ""type"": ""str""}, {""name"": ""interfaces"", ""type"": ""str""}]",TextFSM template: aruba_aoscx_show_vlan.textfsm,2026-02-27T16:43:55.232384
textfsm,show vsf detail,aruba_aoscx,"[{""name"": ""member_id"", ""type"": ""str""}, {""name"": ""topology"", ""type"": ""str""}, {""name"": ""name"", ""type"": ""str""}, {""name"": ""mac_address"", ""type"": ""str""}, {""name"": ""status"", ""type"": ""str""}, {""name"": ""serial_number"", ""type"": ""str""}, {""name"": ""cpu"", ""type"": ""str""}, {""name"": ""memory"", ""type"": ""str""}, {""name"": ""vsf_link_1"", ""type"": ""str""}, {""name"": ""vsf_link_2"", ""type"": ""str""}]",TextFSM template: aruba_aoscx_show_vsf_detail.textfsm,2026-02-27T16:43:55.232384
textfsm,show ap bss-table details,aruba_os,"[{""name"": ""bss"", ""type"": ""str""}, {""name"": ""ess"", ""type"": ""str""}, {""name"": ""port"", ""type"": ""str""}, {""name"": ""ip_address"", ""type"": ""str""}, {""name"": ""band"", ""type"": ""str""}, {""name"": ""channel"", ""type"": ""str""}, {""name"": ""type"", ""type"": ""str""}, {""name"": ""cur_cl"", ""type"": ""str""}, {""name"": ""ap_name"", ""type"": ""str""}, {""name"": ""in_t"", ""type"": ""str""}, {""name"": ""tot_t"", ""type"": ""str""}, {""name"": ""mtu"", ""type"": ""str""}, {""name"": ""phy"", ""type"": ""str""}, {""name"": ""acl_state"", ""type"": ""str""}, {""name"": ""acl"", ""type"": ""str""}, {""name"": ""fm"", ""type"": ""str""}, {""name"": ""flags"", ""type"": ""str""}, {""name"": ""cluster"", ""type"": ""str""}, {""name"": ""active_clients"", ""type"": ""str""}, {""name"": ""standby_clients"", ""type"": ""str""}, {""name"": ""datazone"", ""type"": ""str""}]",TextFSM template: aruba_os_show_ap_bss-table_details.textfsm,2026-02-27T16:43:55.232384
textfsm,show ap database,aruba_os,"[{""name"": ""ap_name"", ""type"": ""str""}, {""name"": ""group"", ""type"": ""str""}, {""name"": ""ap_model"", ""type"": ""str""}, {""name"": ""ip_address"", ""type"": ""str""}, {""name"": ""status"", ""type"": ""str""}, {""name"": ""flags"", ""type"": ""str""}, {""name"": ""primary"", ""type"": ""str""}, {""name"": ""standby"", ""type"": ""str""}]",TextFSM template: aruba_os_show_ap_database.textfsm,2026-02-27T16:43:55.232384
textfsm,show ap database long,aruba_os,"[{""name"": ""ap_name"", ""type"": ""str""}, {""name"": ""group"", ""type"": ""str""}, {""name"": ""ap_model"", ""type"": ""str""}, {""name"": ""ip_address"", ""type"": ""str""}, {""name"": ""status"", ""type"": ""str""}, {""name"": ""flags"", ""type"": ""str""}, {""name"": ""primary"", ""type"": ""str""}, {""name"": ""standby"", ""type"": ""str""}, {""name"": ""mac_address"", ""type"": ""str""}, {""name"": ""serial"", ""type"": ""str""}, {""name"": ""port"", ""type"": ""str""}, {""name"": ""fqln"", ""type"": ""str""}, {""name"": ""outer_ip"", ""type"": ""str""}, {""name"": ""user"", ""type"": ""str""}]",TextFSM template: aruba_os_show_ap_database_long.textfsm,2026-02-27T16:43:55.232384
textfsm,show ap radio-database,aruba_os,"[{""name"": ""ap_name"", ""type"": ""str""}, {""name"": ""group"", ""type"": ""str""}, {""name"": ""ap_model"", ""type"": ""str""}, {""name"": ""ip_address"", ""type"": ""str""}, {""name"": ""status"", ""type"": ""str""}, {""name"": ""flags"", ""type"": ""str""}, {""name"": ""primary"", ""type"": ""str""}, {""name"": ""standby"", ""type"": ""str""}, {""name"": ""radio0"", ""type"": ""str""}, {""name"": ""radio1"", ""type"": ""str""}, {""name"": ""radio2"", ""type"": ""str""}]",TextFSM template: aruba_os_show_ap_radio-database.textfsm,2026-02-27T16:43:55.232384
textfsm,show arp,aruba_os,"[{""name"": ""protocol"", ""type"": ""str""}, {""name"": ""ip_address"", ""type"": ""str""}, {""name"": ""mac_address"", ""type"": ""str""}, {""name"": ""interface"", ""type"": ""str""}, {""name"": ""age"", ""type"": ""str""}]",TextFSM template: aruba_os_show_arp.textfsm,2026-02-27T16:43:55.232384
textfsm,show hostname,aruba_os,"[{""name"": ""hostname"", ""type"": ""str""}]",TextFSM template: aruba_os_show_hostname.textfsm,2026-02-27T16:43:55.232384
textfsm,show ip interface brief,aruba_os,"[{""name"": ""interface"", ""type"": ""str""}, {""name"": ""ip_address"", ""type"": ""str""}, {""name"": ""netmask"", ""type"": ""str""}, {""name"": ""admin"", ""type"": ""str""}, {""name"": ""protocol"", ""type"": ""str""}]",TextFSM template: aruba_os_show_ip_interface_brief.textfsm,2026-02-27T16:43:55.232384
textfsm,show ipv6 interface brief,aruba_os,"[{""name"": ""interface"", ""type"": ""str""}, {""name"": ""ipv6_address"", ""type"": ""str""}, {""name"": ""admin"", ""type"": ""str""}, {""name"": ""protocol"", ""type"": ""str""}]",TextFSM template: aruba_os_show_ipv6_interface_brief.textfsm,2026-02-27T16:43:55.232384
textfsm,show version,aruba_os,"[{""name"": ""image_stamp"", ""type"": ""str""}, {""name"": ""image_build_date"", ""type"": ""str""}, {""name"": ""revision"", ""type"": ""str""}, {""name"": ""image_version"", ""type"": ""str""}, {""name"": ""boot_image"", ""type"": ""str""}, {""name"": ""boot_rom_version"", ""type"": ""str""}, {""name"": ""active_boot_rom"", ""type"": ""str""}]",TextFSM template: aruba_os_show_version.textfsm,2026-02-27T16:43:55.232384
textfsm,show vlan,aruba_os,"[{""name"": ""max_vlans"", ""type"": ""str""}, {""name"": ""primary_vlan"", ""type"": ""str""}, {""name"": ""mgmt_vlan"", ""type"": ""str""}, {""name"": ""vlan_id"", ""type"": ""str""}, {""name"": ""vlan_name"", ""type"": ""str""}, {""name"": ""vlan_status"", ""type"": ""str""}, {""name"": ""voice"", ""type"": ""str""}, {""name"": ""jumbo"", ""type"": ""str""}]",TextFSM template: aruba_os_show_vlan.textfsm,2026-02-27T16:43:55.232384
textfsm,show interface name,avaya_ers,"[{""name"": ""port"", ""type"": ""str""}, {""name"": ""name"", ""type"": ""str""}]",TextFSM template: avaya_ers_show_interface_name.textfsm,2026-02-27T16:43:55.232384
textfsm,show logging config,avaya_ers,"[{""name"": ""event_logging"", ""type"": ""str""}, {""name"": ""volatile"", ""type"": ""str""}, {""name"": ""log_types"", ""type"": ""str""}, {""name"": ""nv_storage_types"", ""type"": ""str""}, {""name"": ""remote_logging"", ""type"": ""str""}, {""name"": ""remote_address"", ""type"": ""str""}, {""name"": ""secondary_address"", ""type"": ""str""}, {""name"": ""remote_types"", ""type"": ""str""}, {""name"": ""facility"", ""type"": ""str""}]",TextFSM template: avaya_ers_show_logging_config.textfsm,2026-02-27T16:43:55.232384
textfsm,show mac-address-table,avaya_ers,"[{""name"": ""mac_address"", ""type"": ""str""}, {""name"": ""vid"", ""type"": ""str""}, {""name"": ""type"", ""type"": ""str""}, {""name"": ""port"", ""type"": ""str""}]",TextFSM template: avaya_ers_show_mac-address-table.textfsm,2026-02-27T16:43:55.232384
textfsm,show mlt,avaya_ers,"[{""name"": ""id"", ""type"": ""str""}, {""name"": ""name"", ""type"": ""str""}, {""name"": ""active_members"", ""type"": ""str""}, {""name"": ""inactive_members"", ""type"": ""str""}, {""name"": ""bpdu"", ""type"": ""str""}, {""name"": ""mode"", ""type"": ""str""}, {""name"": ""status"", ""type"": ""str""}, {""name"": ""type"", ""type"": ""str""}, {""name"": ""lacp_key"", ""type"": ""str""}]",TextFSM template: avaya_ers_show_mlt.textfsm,2026-02-27T16:43:55.232384
textfsm,show mlt all-members,avaya_ers,"[{""name"": ""mltid"", ""type"": ""str""}, {""name"": ""mltname"", ""type"": ""str""}, {""name"": ""mltactivemembers"", ""type"": ""str""}, {""name"": ""mltinactivemembers"", ""type"": ""str""}, {""name"": ""mltbpdu"", ""type"": ""str""}, {""name"": ""mltmode"", ""type"": ""str""}, {""name"": ""mltstatus"", ""type"": ""str""}, {""name"": ""mlttype"", ""type"": ""str""}, {""name"": ""mltlacpkey"", ""type"": ""str""}]",TextFSM template: avaya_ers_show_mlt_all-members.textfsm,2026-02-27T16:43:55.232384
textfsm,show sys-info,avaya_ers,"[{""name"": ""operation_mode"", ""type"": ""str""}, {""name"": ""size_of_stack"", ""type"": ""str""}, {""name"": ""base_unit"", ""type"": ""str""}, {""name"": ""mac_address"", ""type"": ""str""}, {""name"": ""poe_module_fw"", ""type"": ""str""}, {""name"": ""reset_count"", ""type"": ""str""}, {""name"": ""last_reset_type"", ""type"": ""str""}, {""name"": ""autotopology"", ""type"": ""str""}, {""name"": ""base_unit_selection"", ""type"": ""str""}, {""name"": ""serial_number"", ""type"": ""str""}, {""name"": ""operational_firmware"", ""type"": ""str""}, {""name"": ""operational_software"", ""type"": ""str""}, {""name"": ""installed_firmware"", ""type"": ""str""}, {""name"": ""installed_software"", ""type"": ""str""}, {""name"": ""operational_license"", ""type"": ""str""}, {""name"": ""installed_license"", ""type"": ""str""}, {""name"": ""sys_object_id"", ""type"": ""str""}, {""name"": ""sys_up_time"", ""type"": ""str""}, {""name"": ""sys_ntp_time"", ""type"": ""str""}, {""name"": ""sys_services"", ""type"": ""str""}, {""name"": ""sys_contact"", ""type"": ""str""}, {""name"": ""sys_name"", ""type"": ""str""}, {""name"": ""sys_location"", ""type"": ""str""}, {""name"": ""stack_sysassetid"", ""type"": ""str""}, {""name"": ""unit_sysassetid"", ""type"": ""str""}]",TextFSM template: avaya_ers_show_sys-info.textfsm,2026-02-27T16:43:55.232384
textfsm,show vlan,avaya_ers,"[{""name"": ""vlan_id"", ""type"": ""str""}, {""name"": ""vlan_name"", ""type"": ""str""}, {""name"": ""vlan_type"", ""type"": ""str""}, {""name"": ""vlan_protocol"", ""type"": ""str""}, {""name"": ""vlan_pid"", ""type"": ""str""}, {""name"": ""vlan_active"", ""type"": ""str""}, {""name"": ""vlan_ivl_svl"", ""type"": ""str""}, {""name"": ""vlan_mgmt"", ""type"": ""str""}, {""name"": ""vlan_port_members"", ""type"": ""str""}]",TextFSM template: avaya_ers_show_vlan.textfsm,2026-02-27T16:43:55.232384
textfsm,show software,avaya_vsp,"[{""name"": ""release_location"", ""type"": ""str""}, {""name"": ""backup_release"", ""type"": ""str""}, {""name"": ""primary_release"", ""type"": ""str""}, {""name"": ""auto_commit"", ""type"": ""str""}, {""name"": ""commit_timeout"", ""type"": ""str""}]",TextFSM template: avaya_vsp_show_software.textfsm,2026-02-27T16:43:55.232384
textfsm,testing,bogus_for,"[{""name"": ""key"", ""type"": ""str""}, {""name"": ""creator"", ""type"": ""str""}, {""name"": ""year_created"", ""type"": ""str""}, {""name"": ""level"", ""type"": ""str""}, {""name"": ""object_oriented"", ""type"": ""str""}, {""name"": ""not_used"", ""type"": ""str""}]",TextFSM template: bogus_for_testing.textfsm,2026-02-27T16:43:55.232384
textfsm,show isdp neighbors,broadcom_icos,"[{""name"": ""neighbor_name"", ""type"": ""str""}, {""name"": ""local_interface"", ""type"": ""str""}, {""name"": ""holdtime"", ""type"": ""str""}, {""name"": ""capabilities"", ""type"": ""str""}, {""name"": ""platform"", ""type"": ""str""}, {""name"": ""neighbor_interface"", ""type"": ""str""}]",TextFSM template: broadcom_icos_show_isdp_neighbors.textfsm,2026-02-27T16:43:55.232384
textfsm,show lldp remote-device all,broadcom_icos,"[{""name"": ""local_interface"", ""type"": ""str""}, {""name"": ""remote_id"", ""type"": ""str""}, {""name"": ""chassis_id"", ""type"": ""str""}, {""name"": ""neighbor_interface"", ""type"": ""str""}, {""name"": ""neighbor_name"", ""type"": ""str""}]",TextFSM template: broadcom_icos_show_lldp_remote-device_all.textfsm,2026-02-27T16:43:55.232384
textfsm,show mac-addr-table,broadcom_icos,"[{""name"": ""vlan_id"", ""type"": ""str""}, {""name"": ""mac_address"", ""type"": ""str""}, {""name"": ""interface"", ""type"": ""str""}, {""name"": ""index"", ""type"": ""str""}, {""name"": ""status"", ""type"": ""str""}]",TextFSM template: broadcom_icos_show_mac-addr-table.textfsm,2026-02-27T16:43:55.232384
textfsm,show version,broadcom_icos,"[{""name"": ""description"", ""type"": ""str""}, {""name"": ""switch_type"", ""type"": ""str""}, {""name"": ""switch_model"", ""type"": ""str""}, {""name"": ""serial"", ""type"": ""str""}, {""name"": ""fru_number"", ""type"": ""str""}, {""name"": ""part_number"", ""type"": ""str""}, {""name"": ""maintenance_level"", ""type"": ""str""}, {""name"": ""manufacturer"", ""type"": ""str""}, {""name"": ""mac_address"", ""type"": ""str""}, {""name"": ""version"", ""type"": ""str""}, {""name"": ""os_version"", ""type"": ""str""}, {""name"": ""network_processing_device"", ""type"": ""str""}, {""name"": ""cpld_version"", ""type"": ""str""}, {""name"": ""board_revision"", ""type"": ""str""}, {""name"": ""additional_packages"", ""type"": ""str""}]",TextFSM template: broadcom_icos_show_version.textfsm,2026-02-27T16:43:55.232384
textfsm,show vlan brief,broadcom_icos,"[{""name"": ""vlan_id"", ""type"": ""str""}, {""name"": ""vlan_name"", ""type"": ""str""}, {""name"": ""type"", ""type"": ""str""}]",TextFSM template: broadcom_icos_show_vlan_brief.textfsm,2026-02-27T16:43:55.232384
textfsm,show arp,brocade_fastiron,"[{""name"": ""protocol"", ""type"": ""str""}, {""name"": ""ip_address"", ""type"": ""str""}, {""name"": ""age"", ""type"": ""str""}, {""name"": ""mac_address"", ""type"": ""str""}, {""name"": ""type"", ""type"": ""str""}, {""name"": ""port"", ""type"": ""str""}]",TextFSM template: brocade_fastiron_show_arp.textfsm,2026-02-27T16:43:55.232384
textfsm,show interfaces,brocade_fastiron,"[{""name"": ""interface"", ""type"": ""str""}, {""name"": ""intstate"", ""type"": ""str""}, {""name"": ""protostate"", ""type"": ""str""}, {""name"": ""stprootguard"", ""type"": ""str""}, {""name"": ""stpbpduguard"", ""type"": ""str""}, {""name"": ""hardwaretype"", ""type"": ""str""}, {""name"": ""mac"", ""type"": ""str""}, {""name"": ""bia"", ""type"": ""str""}, {""name"": ""confspeed"", ""type"": ""str""}, {""name"": ""confduplex"", ""type"": ""str""}, {""name"": ""actualspeed"", ""type"": ""str""}, {""name"": ""actualduplex"", ""type"": ""str""}, {""name"": ""l2portstate"", ""type"": ""str""}, {""name"": ""l2portmode"", ""type"": ""str""}, {""name"": ""untaggedvlan"", ""type"": ""str""}, {""name"": ""numtaggedvlans"", ""type"": ""str""}, {""name"": ""stpconfstate"", ""type"": ""str""}, {""name"": ""priority"", ""type"": ""str""}, {""name"": ""flowcontrolconfigstate"", ""type"": ""str""}, {""name"": ""flowcontrolopstate"", ""type"": ""str""}, {""name"": ""flowcontrolnegconfig"", ""type"": ""str""}, {""name"": ""mirrorstate"", ""type"": ""str""}, {""name"": ""monitorstate"", ""type"": ""str""}, {""name"": ""activelagports"", ""type"": ""str""}, {""name"": ""activelagrole"", ""type"": ""str""}, {""name"": ""activelagprimaryport"", ""type"": ""str""}, {""name"": ""conflagports"", ""type"": ""str""}, {""name"": ""conflagrole"", ""type"": ""str""}, {""name"": ""conflagprimaryport"", ""type"": ""str""}, {""name"": ""portname"", ""type"": ""str""}, {""name"": ""l2mtubytes"", ""type"": ""str""}, {""name"": ""loadinterval"", ""type"": ""str""}, {""name"": ""inputbitssec"", ""type"": ""str""}, {""name"": ""inputpacketssec"", ""type"": ""str""}, {""name"": ""inputpercentutilization"", ""type"": ""str""}, {""name"": ""outputbitssec"", ""type"": ""str""}, {""name"": ""outputpacketssec"", ""type"": ""str""}, {""name"": ""outputpercentutilization"", ""type"": ""str""}, {""name"": ""inputpacketstotal"", ""type"": ""str""}, {""name"": ""inputbytestotal"", ""type"": ""str""}, {""name"": ""inputnobuffers"", ""type"": ""str""}, {""name"": ""inputbroadcasts"", ""type"": ""str""}, {""name"": ""inputmulticasts"", ""type"": ""str""}, {""name"": ""inputunicasts"", ""type"": ""str""}, {""name"": ""inputerrors"", ""type"": ""str""}, {""name"": ""inputcrcerrors"", ""type"": ""str""}, {""name"": ""inputframeerrors"", ""type"": ""str""}, {""name"": ""inputignorederrors"", ""type"": ""str""}, {""name"": ""inputrunts"", ""type"": ""str""}, {""name"": ""inputgiants"", ""type"": ""str""}, {""name"": ""outputpacketstotal"", ""type"": ""str""}, {""name"": ""outputbytestotal"", ""type"": ""str""}, {""name"": ""outputunderruns"", ""type"": ""str""}, {""name"": ""outputbroadcasts"", ""type"": ""str""}, {""name"": ""outputmulticasts"", ""type"": ""str""}, {""name"": ""outputunicasts"", ""type"": ""str""}, {""name"": ""outputerrors"", ""type"": ""str""}, {""name"": ""outputcollisions"", ""type"": ""str""}, {""name"": ""relayagentinfo"", ""type"": ""str""}, {""name"": ""queue0queued"", ""type"": ""str""}, {""name"": ""queue0dropped"", ""type"": ""str""}, {""name"": ""queue1queued"", ""type"": ""str""}, {""name"": ""queue1dropped"", ""type"": ""str""}, {""name"": ""queue2queued"", ""type"": ""str""}, {""name"": ""queue2dropped"", ""type"": ""str""}, {""name"": ""queue3queued"", ""type"": ""str""}, {""name"": ""queue3dropped"", ""type"": ""str""}, {""name"": ""queue4queued"", ""type"": ""str""}, {""name"": ""queue4dropped"", ""type"": ""str""}, {""name"": ""queue5queued"", ""type"": ""str""}, {""name"": ""queue5dropped"", ""type"": ""str""}, {""name"": ""queue6queued"", ""type"": ""str""}, {""name"": ""queue6dropped"", ""type"": ""str""}, {""name"": ""queue7queued"", ""type"": ""str""}, {""name"": ""queue7dropped"", ""type"": ""str""}]",TextFSM template: brocade_fastiron_show_interfaces.textfsm,2026-02-27T16:43:55.232384
textfsm,show interfaces brief,brocade_fastiron,"[{""name"": ""interface"", ""type"": ""str""}, {""name"": ""linkstate"", ""type"": ""str""}, {""name"": ""portstate"", ""type"": ""str""}, {""name"": ""duplex"", ""type"": ""str""}, {""name"": ""speed"", ""type"": ""str""}, {""name"": ""trunkid"", ""type"": ""str""}, {""name"": ""tagonly"", ""type"": ""str""}, {""name"": ""pvid"", ""type"": ""str""}, {""name"": ""priority"", ""type"": ""str""}, {""name"": ""mac"", ""type"": ""str""}, {""name"": ""name"", ""type"": ""str""}]",TextFSM template: brocade_fastiron_show_interfaces_brief.textfsm,2026-02-27T16:43:55.232384
textfsm,show lag brief,brocade_fastiron,"[{""name"": ""lagnameshort"", ""type"": ""str""}, {""name"": ""lagtype"", ""type"": ""str""}, {""name"": ""deployed"", ""type"": ""str""}, {""name"": ""trunkid"", ""type"": ""str""}, {""name"": ""primaryinterface"", ""type"": ""str""}, {""name"": ""portlist"", ""type"": ""str""}, {""name"": ""portlistcont"", ""type"": ""str""}]",TextFSM template: brocade_fastiron_show_lag_brief.textfsm,2026-02-27T16:43:55.232384
textfsm,show lldp neighbors,brocade_fastiron,"[{""name"": ""neighbor_name"", ""type"": ""str""}, {""name"": ""local_interface"", ""type"": ""str""}, {""name"": ""holdtime"", ""type"": ""str""}, {""name"": ""capabilities"", ""type"": ""str""}, {""name"": ""neighbor_interface"", ""type"": ""str""}]",TextFSM template: brocade_fastiron_show_lldp_neighbors.textfsm,2026-02-27T16:43:55.232384
textfsm,show lldp neighbors detail,brocade_fastiron,"[{""name"": ""local_interface"", ""type"": ""str""}, {""name"": ""neighbor_port_id"", ""type"": ""str""}, {""name"": ""holdtime"", ""type"": ""str""}, {""name"": ""neighbor_name"", ""type"": ""str""}, {""name"": ""neighbor_interface"", ""type"": ""str""}, {""name"": ""vlan_id"", ""type"": ""str""}, {""name"": ""mgmt_address"", ""type"": ""str""}, {""name"": ""neighbor_lacp_index"", ""type"": ""str""}, {""name"": ""neighbor_max_frame_size"", ""type"": ""str""}, {""name"": ""neighbor_mau"", ""type"": ""str""}, {""name"": ""capabilities"", ""type"": ""str""}]",TextFSM template: brocade_fastiron_show_lldp_neighbors_detail.textfsm,2026-02-27T16:43:55.232384
textfsm,show mac-address,brocade_fastiron,"[{""name"": ""mac_address"", ""type"": ""str""}, {""name"": ""destination_port"", ""type"": ""str""}, {""name"": ""age"", ""type"": ""str""}, {""name"": ""vlan_id"", ""type"": ""str""}, {""name"": ""type"", ""type"": ""str""}]",TextFSM template: brocade_fastiron_show_mac-address.textfsm,2026-02-27T16:43:55.232384
textfsm,show metro,brocade_fastiron,"[{""name"": ""ringid"", ""type"": ""str""}, {""name"": ""ringname"", ""type"": ""str""}, {""name"": ""ringstate"", ""type"": ""str""}, {""name"": ""ringrole"", ""type"": ""str""}, {""name"": ""mastervlan"", ""type"": ""str""}, {""name"": ""topogroup"", ""type"": ""str""}, {""name"": ""hellotime"", ""type"": ""str""}, {""name"": ""prefwingtime"", ""type"": ""str""}, {""name"": ""port1interface"", ""type"": ""str""}, {""name"": ""port1role"", ""type"": ""str""}, {""name"": ""port1state"", ""type"": ""str""}, {""name"": ""port1activeint"", ""type"": ""str""}, {""name"": ""port1inttype"", ""type"": ""str""}, {""name"": ""port2interface"", ""type"": ""str""}, {""name"": ""port2role"", ""type"": ""str""}, {""name"": ""port2state"", ""type"": ""str""}, {""name"": ""port2activeint"", ""type"": ""str""}, {""name"": ""port2inttype"", ""type"": ""str""}, {""name"": ""rhpssent"", ""type"": ""str""}, {""name"": ""rhpsrecvd"", ""type"": ""str""}, {""name"": ""tcrbpdusrecvd"", ""type"": ""str""}, {""name"": ""statechanges"", ""type"": ""str""}]",TextFSM template: brocade_fastiron_show_metro.textfsm,2026-02-27T16:43:55.232384
textfsm,show monitor,brocade_fastiron,"[{""name"": ""monitoredport"", ""type"": ""str""}, {""name"": ""inputmirror"", ""type"": ""str""}, {""name"": ""outputmirror"", ""type"": ""str""}]",TextFSM template: brocade_fastiron_show_monitor.textfsm,2026-02-27T16:43:55.232384
textfsm,show running-config vlan,brocade_fastiron,"[{""name"": ""vlan_id"", ""type"": ""str""}, {""name"": ""vlan_name"", ""type"": ""str""}, {""name"": ""untaggedports"", ""type"": ""str""}, {""name"": ""taggedports"", ""type"": ""str""}, {""name"": ""spanningtree"", ""type"": ""str""}, {""name"": ""metroid1"", ""type"": ""str""}, {""name"": ""metrointerfaces1"", ""type"": ""str""}, {""name"": ""metroconfenable1"", ""type"": ""str""}, {""name"": ""metroconfmaster1"", ""type"": ""str""}, {""name"": ""metroconfdiag1"", ""type"": ""str""}, {""name"": ""metroname1"", ""type"": ""str""}, {""name"": ""metroid2"", ""type"": ""str""}, {""name"": ""metrointerfaces2"", ""type"": ""str""}, {""name"": ""metroconfenable2"", ""type"": ""str""}, {""name"": ""metroconfmaster2"", ""type"": ""str""}, {""name"": ""metroconfdiag2"", ""type"": ""str""}, {""name"": ""metroname2"", ""type"": ""str""}, {""name"": ""metroid3"", ""type"": ""str""}, {""name"": ""metrointerfaces3"", ""type"": ""str""}, {""name"": ""metroconfenable3"", ""type"": ""str""}, {""name"": ""metroconfmaster3"", ""type"": ""str""}, {""name"": ""metroconfdiag3"", ""type"": ""str""}, {""name"": ""metroname3"", ""type"": ""str""}, {""name"": ""metroid4"", ""type"": ""str""}, {""name"": ""metrointerfaces4"", ""type"": ""str""}, {""name"": ""metroconfenable4"", ""type"": ""str""}, {""name"": ""metroconfmaster4"", ""type"": ""str""}, {""name"": ""metroconfdiag4"", ""type"": ""str""}, {""name"": ""metroname4"", ""type"": ""str""}]",TextFSM template: brocade_fastiron_show_running-config_vlan.textfsm,2026-02-27T16:43:55.232384
textfsm,show span,brocade_fastiron,"[{""name"": ""mastervlan"", ""type"": ""str""}, {""name"": ""vlan_id"", ""type"": ""str""}, {""name"": ""rootbridgeid"", ""type"": ""str""}, {""name"": ""rootpathcost"", ""type"": ""str""}, {""name"": ""rootport"", ""type"": ""str""}, {""name"": ""priorityhex"", ""type"": ""str""}, {""name"": ""bridgemaxage"", ""type"": ""str""}, {""name"": ""bridgehello"", ""type"": ""str""}, {""name"": ""holdtime"", ""type"": ""str""}, {""name"": ""bridgefwddly"", ""type"": ""str""}, {""name"": ""lasttopochange"", ""type"": ""str""}, {""name"": ""topochangecount"", ""type"": ""str""}, {""name"": ""bridgeaddress"", ""type"": ""str""}]",TextFSM template: brocade_fastiron_show_span.textfsm,2026-02-27T16:43:55.232384
textfsm,show topo,brocade_fastiron,"[{""name"": ""topogroup"", ""type"": ""str""}, {""name"": ""mastervlan"", ""type"": ""str""}, {""name"": ""l2proto"", ""type"": ""str""}]",TextFSM template: brocade_fastiron_show_topo.textfsm,2026-02-27T16:43:55.232384
textfsm,show trunk,brocade_fastiron,"[{""name"": ""id"", ""type"": ""str""}, {""name"": ""port1"", ""type"": ""str""}, {""name"": ""port2"", ""type"": ""str""}, {""name"": ""port3"", ""type"": ""str""}, {""name"": ""port4"", ""type"": ""str""}, {""name"": ""port5"", ""type"": ""str""}, {""name"": ""port6"", ""type"": ""str""}, {""name"": ""port7"", ""type"": ""str""}, {""name"": ""port8"", ""type"": ""str""}, {""name"": ""link1"", ""type"": ""str""}, {""name"": ""link2"", ""type"": ""str""}, {""name"": ""link3"", ""type"": ""str""}, {""name"": ""link4"", ""type"": ""str""}, {""name"": ""link5"", ""type"": ""str""}, {""name"": ""link6"", ""type"": ""str""}, {""name"": ""link7"", ""type"": ""str""}, {""name"": ""link8"", ""type"": ""str""}, {""name"": ""state1"", ""type"": ""str""}, {""name"": ""state2"", ""type"": ""str""}, {""name"": ""state3"", ""type"": ""str""}, {""name"": ""state4"", ""type"": ""str""}, {""name"": ""state5"", ""type"": ""str""}, {""name"": ""state6"", ""type"": ""str""}, {""name"": ""state7"", ""type"": ""str""}, {""name"": ""state8"", ""type"": ""str""}]",TextFSM template: brocade_fastiron_show_trunk.textfsm,2026-02-27T16:43:55.232384
textfsm,show version,brocade_fastiron,"[{""name"": ""switch_id"", ""type"": ""str""}, {""name"": ""sw_bin"", ""type"": ""str""}, {""name"": ""sw_version"", ""type"": ""str""}, {""name"": ""boot_monitor_version"", ""type"": ""str""}, {""name"": ""hw"", ""type"": ""str""}, {""name"": ""slot"", ""type"": ""str""}, {""name"": ""model"", ""type"": ""str""}, {""name"": ""poe"", ""type"": ""str""}, {""name"": ""ports"", ""type"": ""str""}, {""name"": ""module_type"", ""type"": ""str""}, {""name"": ""serial"", ""type"": ""str""}, {""name"": ""license"", ""type"": ""str""}, {""name"": ""flash"", ""type"": ""str""}, {""name"": ""flash_measurement"", ""type"": ""str""}, {""name"": ""ram"", ""type"": ""str""}, {""name"": ""ram_measurement"", ""type"": ""str""}, {""name"": ""uptime_days"", ""type"": ""str""}, {""name"": ""uptime_hours"", ""type"": ""str""}, {""name"": ""uptime_minutes"", ""type"": ""str""}, {""name"": ""uptime_seconds"", ""type"": ""str""}, {""name"": ""start_time"", ""type"": ""str""}, {""name"": ""start_timezone"", ""type"": ""str""}, {""name"": ""start_day"", ""type"": ""str""}, {""name"": ""start_month"", ""type"": ""str""}, {""name"": ""start_date"", ""type"": ""str""}, {""name"": ""start_year"", ""type"": ""str""}, {""name"": ""reload_reason"", ""type"": ""str""}]",TextFSM template: brocade_fastiron_show_version.textfsm,2026-02-27T16:43:55.232384
textfsm,show interfaces,brocade_netiron,"[{""name"": ""interface"", ""type"": ""str""}, {""name"": ""intstate"", ""type"": ""str""}, {""name"": ""protostate"", ""type"": ""str""}, {""name"": ""stprootguard"", ""type"": ""str""}, {""name"": ""stpbpduguard"", ""type"": ""str""}, {""name"": ""hardwaretype"", ""type"": ""str""}, {""name"": ""mac"", ""type"": ""str""}, {""name"": ""bia"", ""type"": ""str""}, {""name"": ""conffiberspeed"", ""type"": ""str""}, {""name"": ""confcopperspeed"", ""type"": ""str""}, {""name"": ""conffiberduplex"", ""type"": ""str""}, {""name"": ""confcopperduplex"", ""type"": ""str""}, {""name"": ""actualspeed"", ""type"": ""str""}, {""name"": ""actualduplex"", ""type"": ""str""}, {""name"": ""l2portstate"", ""type"": ""str""}, {""name"": ""l2portmode"", ""type"": ""str""}, {""name"": ""untaggedvlan"", ""type"": ""str""}, {""name"": ""numtaggedvlans"", ""type"": ""str""}, {""name"": ""stpconfstate"", ""type"": ""str""}, {""name"": ""priority"", ""type"": ""str""}, {""name"": ""flowcontrolstate"", ""type"": ""str""}, {""name"": ""priorityforcedstate"", ""type"": ""str""}, {""name"": ""dropprecedencelevel"", ""type"": ""str""}, {""name"": ""dropprecedenceforcestate"", ""type"": ""str""}, {""name"": ""dhcpsnooptrust"", ""type"": ""str""}, {""name"": ""mirrorstate"", ""type"": ""str""}, {""name"": ""monitorstate"", ""type"": ""str""}, {""name"": ""lacpbpduforward"", ""type"": ""str""}, {""name"": ""lldpbpduforward"", ""type"": ""str""}, {""name"": ""activelagports"", ""type"": ""str""}, {""name"": ""activelagrole"", ""type"": ""str""}, {""name"": ""activelagprimaryport"", ""type"": ""str""}, {""name"": ""conflagports"", ""type"": ""str""}, {""name"": ""conflagrole"", ""type"": ""str""}, {""name"": ""conflagprimaryport"", ""type"": ""str""}, {""name"": ""portname"", ""type"": ""str""}, {""name"": ""l2mtubytes"", ""type"": ""str""}, {""name"": ""encapsulation"", ""type"": ""str""}, {""name"": ""openflowopstate"", ""type"": ""str""}, {""name"": ""openflowindex"", ""type"": ""str""}, {""name"": ""clusterl2protoforwarding"", ""type"": ""str""}, {""name"": ""loadinterval"", ""type"": ""str""}, {""name"": ""inputbitssec"", ""type"": ""str""}, {""name"": ""inputpacketssec"", ""type"": ""str""}, {""name"": ""inputpercentutilization"", ""type"": ""str""}, {""name"": ""outputbitssec"", ""type"": ""str""}, {""name"": ""outputpacketssec"", ""type"": ""str""}, {""name"": ""outputpercentutilization"", ""type"": ""str""}, {""name"": ""inputpacketstotal"", ""type"": ""str""}, {""name"": ""inputbytestotal"", ""type"": ""str""}, {""name"": ""inputnobuffers"", ""type"": ""str""}, {""name"": ""inputbroadcasts"", ""type"": ""str""}, {""name"": ""inputmulticasts"", ""type"": ""str""}, {""name"": ""inputunicasts"", ""type"": ""str""}, {""name"": ""inputerrors"", ""type"": ""str""}, {""name"": ""inputcrcerrors"", ""type"": ""str""}, {""name"": ""inputframeerrors"", ""type"": ""str""}, {""name"": ""inputignorederrors"", ""type"": ""str""}, {""name"": ""inputrunts"", ""type"": ""str""}, {""name"": ""inputgiants"", ""type"": ""str""}, {""name"": ""inputnpreceivedpackets"", ""type"": ""str""}, {""name"": ""inputsenttotmpackets"", ""type"": ""str""}, {""name"": ""inputnpingressdroppedpackets"", ""type"": ""str""}, {""name"": ""outputpacketstotal"", ""type"": ""str""}, {""name"": ""outputbytestotal"", ""type"": ""str""}, {""name"": ""outputunderruns"", ""type"": ""str""}, {""name"": ""outputbroadcasts"", ""type"": ""str""}, {""name"": ""outputmulticasts"", ""type"": ""str""}, {""name"": ""outputunicasts"", ""type"": ""str""}, {""name"": ""outputerrors"", ""type"": ""str""}, {""name"": ""outputcollisions"", ""type"": ""str""}, {""name"": ""outputnptransmittedpackets"", ""type"": ""str""}, {""name"": ""outputreceivedfromtmpackets"", ""type"": ""str""}, {""name"": ""l3mtubytes"", ""type"": ""str""}, {""name"": ""ipaddress"", ""type"": ""str""}, {""name"": ""ipencapsulation"", ""type"": ""str""}]",TextFSM template: brocade_netiron_show_interfaces.textfsm,2026-02-27T16:43:55.232384
textfsm,show interfaces brief,brocade_netiron,"[{""name"": ""interface"", ""type"": ""str""}, {""name"": ""linkstate"", ""type"": ""str""}, {""name"": ""portstate"", ""type"": ""str""}, {""name"": ""duplex"", ""type"": ""str""}, {""name"": ""speed"", ""type"": ""str""}, {""name"": ""trunkid"", ""type"": ""str""}, {""name"": ""tagonly"", ""type"": ""str""}, {""name"": ""priority"", ""type"": ""str""}, {""name"": ""mac"", ""type"": ""str""}]",TextFSM template: brocade_netiron_show_interfaces_brief.textfsm,2026-02-27T16:43:55.232384
textfsm,show lag brief,brocade_netiron,"[{""name"": ""lagnameshort"", ""type"": ""str""}, {""name"": ""lagtype"", ""type"": ""str""}, {""name"": ""deployed"", ""type"": ""str""}, {""name"": ""trunkid"", ""type"": ""str""}, {""name"": ""primaryinterface"", ""type"": ""str""}, {""name"": ""portlist"", ""type"": ""str""}, {""name"": ""portlistcont"", ""type"": ""str""}]",TextFSM template: brocade_netiron_show_lag_brief.textfsm,2026-02-27T16:43:55.232384
textfsm,show lldp neighbors detail,brocade_netiron,"[{""name"": ""local_interface"", ""type"": ""str""}, {""name"": ""neighbor_port_id"", ""type"": ""str""}, {""name"": ""holdtime"", ""type"": ""str""}, {""name"": ""neighbor_name"", ""type"": ""str""}, {""name"": ""neighbor_interface"", ""type"": ""str""}, {""name"": ""vlan_id"", ""type"": ""str""}, {""name"": ""mgmt_address"", ""type"": ""str""}, {""name"": ""neighbor_lacp_index"", ""type"": ""str""}, {""name"": ""neighbor_max_frame_size"", ""type"": ""str""}, {""name"": ""neighbor_mau"", ""type"": ""str""}, {""name"": ""capabilities"", ""type"": ""str""}]",TextFSM template: brocade_netiron_show_lldp_neighbors_detail.textfsm,2026-02-27T16:43:55.232384
textfsm,show metro,brocade_netiron,"[{""name"": ""ringid"", ""type"": ""str""}, {""name"": ""vlantype"", ""type"": ""str""}, {""name"": ""ringname"", ""type"": ""str""}, {""name"": ""ringstate"", ""type"": ""str""}, {""name"": ""ringrole"", ""type"": ""str""}, {""name"": ""mastervlan"", ""type"": ""str""}, {""name"": ""topogroup"", ""type"": ""str""}, {""name"": ""hellotime"", ""type"": ""str""}, {""name"": ""prefwingtime"", ""type"": ""str""}, {""name"": ""port1interface"", ""type"": ""str""}, {""name"": ""port1role"", ""type"": ""str""}, {""name"": ""port1state"", ""type"": ""str""}, {""name"": ""port1inttype"", ""type"": ""str""}, {""name"": ""port2interface"", ""type"": ""str""}, {""name"": ""port2role"", ""type"": ""str""}, {""name"": ""port2state"", ""type"": ""str""}, {""name"": ""port2inttype"", ""type"": ""str""}, {""name"": ""rhpssent"", ""type"": ""str""}, {""name"": ""rhpsrecvd"", ""type"": ""str""}, {""name"": ""tcrbpdusrecvd"", ""type"": ""str""}, {""name"": ""statechanges"", ""type"": ""str""}]",TextFSM template: brocade_netiron_show_metro.textfsm,2026-02-27T16:43:55.232384
textfsm,show monitor actual,brocade_netiron,"[{""name"": ""monitoredport"", ""type"": ""str""}, {""name"": ""inputmirror"", ""type"": ""str""}, {""name"": ""outputmirror"", ""type"": ""str""}]",TextFSM template: brocade_netiron_show_monitor_actual.textfsm,2026-02-27T16:43:55.232384
textfsm,show running-config interface,brocade_netiron,"[{""name"": ""interface_type"", ""type"": ""str""}, {""name"": ""interface"", ""type"": ""str""}, {""name"": ""portname"", ""type"": ""str""}, {""name"": ""qostostrust"", ""type"": ""str""}, {""name"": ""qostosmark"", ""type"": ""str""}, {""name"": ""ospfarea"", ""type"": ""str""}, {""name"": ""ospfpassive"", ""type"": ""str""}, {""name"": ""ospfcost"", ""type"": ""str""}, {""name"": ""vrf"", ""type"": ""str""}, {""name"": ""ippimsparse"", ""type"": ""str""}, {""name"": ""iprouterisis"", ""type"": ""str""}, {""name"": ""isismetric"", ""type"": ""str""}, {""name"": ""ip_helper"", ""type"": ""str""}, {""name"": ""ipredirect"", ""type"": ""str""}, {""name"": ""ip_address"", ""type"": ""str""}, {""name"": ""ip_addr_cidr"", ""type"": ""str""}, {""name"": ""ipv6_addr"", ""type"": ""str""}, {""name"": ""ipv6_addr_cidr"", ""type"": ""str""}, {""name"": ""admin_state"", ""type"": ""str""}, {""name"": ""acl_in"", ""type"": ""str""}, {""name"": ""acl_out"", ""type"": ""str""}, {""name"": ""vrid"", ""type"": ""str""}, {""name"": ""ip_addr_vrrpe"", ""type"": ""str""}]",TextFSM template: brocade_netiron_show_running-config_interface.textfsm,2026-02-27T16:43:55.232384
textfsm,show running-config vlan,brocade_netiron,"[{""name"": ""vlan_id"", ""type"": ""str""}, {""name"": ""vlan_name"", ""type"": ""str""}, {""name"": ""untaggedports"", ""type"": ""str""}, {""name"": ""taggedports"", ""type"": ""str""}, {""name"": ""associatedve"", ""type"": ""str""}, {""name"": ""metroid1"", ""type"": ""str""}, {""name"": ""metrointerfaces1"", ""type"": ""str""}, {""name"": ""metroconfenable1"", ""type"": ""str""}, {""name"": ""metroconfmaster1"", ""type"": ""str""}, {""name"": ""metroconfdiag1"", ""type"": ""str""}, {""name"": ""metroname1"", ""type"": ""str""}, {""name"": ""metroid2"", ""type"": ""str""}, {""name"": ""metrointerfaces2"", ""type"": ""str""}, {""name"": ""metroconfenable2"", ""type"": ""str""}, {""name"": ""metroconfmaster2"", ""type"": ""str""}, {""name"": ""metroconfdiag2"", ""type"": ""str""}, {""name"": ""metroname2"", ""type"": ""str""}, {""name"": ""metroid3"", ""type"": ""str""}, {""name"": ""metrointerfaces3"", ""type"": ""str""}, {""name"": ""metroconfenable3"", ""type"": ""str""}, {""name"": ""metroconfmaster3"", ""type"": ""str""}, {""name"": ""metroconfdiag3"", ""type"": ""str""}, {""name"": ""metroname3"", ""type"": ""str""}, {""name"": ""metroid4"", ""type"": ""str""}, {""name"": ""metrointerfaces4"", ""type"": ""str""}, {""name"": ""metroconfenable4"", ""type"": ""str""}, {""name"": ""metroconfmaster4"", ""type"": ""str""}, {""name"": ""metroconfdiag4"", ""type"": ""str""}, {""name"": ""metroname4"", ""type"": ""str""}]",TextFSM template: brocade_netiron_show_running-config_vlan.textfsm,2026-02-27T16:43:55.232384
textfsm,show span,brocade_netiron,"[{""name"": ""mastervlan"", ""type"": ""str""}, {""name"": ""instance"", ""type"": ""str""}, {""name"": ""bridgeid"", ""type"": ""str""}, {""name"": ""bridgemaxage"", ""type"": ""str""}, {""name"": ""bridgehello"", ""type"": ""str""}, {""name"": ""bridgefwddly"", ""type"": ""str""}, {""name"": ""holdtime"", ""type"": ""str""}, {""name"": ""lasttopochange"", ""type"": ""str""}, {""name"": ""topochangecount"", ""type"": ""str""}, {""name"": ""rootbridgeid"", ""type"": ""str""}, {""name"": ""rootpathcost"", ""type"": ""str""}, {""name"": ""designatedbridgeid"", ""type"": ""str""}, {""name"": ""rootport"", ""type"": ""str""}, {""name"": ""rbmaxage"", ""type"": ""str""}, {""name"": ""rbhello"", ""type"": ""str""}, {""name"": ""rbfwddly"", ""type"": ""str""}]",TextFSM template: brocade_netiron_show_span.textfsm,2026-02-27T16:43:55.232384
textfsm,show topo,brocade_netiron,"[{""name"": ""topogroup"", ""type"": ""str""}, {""name"": ""topohwindex"", ""type"": ""str""}, {""name"": ""mastervlan"", ""type"": ""str""}, {""name"": ""l2proto"", ""type"": ""str""}, {""name"": ""vplsvlanpresent"", ""type"": ""str""}, {""name"": ""membervlans"", ""type"": ""str""}, {""name"": ""membergroup"", ""type"": ""str""}, {""name"": ""controlports"", ""type"": ""str""}]",TextFSM template: brocade_netiron_show_topo.textfsm,2026-02-27T16:43:55.232384
textfsm,fw stat,checkpoint_gaia,"[{""name"": ""policy"", ""type"": ""str""}, {""name"": ""policy_install_date"", ""type"": ""str""}]",TextFSM template: checkpoint_gaia_fw_stat.textfsm,2026-02-27T16:43:55.232384
textfsm,show arp dynamic all,checkpoint_gaia,"[{""name"": ""ip_address"", ""type"": ""str""}, {""name"": ""mac_address"", ""type"": ""str""}]",TextFSM template: checkpoint_gaia_show_arp_dynamic_all.textfsm,2026-02-27T16:43:55.232384
textfsm,show asset all,checkpoint_gaia,"[{""name"": ""platform"", ""type"": ""str""}, {""name"": ""model"", ""type"": ""str""}, {""name"": ""serial"", ""type"": ""str""}, {""name"": ""slot"", ""type"": ""str""}, {""name"": ""descr"", ""type"": ""str""}, {""name"": ""lom_status"", ""type"": ""str""}, {""name"": ""lom_rev"", ""type"": ""str""}]",TextFSM template: checkpoint_gaia_show_asset_all.textfsm,2026-02-27T16:43:55.232384
textfsm,show dns,checkpoint_gaia,"[{""name"": ""domain"", ""type"": ""str""}, {""name"": ""dns_servers"", ""type"": ""str""}]",TextFSM template: checkpoint_gaia_show_dns.textfsm,2026-02-27T16:43:55.232384
textfsm,show domainname,checkpoint_gaia,"[{""name"": ""domainname"", ""type"": ""str""}]",TextFSM template: checkpoint_gaia_show_domainname.textfsm,2026-02-27T16:43:55.232384
textfsm,show interfaces all,checkpoint_gaia,"[{""name"": ""interface"", ""type"": ""str""}, {""name"": ""state"", ""type"": ""str""}, {""name"": ""mac_address"", ""type"": ""str""}, {""name"": ""type"", ""type"": ""str""}, {""name"": ""link_state"", ""type"": ""str""}, {""name"": ""mtu"", ""type"": ""str""}, {""name"": ""instance"", ""type"": ""str""}, {""name"": ""autoneg"", ""type"": ""str""}, {""name"": ""speed"", ""type"": ""str""}, {""name"": ""comment"", ""type"": ""str""}, {""name"": ""ipv4_address"", ""type"": ""str""}, {""name"": ""ipv6_address"", ""type"": ""str""}, {""name"": ""ipv6_ll_address"", ""type"": ""str""}, {""name"": ""ipv6_ll_mask"", ""type"": ""str""}]",TextFSM template: checkpoint_gaia_show_interfaces_all.textfsm,2026-02-27T16:43:55.232384
textfsm,show ipv6 route,checkpoint_gaia,"[{""name"": ""protocol"", ""type"": ""str""}, {""name"": ""network"", ""type"": ""str""}, {""name"": ""prefix_length"", ""type"": ""str""}, {""name"": ""nexthopip"", ""type"": ""str""}, {""name"": ""interface"", ""type"": ""str""}, {""name"": ""comment"", ""type"": ""str""}]",TextFSM template: checkpoint_gaia_show_ipv6_route.textfsm,2026-02-27T16:43:55.232384
textfsm,show lom,checkpoint_gaia,"[{""name"": ""version"", ""type"": ""str""}, {""name"": ""lomip"", ""type"": ""str""}]",TextFSM template: checkpoint_gaia_show_lom.textfsm,2026-02-27T16:43:55.232384
textfsm,show ntp servers,checkpoint_gaia,"[{""name"": ""ip_address"", ""type"": ""str""}, {""name"": ""type"", ""type"": ""str""}, {""name"": ""version"", ""type"": ""str""}]",TextFSM template: checkpoint_gaia_show_ntp_servers.textfsm,2026-02-27T16:43:55.232384
textfsm,show route,checkpoint_gaia,"[{""name"": ""protocol"", ""type"": ""str""}, {""name"": ""network"", ""type"": ""str""}, {""name"": ""mask"", ""type"": ""str""}, {""name"": ""nexthopip"", ""type"": ""str""}, {""name"": ""interface"", ""type"": ""str""}, {""name"": ""comment"", ""type"": ""str""}]",TextFSM template: checkpoint_gaia_show_route.textfsm,2026-02-27T16:43:55.232384
textfsm,show version all,checkpoint_gaia,"[{""name"": ""version"", ""type"": ""str""}, {""name"": ""build"", ""type"": ""str""}, {""name"": ""kernel"", ""type"": ""str""}, {""name"": ""architecture"", ""type"": ""str""}]",TextFSM template: checkpoint_gaia_show_version_all.textfsm,2026-02-27T16:43:55.232384
textfsm,show virtual-system all,checkpoint_gaia,"[{""name"": ""instance_id"", ""type"": ""str""}, {""name"": ""instance_name"", ""type"": ""str""}]",TextFSM template: checkpoint_gaia_show_virtual-system_all.textfsm,2026-02-27T16:43:55.232384
textfsm,chassis show temperature,ciena_saos,"[{""name"": ""current"", ""type"": ""str""}, {""name"": ""low"", ""type"": ""str""}, {""name"": ""high"", ""type"": ""str""}]",TextFSM template: ciena_saos_chassis_show_temperature.textfsm,2026-02-27T16:43:55.232384
textfsm,lldp show neighbors,ciena_saos,"[{""name"": ""list"", ""type"": ""str""}, {""name"": ""list"", ""type"": ""str""}, {""name"": ""system_name"", ""type"": ""str""}, {""name"": ""system_description"", ""type"": ""str""}, {""name"": ""local_port"", ""type"": ""str""}, {""name"": ""remote_port"", ""type"": ""str""}, {""name"": ""remote_chassis_id"", ""type"": ""str""}, {""name"": ""remote_mgmt_ipv4_address"", ""type"": ""str""}, {""name"": ""remote_mgmt_ipv6_address"", ""type"": ""str""}, {""name"": ""remote_system_name"", ""type"": ""str""}, {""name"": ""remote_system_description"", ""type"": ""str""}, {""name"": ""remote_synce_support"", ""type"": ""str""}, {""name"": ""remote_synce_config"", ""type"": ""str""}]",TextFSM template: ciena_saos_lldp_show_neighbors.textfsm,2026-02-27T16:43:55.232384
textfsm,port show,ciena_saos,"[{""name"": ""name"", ""type"": ""str""}, {""name"": ""type"", ""type"": ""str""}, {""name"": ""link"", ""type"": ""str""}, {""name"": ""duration"", ""type"": ""str""}, {""name"": ""xcvr"", ""type"": ""str""}, {""name"": ""stp"", ""type"": ""str""}, {""name"": ""mode"", ""type"": ""str""}, {""name"": ""autoneg"", ""type"": ""str""}, {""name"": ""admin_link"", ""type"": ""str""}, {""name"": ""admin_mode"", ""type"": ""str""}, {""name"": ""admin_autoneg"", ""type"": ""str""}]",TextFSM template: ciena_saos_port_show.textfsm,2026-02-27T16:43:55.232384
textfsm,port show ethernet-config,ciena_saos,"[{""name"": ""name"", ""type"": ""str""}, {""name"": ""type"", ""type"": ""str""}, {""name"": ""admin_status"", ""type"": ""str""}, {""name"": ""speed"", ""type"": ""str""}, {""name"": ""duplex"", ""type"": ""str""}, {""name"": ""flow_control"", ""type"": ""str""}, {""name"": ""flow_control_adv"", ""type"": ""str""}, {""name"": ""auto_negotiation"", ""type"": ""str""}, {""name"": ""mtu"", ""type"": ""str""}, {""name"": ""mirror_state"", ""type"": ""str""}, {""name"": ""mirror_eg"", ""type"": ""str""}, {""name"": ""mirror_ig"", ""type"": ""str""}]",TextFSM template: ciena_saos_port_show_ethernet-config.textfsm,2026-02-27T16:43:55.232384
textfsm,port show network-config,ciena_saos,"[{""name"": ""name"", ""type"": ""str""}, {""name"": ""private_vlan_id"", ""type"": ""str""}, {""name"": ""accept_frame_type"", ""type"": ""str""}, {""name"": ""untag_ingress_vlan_id"", ""type"": ""str""}, {""name"": ""vlan_ingress_filter"", ""type"": ""str""}, {""name"": ""vs_ingress_filter"", ""type"": ""str""}, {""name"": ""egress_untag_vlan"", ""type"": ""str""}, {""name"": ""vs_egress_filter"", ""type"": ""str""}, {""name"": ""ingress_cos_policy"", ""type"": ""str""}, {""name"": ""vpls_port_type"", ""type"": ""str""}, {""name"": ""eth_vc_ethertype"", ""type"": ""str""}]",TextFSM template: ciena_saos_port_show_network-config.textfsm,2026-02-27T16:43:55.232384
textfsm,port show status,ciena_saos,"[{""name"": ""name"", ""type"": ""str""}, {""name"": ""description"", ""type"": ""str""}, {""name"": ""link"", ""type"": ""str""}, {""name"": ""duration"", ""type"": ""str""}, {""name"": ""transceiver"", ""type"": ""str""}, {""name"": ""stp"", ""type"": ""str""}, {""name"": ""speed_duplex"", ""type"": ""str""}, {""name"": ""mtu"", ""type"": ""str""}, {""name"": ""flow_control"", ""type"": ""str""}]",TextFSM template: ciena_saos_port_show_status.textfsm,2026-02-27T16:43:55.232384
textfsm,port xcvr show,ciena_saos,"[{""name"": ""port"", ""type"": ""str""}, {""name"": ""admin_state"", ""type"": ""str""}, {""name"": ""operational_state"", ""type"": ""str""}, {""name"": ""vendor"", ""type"": ""str""}, {""name"": ""ciena_rev"", ""type"": ""str""}, {""name"": ""connector_type"", ""type"": ""str""}, {""name"": ""diagnostic"", ""type"": ""str""}]",TextFSM template: ciena_saos_port_xcvr_show.textfsm,2026-02-27T16:43:55.232384
textfsm,rstp show,ciena_saos,"[{""name"": ""name"", ""type"": ""str""}, {""name"": ""port_op"", ""type"": ""str""}, {""name"": ""port_stp"", ""type"": ""str""}, {""name"": ""port_role"", ""type"": ""str""}, {""name"": ""rstp_st"", ""type"": ""str""}, {""name"": ""stp_st"", ""type"": ""str""}, {""name"": ""pr"", ""type"": ""str""}, {""name"": ""path_cost_oper"", ""type"": ""str""}, {""name"": ""path_cost_d"", ""type"": ""str""}, {""name"": ""edgep_ad"", ""type"": ""str""}, {""name"": ""edgep_op"", ""type"": ""str""}, {""name"": ""p2p_mac_adm"", ""type"": ""str""}, {""name"": ""p2p_mac_op"", ""type"": ""str""}, {""name"": ""domain_adm"", ""type"": ""str""}, {""name"": ""domain_ef"", ""type"": ""str""}, {""name"": ""port_uptime"", ""type"": ""str""}]",TextFSM template: ciena_saos_rstp_show.textfsm,2026-02-27T16:43:55.232384
textfsm,software show,ciena_saos,"[{""name"": ""version_installed"", ""type"": ""str""}, {""name"": ""version_running"", ""type"": ""str""}, {""name"": ""kernel"", ""type"": ""str""}]",TextFSM template: ciena_saos_software_show.textfsm,2026-02-27T16:43:55.232384
textfsm,ssh server show key,ciena_saos,"[{""name"": ""username"", ""type"": ""str""}, {""name"": ""key_status"", ""type"": ""str""}]",TextFSM template: ciena_saos_ssh_server_show_key.textfsm,2026-02-27T16:43:55.232384
textfsm,traffic-profiling standard-profile show,ciena_saos,"[{""name"": ""port"", ""type"": ""str""}, {""name"": ""id"", ""type"": ""str""}, {""name"": ""profile_name"", ""type"": ""str""}, {""name"": ""role"", ""type"": ""str""}, {""name"": ""parent_child"", ""type"": ""str""}, {""name"": ""cir"", ""type"": ""str""}, {""name"": ""eir"", ""type"": ""str""}, {""name"": ""cbs"", ""type"": ""str""}, {""name"": ""ebs"", ""type"": ""str""}, {""name"": ""classifier_a"", ""type"": ""str""}, {""name"": ""classifier_b"", ""type"": ""str""}]",TextFSM template: ciena_saos_traffic-profiling_standard-profile_show.textfsm,2026-02-27T16:43:55.232384
textfsm,vlan show,ciena_saos,"[{""name"": ""vlan_id"", ""type"": ""str""}, {""name"": ""vlan_name"", ""type"": ""str""}]",TextFSM template: ciena_saos_vlan_show.textfsm,2026-02-27T16:43:55.232384
textfsm,fabric show vlan extended,cisco_apic,"[{""name"": ""vlan_id"", ""type"": ""str""}, {""name"": ""vlan_name"", ""type"": ""str""}, {""name"": ""vlan_encap"", ""type"": ""str""}, {""name"": ""vlan_ports"", ""type"": ""str""}, {""name"": ""node_number"", ""type"": ""str""}, {""name"": ""node_name"", ""type"": ""str""}]",TextFSM template: cisco_apic_fabric_show_vlan_extended.textfsm,2026-02-27T16:43:55.232384
textfsm,dir,cisco_asa,"[{""name"": ""file_system"", ""type"": ""str""}, {""name"": ""id"", ""type"": ""str""}, {""name"": ""permissions"", ""type"": ""str""}, {""name"": ""size"", ""type"": ""str""}, {""name"": ""total_size"", ""type"": ""str""}, {""name"": ""total_free"", ""type"": ""str""}, {""name"": ""total_percent_free"", ""type"": ""str""}, {""name"": ""date_time"", ""type"": ""str""}, {""name"": ""name"", ""type"": ""str""}]",TextFSM template: cisco_asa_dir.textfsm,2026-02-27T16:43:55.232384
textfsm,ping,cisco_asa,"[{""name"": ""sent_qty"", ""type"": ""str""}, {""name"": ""sent_type"", ""type"": ""str""}, {""name"": ""destination"", ""type"": ""str""}, {""name"": ""timeout"", ""type"": ""str""}, {""name"": ""response_stream"", ""type"": ""str""}, {""name"": ""success_pct"", ""type"": ""str""}, {""name"": ""success_qty"", ""type"": ""str""}, {""name"": ""rtt_min"", ""type"": ""str""}, {""name"": ""rtt_avg"", ""type"": ""str""}, {""name"": ""rtt_max"", ""type"": ""str""}]",TextFSM template: cisco_asa_ping.textfsm,2026-02-27T16:43:55.232384
textfsm,show access-list,cisco_asa,"[{""name"": ""acl_name"", ""type"": ""str""}, {""name"": ""acl_tot_elem"", ""type"": ""str""}, {""name"": ""acl_name_hash"", ""type"": ""str""}, {""name"": ""type"", ""type"": ""str""}, {""name"": ""line_num"", ""type"": ""str""}, {""name"": ""remark"", ""type"": ""str""}, {""name"": ""action"", ""type"": ""str""}, {""name"": ""protocol"", ""type"": ""str""}, {""name"": ""svc_object_grp"", ""type"": ""str""}, {""name"": ""svc_object"", ""type"": ""str""}, {""name"": ""src_intfc"", ""type"": ""str""}, {""name"": ""src_object_grp"", ""type"": ""str""}, {""name"": ""src_object"", ""type"": ""str""}, {""name"": ""src_host"", ""type"": ""str""}, {""name"": ""src_v6host"", ""type"": ""str""}, {""name"": ""src_network"", ""type"": ""str""}, {""name"": ""src_v6network"", ""type"": ""str""}, {""name"": ""src_mask"", ""type"": ""str""}, {""name"": ""src_v6mask"", ""type"": ""str""}, {""name"": ""src_any"", ""type"": ""str""}, {""name"": ""dst_intfc"", ""type"": ""str""}, {""name"": ""dst_object_grp"", ""type"": ""str""}, {""name"": ""dst_object"", ""type"": ""str""}, {""name"": ""dst_host"", ""type"": ""str""}, {""name"": ""dst_v6host"", ""type"": ""str""}, {""name"": ""dst_network"", ""type"": ""str""}, {""name"": ""dst_v6network"", ""type"": ""str""}, {""name"": ""dst_mask"", ""type"": ""str""}, {""name"": ""dst_v6mask"", ""type"": ""str""}, {""name"": ""dst_any"", ""type"": ""str""}, {""name"": ""dst_port"", ""type"": ""str""}, {""name"": ""dst_port_less_than"", ""type"": ""str""}, {""name"": ""dst_port_greater_than"", ""type"": ""str""}, {""name"": ""dst_port_range_start"", ""type"": ""str""}, {""name"": ""dst_port_range_end"", ""type"": ""str""}, {""name"": ""dst_port_grp"", ""type"": ""str""}, {""name"": ""dst_port_object"", ""type"": ""str""}, {""name"": ""log_level"", ""type"": ""str""}, {""name"": ""log_interval"", ""type"": ""str""}, {""name"": ""time_range"", ""type"": ""str""}, {""name"": ""state"", ""type"": ""str""}, {""name"": ""hit_count"", ""type"": ""str""}, {""name"": ""line_hash"", ""type"": ""str""}, {""name"": ""entry_protocol_icmp"", ""type"": ""str""}, {""name"": ""entry_protocol"", ""type"": ""str""}, {""name"": ""entry_src_fqdn"", ""type"": ""str""}, {""name"": ""entry_src_range_start"", ""type"": ""str""}, {""name"": ""entry_src_range_end"", ""type"": ""str""}, {""name"": ""entry_src_host"", ""type"": ""str""}, {""name"": ""entry_src_v6host"", ""type"": ""str""}, {""name"": ""entry_src_network"", ""type"": ""str""}, {""name"": ""entry_src_v6network"", ""type"": ""str""}, {""name"": ""entry_src_mask"", ""type"": ""str""}, {""name"": ""entry_src_v6mask"", ""type"": ""str""}, {""name"": ""entry_src_any"", ""type"": ""str""}, {""name"": ""entry_src_host_fqdn"", ""type"": ""str""}, {""name"": ""entry_src_fqdn_state"", ""type"": ""str""}, {""name"": ""entry_src_port"", ""type"": ""str""}, {""name"": ""entry_src_port_less_than"", ""type"": ""str""}, {""name"": ""entry_src_port_greater_than"", ""type"": ""str""}, {""name"": ""entry_src_port_range_start"", ""type"": ""str""}, {""name"": ""entry_src_port_range_end"", ""type"": ""str""}, {""name"": ""entry_dst_fqdn"", ""type"": ""str""}, {""name"": ""entry_dst_range_start"", ""type"": ""str""}, {""name"": ""entry_dst_range_end"", ""type"": ""str""}, {""name"": ""entry_dst_host"", ""type"": ""str""}, {""name"": ""entry_dst_v6host"", ""type"": ""str""}, {""name"": ""entry_dst_network"", ""type"": ""str""}, {""name"": ""entry_dst_v6network"", ""type"": ""str""}, {""name"": ""entry_dst_mask"", ""type"": ""str""}, {""name"": ""entry_dst_v6mask"", ""type"": ""str""}, {""name"": ""entry_dst_any"", ""type"": ""str""}, {""name"": ""entry_dst_host_fqdn"", ""type"": ""str""}, {""name"": ""entry_dst_fqdn_state"", ""type"": ""str""}, {""name"": ""entry_icmp_type"", ""type"": ""str""}, {""name"": ""entry_icmp_code"", ""type"": ""str""}, {""name"": ""entry_port"", ""type"": ""str""}, {""name"": ""entry_port_less_than"", ""type"": ""str""}, {""name"": ""entry_port_greater_than"", ""type"": ""str""}, {""name"": ""entry_port_range_start"", ""type"": ""str""}, {""name"": ""entry_port_range_end"", ""type"": ""str""}, {""name"": ""entry_hit_count"", ""type"": ""str""}, {""name"": ""entry_state"", ""type"": ""str""}, {""name"": ""entry_hash"", ""type"": ""str""}]",TextFSM template: cisco_asa_show_access-list.textfsm,2026-02-27T16:43:55.232384
textfsm,show access-list brief,cisco_asa,"[{""name"": ""acl_name"", ""type"": ""str""}, {""name"": ""acl_total_elements"", ""type"": ""str""}, {""name"": ""acl_name_hash"", ""type"": ""str""}, {""name"": ""line_hash"", ""type"": ""str""}, {""name"": ""group_hash"", ""type"": ""str""}, {""name"": ""counter"", ""type"": ""str""}, {""name"": ""last_hit"", ""type"": ""str""}]",TextFSM template: cisco_asa_show_access-list_brief.textfsm,2026-02-27T16:43:55.232384
textfsm,show arp,cisco_asa,"[{""name"": ""interface"", ""type"": ""str""}, {""name"": ""ip_address"", ""type"": ""str""}, {""name"": ""age"", ""type"": ""str""}, {""name"": ""mac_address"", ""type"": ""str""}]",TextFSM template: cisco_asa_show_arp.textfsm,2026-02-27T16:43:55.232384
textfsm,show asp drop,cisco_asa,"[{""name"": ""flow_drop_acl_drop"", ""type"": ""str""}, {""name"": ""flow_drop_shunned"", ""type"": ""str""}, {""name"": ""flow_drop_cluster_redirect"", ""type"": ""str""}, {""name"": ""flow_drop_inspect_fail"", ""type"": ""str""}, {""name"": ""flow_drop_ipsec_selector_failure"", ""type"": ""str""}, {""name"": ""flow_drop_nat_rpf_failed"", ""type"": ""str""}, {""name"": ""flow_drop_out_of_memory"", ""type"": ""str""}, {""name"": ""flow_drop_ssl_bad_record_detect"", ""type"": ""str""}, {""name"": ""flow_drop_ssl_handshake_failed"", ""type"": ""str""}, {""name"": ""flow_drop_vpn_overlap_conflict"", ""type"": ""str""}, {""name"": ""flow_drop_vpn_missing_decrypt"", ""type"": ""str""}, {""name"": ""flow_drop_svc_replacement_conn"", ""type"": ""str""}, {""name"": ""flow_drop_svc_selector_failure"", ""type"": ""str""}, {""name"": ""flow_drop_svc_failover"", ""type"": ""str""}, {""name"": ""flow_drop_ssl_record_decrypt_error"", ""type"": ""str""}, {""name"": ""flow_drop_ctm_crypto_request_error"", ""type"": ""str""}, {""name"": ""flow_drop_vpn_handle_not_found"", ""type"": ""str""}, {""name"": ""flow_drop_np_socket_data_move_failure"", ""type"": ""str""}, {""name"": ""flow_drop_dtls_hello_close"", ""type"": ""str""}, {""name"": ""flow_last_cleared"", ""type"": ""str""}, {""name"": ""acl_drop"", ""type"": ""str""}, {""name"": ""async_lock_queue_limit"", ""type"": ""str""}, {""name"": ""bad_ipsec_natt"", ""type"": ""str""}, {""name"": ""bad_tcp_cksum"", ""type"": ""str""}, {""name"": ""bad_tcp_flags"", ""type"": ""str""}, {""name"": ""cluster_bad_trailer"", ""type"": ""str""}, {""name"": ""cluster_ccl_backup"", ""type"": ""str""}, {""name"": ""cluster_ccl_unknown"", ""type"": ""str""}, {""name"": ""cluster_ccl_unknown_stub"", ""type"": ""str""}, {""name"": ""cluster_non_ip_pkt"", ""type"": ""str""}, {""name"": ""conn_limit"", ""type"": ""str""}, {""name"": ""connection_lock"", ""type"": ""str""}, {""name"": ""cp_event_queue_error"", ""type"": ""str""}, {""name"": ""cp_syslog_event_queue_error"", ""type"": ""str""}, {""name"": ""ctm_error"", ""type"": ""str""}, {""name"": ""dispatch_queue_limit"", ""type"": ""str""}, {""name"": ""dispatch_block_alloc"", ""type"": ""str""}, {""name"": ""flow_being_freed"", ""type"": ""str""}, {""name"": ""flow_expired"", ""type"": ""str""}, {""name"": ""fo_standby"", ""type"": ""str""}, {""name"": ""fragment_reassembly_failed"", ""type"": ""str""}, {""name"": ""host_limit"", ""type"": ""str""}, {""name"": ""ifc_classify"", ""type"": ""str""}, {""name"": ""inspect_dns_id_not_matched"", ""type"": ""str""}, {""name"": ""inspect_dns_invalid_domain_label"", ""type"": ""str""}, {""name"": ""inspect_dns_invalid_pak"", ""type"": ""str""}, {""name"": ""inspect_dns_pak_too_long"", ""type"": ""str""}, {""name"": ""inspect_dp_out_of_memory"", ""type"": ""str""}, {""name"": ""inspect_icmp_bad_code"", ""type"": ""str""}, {""name"": ""inspect_icmp_error_no_existing_conn"", ""type"": ""str""}, {""name"": ""inspect_icmp_invalid_pak"", ""type"": ""str""}, {""name"": ""inspect_icmp_seq_num_not_matched"", ""type"": ""str""}, {""name"": ""intercept_unexpected"", ""type"": ""str""}, {""name"": ""interface_down"", ""type"": ""str""}, {""name"": ""invalid_encap"", ""type"": ""str""}, {""name"": ""invalid_ip_header"", ""type"": ""str""}, {""name"": ""invalid_ip_length"", ""type"": ""str""}, {""name"": ""invalid_ip_option"", ""type"": ""str""}, {""name"": ""invalid_tcp_hdr_length"", ""type"": ""str""}, {""name"": ""invalid_udp_length"", ""type"": ""str""}, {""name"": ""ipsec_tun_down"", ""type"": ""str""}, {""name"": ""l2_acl"", ""type"": ""str""}, {""name"": ""last_cleared"", ""type"": ""str""}, {""name"": ""lu_invalid_pkt"", ""type"": ""str""}, {""name"": ""mcast_in_nonactive_device"", ""type"": ""str""}, {""name"": ""mp_svc_bad_length"", ""type"": ""str""}, {""name"": ""mp_svc_flow_control"", ""type"": ""str""}, {""name"": ""mp_svc_no_channel"", ""type"": ""str""}, {""name"": ""mp_svc_no_fragment"", ""type"": ""str""}, {""name"": ""mp_svc_no_session"", ""type"": ""str""}, {""name"": ""nat_failed"", ""type"": ""str""}, {""name"": ""nat_no_xlate_to_pat_pool"", ""type"": ""str""}, {""name"": ""nat_xlate_failed"", ""type"": ""str""}, {""name"": ""natt_keepalive"", ""type"": ""str""}, {""name"": ""no_adjacency"", ""type"": ""str""}, {""name"": ""no_inspect"", ""type"": ""str""}, {""name"": ""no_route"", ""type"": ""str""}, {""name"": ""np_socket_closed"", ""type"": ""str""}, {""name"": ""np_socket_lock_failure"", ""type"": ""str""}, {""name"": ""np_sp_invalid_spi"", ""type"": ""str""}, {""name"": ""object_group_search_threshold_exceeded"", ""type"": ""str""}, {""name"": ""punt_queue_limit"", ""type"": ""str""}, {""name"": ""punt_limit"", ""type"": ""str""}, {""name"": ""punt_no_mem"", ""type"": ""str""}, {""name"": ""punt_rate_limit"", ""type"": ""str""}, {""name"": ""rm_conn_rate_limit"", ""type"": ""str""}, {""name"": ""rm_inspect_rate_limit"", ""type"": ""str""}, {""name"": ""rpf_violated"", ""type"": ""str""}, {""name"": ""rule_transaction_in_progress"", ""type"": ""str""}, {""name"": ""security_failed"", ""type"": ""str""}, {""name"": ""shunned"", ""type"": ""str""}, {""name"": ""sp_security_failed"", ""type"": ""str""}, {""name"": ""ssl_first_record_invalid"", ""type"": ""str""}, {""name"": ""tcp_3whs_failed"", ""type"": ""str""}, {""name"": ""tcp_ack_syn_diff"", ""type"": ""str""}, {""name"": ""tcp_bad_option_list"", ""type"": ""str""}, {""name"": ""tcp_buffer_full"", ""type"": ""str""}, {""name"": ""tcp_buffer_timeout"", ""type"": ""str""}, {""name"": ""tcp_conn_limit"", ""type"": ""str""}, {""name"": ""tcp_data_past_fin"", ""type"": ""str""}, {""name"": ""tcp_dual_open"", ""type"": ""str""}, {""name"": ""tcp_dup_in_queue"", ""type"": ""str""}, {""name"": ""tcp_fo_drop"", ""type"": ""str""}, {""name"": ""tcp_global_buffer_full"", ""type"": ""str""}, {""name"": ""tcp_invalid_ack"", ""type"": ""str""}, {""name"": ""tcp_not_syn"", ""type"": ""str""}, {""name"": ""tcp_paws_fail"", ""type"": ""str""}, {""name"": ""tcp_rst_syn_in_win"", ""type"": ""str""}, {""name"": ""tcp_rstfin_ooo"", ""type"": ""str""}, {""name"": ""tcp_seq_past_win"", ""type"": ""str""}, {""name"": ""tcp_seq_syn_diff"", ""type"": ""str""}, {""name"": ""tcp_synack_ooo"", ""type"": ""str""}, {""name"": ""ttl_exceeded"", ""type"": ""str""}, {""name"": ""unable_to_add_flow"", ""type"": ""str""}, {""name"": ""unable_to_create_flow"", ""type"": ""str""}, {""name"": ""unsupported_ip_version"", ""type"": ""str""}]",TextFSM template: cisco_asa_show_asp_drop.textfsm,2026-02-27T16:43:55.232384
textfsm,show asp table vpn-context detail,cisco_asa,"[{""name"": ""vpn_ctx"", ""type"": ""str""}, {""name"": ""peer_ip"", ""type"": ""str""}, {""name"": ""pointer"", ""type"": ""str""}, {""name"": ""state"", ""type"": ""str""}, {""name"": ""flags"", ""type"": ""str""}, {""name"": ""sa"", ""type"": ""str""}, {""name"": ""spi"", ""type"": ""str""}, {""name"": ""group"", ""type"": ""str""}, {""name"": ""pkts"", ""type"": ""str""}, {""name"": ""bad_pkts"", ""type"": ""str""}, {""name"": ""bad_spi"", ""type"": ""str""}, {""name"": ""spoof"", ""type"": ""str""}, {""name"": ""bad_crypto"", ""type"": ""str""}, {""name"": ""rekey_pkt"", ""type"": ""str""}, {""name"": ""rekey_call"", ""type"": ""str""}, {""name"": ""vpn_filter"", ""type"": ""str""}]",TextFSM template: cisco_asa_show_asp_table_vpn-context_detail.textfsm,2026-02-27T16:43:55.232384
textfsm,show bgp summary,cisco_asa,"[{""name"": ""filldown"", ""type"": ""str""}, {""name"": ""local_as"", ""type"": ""str""}, {""name"": ""bgp_neigh"", ""type"": ""str""}, {""name"": ""neigh_as"", ""type"": ""str""}, {""name"": ""up_down"", ""type"": ""str""}, {""name"": ""state_pfxrcd"", ""type"": ""str""}]",TextFSM template: cisco_asa_show_bgp_summary.textfsm,2026-02-27T16:43:55.232384
textfsm,show cpu usage detailed,cisco_asa,"[{""name"": ""core"", ""type"": ""str""}, {""name"": ""cpu_5_sec"", ""type"": ""str""}, {""name"": ""cpu_5_sec_dp"", ""type"": ""str""}, {""name"": ""cpu_5_sec_cp"", ""type"": ""str""}, {""name"": ""cpu_1_min"", ""type"": ""str""}, {""name"": ""cpu_1_min_dp"", ""type"": ""str""}, {""name"": ""cpu_1_min_cp"", ""type"": ""str""}, {""name"": ""cpu_5_min"", ""type"": ""str""}, {""name"": ""cpu_5_min_dp"", ""type"": ""str""}, {""name"": ""cpu_5_min_cp"", ""type"": ""str""}]",TextFSM template: cisco_asa_show_cpu_usage_detailed.textfsm,2026-02-27T16:43:55.232384
textfsm,show crypto ikev1 sa detail,cisco_asa,"[{""name"": ""sequence"", ""type"": ""str""}, {""name"": ""peer"", ""type"": ""str""}, {""name"": ""type"", ""type"": ""str""}, {""name"": ""dir"", ""type"": ""str""}, {""name"": ""rekey"", ""type"": ""str""}, {""name"": ""state"", ""type"": ""str""}, {""name"": ""encryption"", ""type"": ""str""}, {""name"": ""hash"", ""type"": ""str""}, {""name"": ""authentication"", ""type"": ""str""}, {""name"": ""lifetime"", ""type"": ""str""}]",TextFSM template: cisco_asa_show_crypto_ikev1_sa_detail.textfsm,2026-02-27T16:43:55.232384
textfsm,show crypto ipsec sa,cisco_asa,"[{""name"": ""interface"", ""type"": ""str""}, {""name"": ""crypto_map_tag"", ""type"": ""str""}, {""name"": ""sequence_number"", ""type"": ""str""}, {""name"": ""local_address"", ""type"": ""str""}, {""name"": ""local_address_name"", ""type"": ""str""}, {""name"": ""local_identity_addr"", ""type"": ""str""}, {""name"": ""local_identity_mask"", ""type"": ""str""}, {""name"": ""local_identity_protocol"", ""type"": ""str""}, {""name"": ""local_identity_port"", ""type"": ""str""}, {""name"": ""remote_identity_addr"", ""type"": ""str""}, {""name"": ""remote_identity_mask"", ""type"": ""str""}, {""name"": ""remote_identity_protocol"", ""type"": ""str""}, {""name"": ""remote_identity_port"", ""type"": ""str""}, {""name"": ""current_peer"", ""type"": ""str""}, {""name"": ""dynamic_peer"", ""type"": ""str""}, {""name"": ""current_peer_name"", ""type"": ""str""}, {""name"": ""dynamic_peer_name"", ""type"": ""str""}, {""name"": ""packets_encapsulated"", ""type"": ""str""}, {""name"": ""packets_encrypted"", ""type"": ""str""}, {""name"": ""packets_digested"", ""type"": ""str""}, {""name"": ""packets_decapsulated"", ""type"": ""str""}, {""name"": ""packets_decrypted"", ""type"": ""str""}, {""name"": ""packets_verified"", ""type"": ""str""}, {""name"": ""packets_compressed"", ""type"": ""str""}, {""name"": ""packets_decompressed"", ""type"": ""str""}, {""name"": ""packets_not_compressed"", ""type"": ""str""}, {""name"": ""packets_compress_failed"", ""type"": ""str""}, {""name"": ""packets_decompress_failed"", ""type"": ""str""}, {""name"": ""pre_fragment_success"", ""type"": ""str""}, {""name"": ""pre_fragment_failures"", ""type"": ""str""}, {""name"": ""fragments_created"", ""type"": ""str""}, {""name"": ""pmtus_sent"", ""type"": ""str""}, {""name"": ""pmtus_received"", ""type"": ""str""}, {""name"": ""decap_frags_needing_reassembly"", ""type"": ""str""}, {""name"": ""send_errors"", ""type"": ""str""}, {""name"": ""receive_errors"", ""type"": ""str""}, {""name"": ""local_crypto_endpoint"", ""type"": ""str""}, {""name"": ""remote_crypto_endpoint"", ""type"": ""str""}, {""name"": ""local_crypto_endpoint_name"", ""type"": ""str""}, {""name"": ""remote_crypto_endpoint_name"", ""type"": ""str""}, {""name"": ""path_mtu"", ""type"": ""str""}, {""name"": ""ipsec_overhead"", ""type"": ""str""}, {""name"": ""media_mtu"", ""type"": ""str""}, {""name"": ""current_inbound_spi"", ""type"": ""str""}, {""name"": ""current_outbound_spi"", ""type"": ""str""}, {""name"": ""inbound_spi_hex"", ""type"": ""str""}, {""name"": ""inbound_spi_integer"", ""type"": ""str""}, {""name"": ""inbound_encryption"", ""type"": ""str""}, {""name"": ""inbound_authentication"", ""type"": ""str""}, {""name"": ""inbound_settings_in_use"", ""type"": ""str""}, {""name"": ""inbound_slot"", ""type"": ""str""}, {""name"": ""inbound_connection_id"", ""type"": ""str""}, {""name"": ""inbound_crypto_map"", ""type"": ""str""}, {""name"": ""inbound_remaining_lifetime"", ""type"": ""str""}, {""name"": ""inbound_remaining_lifetime_kilobytes"", ""type"": ""str""}, {""name"": ""inbound_iv_size"", ""type"": ""str""}, {""name"": ""inbound_replay_detection"", ""type"": ""str""}, {""name"": ""outbound_spi_hex"", ""type"": ""str""}, {""name"": ""outbound_spi_integer"", ""type"": ""str""}, {""name"": ""outbound_encryption"", ""type"": ""str""}, {""name"": ""outbound_authentication"", ""type"": ""str""}, {""name"": ""outbound_settings_in_use"", ""type"": ""str""}, {""name"": ""outbound_slot"", ""type"": ""str""}, {""name"": ""outbound_connection_id"", ""type"": ""str""}, {""name"": ""outbound_crypto_map"", ""type"": ""str""}, {""name"": ""outbound_remaining_lifetime"", ""type"": ""str""}, {""name"": ""outbound_remaining_lifetime_kilobytes"", ""type"": ""str""}, {""name"": ""outbound_iv_size"", ""type"": ""str""}, {""name"": ""outbound_replay_detection"", ""type"": ""str""}]",TextFSM template: cisco_asa_show_crypto_ipsec_sa.textfsm,2026-02-27T16:43:55.232384
textfsm,show failover,cisco_asa,"[{""name"": ""state"", ""type"": ""str""}, {""name"": ""role"", ""type"": ""str""}, {""name"": ""lan_intf_name"", ""type"": ""str""}, {""name"": ""lan_intf"", ""type"": ""str""}, {""name"": ""lan_intf_state"", ""type"": ""str""}, {""name"": ""sw_version"", ""type"": ""str""}, {""name"": ""sw_version_mate"", ""type"": ""str""}, {""name"": ""failover_group"", ""type"": ""str""}, {""name"": ""last_failover_time"", ""type"": ""str""}, {""name"": ""last_failover_timezone"", ""type"": ""str""}, {""name"": ""last_failover_month"", ""type"": ""str""}, {""name"": ""last_failover_day"", ""type"": ""str""}, {""name"": ""last_failover_year"", ""type"": ""str""}, {""name"": ""service_state"", ""type"": ""str""}, {""name"": ""service_state_mate"", ""type"": ""str""}, {""name"": ""ssp_slot"", ""type"": ""str""}, {""name"": ""ssp_model"", ""type"": ""str""}, {""name"": ""ssp_status"", ""type"": ""str""}, {""name"": ""ssp_slot_mate"", ""type"": ""str""}, {""name"": ""ssp_model_mate"", ""type"": ""str""}, {""name"": ""ssp_status_mate"", ""type"": ""str""}, {""name"": ""interfaces_context"", ""type"": ""str""}, {""name"": ""interfaces"", ""type"": ""str""}, {""name"": ""interfaces_status"", ""type"": ""str""}, {""name"": ""interfaces_state"", ""type"": ""str""}, {""name"": ""interfaces_context_mate"", ""type"": ""str""}, {""name"": ""interfaces_mate"", ""type"": ""str""}, {""name"": ""interfaces_status_mate"", ""type"": ""str""}, {""name"": ""interfaces_state_mate"", ""type"": ""str""}]",TextFSM template: cisco_asa_show_failover.textfsm,2026-02-27T16:43:55.232384
textfsm,show interface,cisco_asa,"[{""name"": ""interface"", ""type"": ""str""}, {""name"": ""interface_zone"", ""type"": ""str""}, {""name"": ""link_status"", ""type"": ""str""}, {""name"": ""protocol_status"", ""type"": ""str""}, {""name"": ""hardware_type"", ""type"": ""str""}, {""name"": ""bandwidth"", ""type"": ""str""}, {""name"": ""delay"", ""type"": ""str""}, {""name"": ""duplex"", ""type"": ""str""}, {""name"": ""speed"", ""type"": ""str""}, {""name"": ""description"", ""type"": ""str""}, {""name"": ""bonded_port"", ""type"": ""str""}, {""name"": ""bonded_port_members"", ""type"": ""str""}, {""name"": ""mac_address"", ""type"": ""str""}, {""name"": ""mtu"", ""type"": ""str""}, {""name"": ""vlan_id"", ""type"": ""str""}, {""name"": ""ip_address"", ""type"": ""str""}, {""name"": ""netmask"", ""type"": ""str""}, {""name"": ""onemin_in_pps"", ""type"": ""str""}, {""name"": ""onemin_in_rate"", ""type"": ""str""}, {""name"": ""onemin_out_pps"", ""type"": ""str""}, {""name"": ""onemin_out_rate"", ""type"": ""str""}, {""name"": ""onemin_drop_rate"", ""type"": ""str""}, {""name"": ""fivemin_in_pps"", ""type"": ""str""}, {""name"": ""fivemin_in_rate"", ""type"": ""str""}, {""name"": ""fivemin_out_pps"", ""type"": ""str""}, {""name"": ""fivemin_out_rate"", ""type"": ""str""}, {""name"": ""fivemin_drop_rate"", ""type"": ""str""}, {""name"": ""tunnel_source_interface"", ""type"": ""str""}, {""name"": ""tunnel_source_ip"", ""type"": ""str""}, {""name"": ""tunnel_destination_ip"", ""type"": ""str""}, {""name"": ""tunnel_mode"", ""type"": ""str""}, {""name"": ""tunnel_ipsec_profile"", ""type"": ""str""}]",TextFSM template: cisco_asa_show_interface.textfsm,2026-02-27T16:43:55.232384
textfsm,show interface detail,cisco_asa,"[{""name"": ""interface"", ""type"": ""str""}, {""name"": ""interface_name"", ""type"": ""str""}, {""name"": ""link_status"", ""type"": ""str""}, {""name"": ""protocol_status"", ""type"": ""str""}, {""name"": ""hardware_type"", ""type"": ""str""}, {""name"": ""bandwidth"", ""type"": ""str""}, {""name"": ""delay"", ""type"": ""str""}, {""name"": ""duplex"", ""type"": ""str""}, {""name"": ""speed"", ""type"": ""str""}, {""name"": ""flowcontrol_in"", ""type"": ""str""}, {""name"": ""flowcontrol_out"", ""type"": ""str""}, {""name"": ""bonded_port"", ""type"": ""str""}, {""name"": ""description"", ""type"": ""str""}, {""name"": ""mac_address"", ""type"": ""str""}, {""name"": ""mtu"", ""type"": ""str""}, {""name"": ""ip_address"", ""type"": ""str""}, {""name"": ""netmask"", ""type"": ""str""}, {""name"": ""in_packets"", ""type"": ""str""}, {""name"": ""in_bytes"", ""type"": ""str""}, {""name"": ""no_buffer"", ""type"": ""str""}, {""name"": ""broadcasts"", ""type"": ""str""}, {""name"": ""runts"", ""type"": ""str""}, {""name"": ""giants"", ""type"": ""str""}, {""name"": ""in_errors"", ""type"": ""str""}, {""name"": ""crc"", ""type"": ""str""}, {""name"": ""frame"", ""type"": ""str""}, {""name"": ""overrun"", ""type"": ""str""}, {""name"": ""ignored"", ""type"": ""str""}, {""name"": ""abort"", ""type"": ""str""}, {""name"": ""in_pause_resume"", ""type"": ""str""}, {""name"": ""in_pause"", ""type"": ""str""}, {""name"": ""in_resume"", ""type"": ""str""}, {""name"": ""l2_decode_drops"", ""type"": ""str""}, {""name"": ""switch_ingress_policy_drops"", ""type"": ""str""}, {""name"": ""out_packets"", ""type"": ""str""}, {""name"": ""out_bytes"", ""type"": ""str""}, {""name"": ""underruns"", ""type"": ""str""}, {""name"": ""out_pause_resume"", ""type"": ""str""}, {""name"": ""out_pause"", ""type"": ""str""}, {""name"": ""out_resume"", ""type"": ""str""}, {""name"": ""out_errors"", ""type"": ""str""}, {""name"": ""collisions"", ""type"": ""str""}, {""name"": ""interface_resets"", ""type"": ""str""}, {""name"": ""late_collisions"", ""type"": ""str""}, {""name"": ""deferred"", ""type"": ""str""}, {""name"": ""out_decode_drops"", ""type"": ""str""}, {""name"": ""rate_limit_drops"", ""type"": ""str""}, {""name"": ""switch_egress_policy_drops"", ""type"": ""str""}, {""name"": ""in_reset_drops"", ""type"": ""str""}, {""name"": ""out_reset_drops"", ""type"": ""str""}, {""name"": ""vlan_id"", ""type"": ""str""}, {""name"": ""control_interface_number"", ""type"": ""str""}, {""name"": ""control_interface_config_status"", ""type"": ""str""}, {""name"": ""control_interface_state"", ""type"": ""str""}, {""name"": ""rxring_number"", ""type"": ""str""}, {""name"": ""rxring_packets"", ""type"": ""str""}, {""name"": ""rxring_bytes"", ""type"": ""str""}, {""name"": ""rxring_overrun"", ""type"": ""str""}, {""name"": ""rxring_blocks_free_curr"", ""type"": ""str""}, {""name"": ""rxring_blocks_free_low"", ""type"": ""str""}, {""name"": ""rxring_interface"", ""type"": ""str""}, {""name"": ""txring_number"", ""type"": ""str""}, {""name"": ""txring_packets"", ""type"": ""str""}, {""name"": ""txring_bytes"", ""type"": ""str""}, {""name"": ""txring_underrun"", ""type"": ""str""}, {""name"": ""txring_blocks_free_curr"", ""type"": ""str""}, {""name"": ""txring_blocks_free_low"", ""type"": ""str""}, {""name"": ""txring_interface"", ""type"": ""str""}]",TextFSM template: cisco_asa_show_interface_detail.textfsm,2026-02-27T16:43:55.232384
textfsm,show interface ip brief,cisco_asa,"[{""name"": ""interface"", ""type"": ""str""}, {""name"": ""ip_address"", ""type"": ""str""}, {""name"": ""status"", ""type"": ""str""}, {""name"": ""proto"", ""type"": ""str""}]",TextFSM template: cisco_asa_show_interface_ip_brief.textfsm,2026-02-27T16:43:55.232384
textfsm,show inventory,cisco_asa,"[{""name"": ""name"", ""type"": ""str""}, {""name"": ""descr"", ""type"": ""str""}, {""name"": ""pid"", ""type"": ""str""}, {""name"": ""vid"", ""type"": ""str""}, {""name"": ""sn"", ""type"": ""str""}]",TextFSM template: cisco_asa_show_inventory.textfsm,2026-02-27T16:43:55.232384
textfsm,show license all,cisco_asa,"[{""name"": ""smart_status"", ""type"": ""str""}, {""name"": ""registration_status"", ""type"": ""str""}, {""name"": ""smart_account"", ""type"": ""str""}, {""name"": ""virtual_account"", ""type"": ""str""}, {""name"": ""export_controlled"", ""type"": ""str""}, {""name"": ""registration_initial_status"", ""type"": ""str""}, {""name"": ""registration_initial_date"", ""type"": ""str""}, {""name"": ""registration_last_renewal"", ""type"": ""str""}, {""name"": ""registration_last_renewal_date"", ""type"": ""str""}, {""name"": ""registration_last_renewal_error"", ""type"": ""str""}, {""name"": ""registration_next_renewal_date"", ""type"": ""str""}, {""name"": ""registration_expiration_date"", ""type"": ""str""}, {""name"": ""auth_status"", ""type"": ""str""}, {""name"": ""auth_date"", ""type"": ""str""}, {""name"": ""eval_remaining"", ""type"": ""str""}, {""name"": ""auth_last_communication"", ""type"": ""str""}, {""name"": ""auth_last_communication_date"", ""type"": ""str""}, {""name"": ""auth_fail_error"", ""type"": ""str""}, {""name"": ""auth_next_communication_date"", ""type"": ""str""}, {""name"": ""auth_deadline"", ""type"": ""str""}, {""name"": ""license"", ""type"": ""str""}, {""name"": ""license_pid"", ""type"": ""str""}, {""name"": ""license_description"", ""type"": ""str""}, {""name"": ""license_count"", ""type"": ""str""}, {""name"": ""license_version"", ""type"": ""str""}, {""name"": ""license_status"", ""type"": ""str""}, {""name"": ""license_export_status"", ""type"": ""str""}, {""name"": ""pid"", ""type"": ""str""}, {""name"": ""sn"", ""type"": ""str""}, {""name"": ""smart_agent_version"", ""type"": ""str""}, {""name"": ""utility_status"", ""type"": ""str""}, {""name"": ""privacy_sending_hostname"", ""type"": ""str""}, {""name"": ""privacy_callhome_hostname_privacy"", ""type"": ""str""}, {""name"": ""privacy_smart_licensing_hostname_privacy"", ""type"": ""str""}, {""name"": ""privacy_version_privacy"", ""type"": ""str""}, {""name"": ""transport_type"", ""type"": ""str""}, {""name"": ""license_reservation"", ""type"": ""str""}]",TextFSM template: cisco_asa_show_license_all.textfsm,2026-02-27T16:43:55.232384
textfsm,show logging,cisco_asa,"[{""name"": ""month"", ""type"": ""str""}, {""name"": ""day"", ""type"": ""str""}, {""name"": ""year"", ""type"": ""str""}, {""name"": ""time"", ""type"": ""str""}, {""name"": ""hostname"", ""type"": ""str""}, {""name"": ""facility"", ""type"": ""str""}, {""name"": ""severity"", ""type"": ""str""}, {""name"": ""mnemonic"", ""type"": ""str""}, {""name"": ""message"", ""type"": ""str""}]",TextFSM template: cisco_asa_show_logging.textfsm,2026-02-27T16:43:55.232384
textfsm,show module,cisco_asa,"[{""name"": ""key"", ""type"": ""str""}, {""name"": ""cardtype"", ""type"": ""str""}, {""name"": ""model"", ""type"": ""str""}, {""name"": ""serial"", ""type"": ""str""}]",TextFSM template: cisco_asa_show_module.textfsm,2026-02-27T16:43:55.232384
textfsm,show module details,cisco_asa,"[{""name"": ""key"", ""type"": ""str""}, {""name"": ""mac_address"", ""type"": ""str""}, {""name"": ""mod_hw"", ""type"": ""str""}, {""name"": ""mod_fw"", ""type"": ""str""}, {""name"": ""mod_sw"", ""type"": ""str""}]",TextFSM template: cisco_asa_show_module_details.textfsm,2026-02-27T16:43:55.232384
textfsm,show module status,cisco_asa,"[{""name"": ""key"", ""type"": ""str""}, {""name"": ""status"", ""type"": ""str""}]",TextFSM template: cisco_asa_show_module_status.textfsm,2026-02-27T16:43:55.232384
textfsm,show name,cisco_asa,"[{""name"": ""ip_address"", ""type"": ""str""}, {""name"": ""name"", ""type"": ""str""}]",TextFSM template: cisco_asa_show_name.textfsm,2026-02-27T16:43:55.232384
textfsm,show nat,cisco_asa,"[{""name"": ""nat_section_number"", ""type"": ""str""}, {""name"": ""line_number"", ""type"": ""str""}, {""name"": ""source_interface"", ""type"": ""str""}, {""name"": ""destination_interface"", ""type"": ""str""}, {""name"": ""source_type"", ""type"": ""str""}, {""name"": ""source_real"", ""type"": ""str""}, {""name"": ""source_mapped"", ""type"": ""str""}, {""name"": ""destination_real"", ""type"": ""str""}, {""name"": ""destination_mapped"", ""type"": ""str""}, {""name"": ""service_protocol"", ""type"": ""str""}, {""name"": ""service_real"", ""type"": ""str""}, {""name"": ""service_mapped"", ""type"": ""str""}, {""name"": ""extended"", ""type"": ""str""}, {""name"": ""flat"", ""type"": ""str""}, {""name"": ""include_reserve"", ""type"": ""str""}, {""name"": ""round_robin"", ""type"": ""str""}, {""name"": ""net_to_net"", ""type"": ""str""}, {""name"": ""dns"", ""type"": ""str""}, {""name"": ""unidirectional"", ""type"": ""str""}, {""name"": ""no_proxy_arp"", ""type"": ""str""}, {""name"": ""route_lookup"", ""type"": ""str""}, {""name"": ""inactive"", ""type"": ""str""}, {""name"": ""description"", ""type"": ""str""}, {""name"": ""translate_hits"", ""type"": ""str""}, {""name"": ""untranslate_hits"", ""type"": ""str""}]",TextFSM template: cisco_asa_show_nat.textfsm,2026-02-27T16:43:55.232384
textfsm,show object-group network,cisco_asa,"[{""name"": ""name"", ""type"": ""str""}, {""name"": ""description"", ""type"": ""str""}, {""name"": ""type"", ""type"": ""str""}, {""name"": ""host"", ""type"": ""str""}, {""name"": ""net_object"", ""type"": ""str""}, {""name"": ""network"", ""type"": ""str""}, {""name"": ""netmask"", ""type"": ""str""}, {""name"": ""grp_object"", ""type"": ""str""}]",TextFSM template: cisco_asa_show_object-group_network.textfsm,2026-02-27T16:43:55.232384
textfsm,show ospf interface brief,cisco_asa,"[{""name"": ""interface"", ""type"": ""str""}, {""name"": ""process"", ""type"": ""str""}, {""name"": ""area"", ""type"": ""str""}, {""name"": ""ip_address"", ""type"": ""str""}, {""name"": ""netmask"", ""type"": ""str""}, {""name"": ""cost"", ""type"": ""str""}, {""name"": ""state"", ""type"": ""str""}, {""name"": ""neighbors_fc"", ""type"": ""str""}]",TextFSM template: cisco_asa_show_ospf_interface_brief.textfsm,2026-02-27T16:43:55.232384
textfsm,show ospf neighbor,cisco_asa,"[{""name"": ""neighbor_id"", ""type"": ""str""}, {""name"": ""priority"", ""type"": ""str""}, {""name"": ""state"", ""type"": ""str""}, {""name"": ""dead_time"", ""type"": ""str""}, {""name"": ""ip_address"", ""type"": ""str""}, {""name"": ""interface"", ""type"": ""str""}]",TextFSM template: cisco_asa_show_ospf_neighbor.textfsm,2026-02-27T16:43:55.232384
textfsm,show port-channel summary,cisco_asa,"[{""name"": ""group"", ""type"": ""str""}, {""name"": ""bundle_name"", ""type"": ""str""}, {""name"": ""bundle_status"", ""type"": ""str""}, {""name"": ""bundle_protocol"", ""type"": ""str""}, {""name"": ""member_interface"", ""type"": ""str""}, {""name"": ""member_interface_status"", ""type"": ""str""}]",TextFSM template: cisco_asa_show_port-channel_summary.textfsm,2026-02-27T16:43:55.232384
textfsm,show resource usage,cisco_asa,"[{""name"": ""resource"", ""type"": ""str""}, {""name"": ""current"", ""type"": ""str""}, {""name"": ""peak"", ""type"": ""str""}, {""name"": ""limit"", ""type"": ""str""}, {""name"": ""denied"", ""type"": ""str""}, {""name"": ""context"", ""type"": ""str""}]",TextFSM template: cisco_asa_show_resource_usage.textfsm,2026-02-27T16:43:55.232384
textfsm,show route,cisco_asa,"[{""name"": ""protocol"", ""type"": ""str""}, {""name"": ""type"", ""type"": ""str""}, {""name"": ""required"", ""type"": ""str""}, {""name"": ""netmask"", ""type"": ""str""}, {""name"": ""distance"", ""type"": ""str""}, {""name"": ""metric"", ""type"": ""str""}, {""name"": ""nexthopip"", ""type"": ""str""}, {""name"": ""nexthopif"", ""type"": ""str""}, {""name"": ""uptime"", ""type"": ""str""}]",TextFSM template: cisco_asa_show_route.textfsm,2026-02-27T16:43:55.232384
textfsm,show running-config access-group,cisco_asa,"[{""name"": ""access_list"", ""type"": ""str""}, {""name"": ""interface"", ""type"": ""str""}]",TextFSM template: cisco_asa_show_running-config_access-group.textfsm,2026-02-27T16:43:55.232384
textfsm,show running-config all crypto map,cisco_asa,"[{""name"": ""matched_address"", ""type"": ""str""}, {""name"": ""connection_type"", ""type"": ""str""}, {""name"": ""map"", ""type"": ""str""}, {""name"": ""seq"", ""type"": ""str""}, {""name"": ""pfs"", ""type"": ""str""}, {""name"": ""peer"", ""type"": ""str""}, {""name"": ""ikev1_phase1_mode"", ""type"": ""str""}, {""name"": ""ikev1_transform_set"", ""type"": ""str""}, {""name"": ""ikev2_mode"", ""type"": ""str""}, {""name"": ""isakmp_dynamic"", ""type"": ""str""}, {""name"": ""interface"", ""type"": ""str""}, {""name"": ""sa_sec"", ""type"": ""str""}, {""name"": ""sa_kb"", ""type"": ""str""}, {""name"": ""tfc_packets"", ""type"": ""str""}]",TextFSM template: cisco_asa_show_running-config_all_crypto_map.textfsm,2026-02-27T16:43:55.232384
textfsm,show running-config crypto ikev1,cisco_asa,"[{""name"": ""ike_version"", ""type"": ""str""}, {""name"": ""policy_id"", ""type"": ""str""}, {""name"": ""auth_method"", ""type"": ""str""}, {""name"": ""encryption"", ""type"": ""str""}, {""name"": ""auth_algorithm"", ""type"": ""str""}, {""name"": ""dh_group"", ""type"": ""str""}, {""name"": ""lifetime"", ""type"": ""str""}]",TextFSM template: cisco_asa_show_running-config_crypto_ikev1.textfsm,2026-02-27T16:43:55.232384
textfsm,show running-config crypto map,cisco_asa,"[{""name"": ""matched_address"", ""type"": ""str""}, {""name"": ""key"", ""type"": ""str""}, {""name"": ""key"", ""type"": ""str""}, {""name"": ""pfs"", ""type"": ""str""}, {""name"": ""peer"", ""type"": ""str""}, {""name"": ""ike"", ""type"": ""str""}, {""name"": ""transform"", ""type"": ""str""}, {""name"": ""sa"", ""type"": ""str""}]",TextFSM template: cisco_asa_show_running-config_crypto_map.textfsm,2026-02-27T16:43:55.232384
textfsm,show running-config ipsec,cisco_asa,"[{""name"": ""ike_version"", ""type"": ""str""}, {""name"": ""name"", ""type"": ""str""}, {""name"": ""encryption"", ""type"": ""str""}, {""name"": ""auth"", ""type"": ""str""}]",TextFSM template: cisco_asa_show_running-config_ipsec.textfsm,2026-02-27T16:43:55.232384
textfsm,show running-config object-group service,cisco_asa,"[{""name"": ""name"", ""type"": ""str""}, {""name"": ""grp_protocol"", ""type"": ""str""}, {""name"": ""description"", ""type"": ""str""}, {""name"": ""svc_obj_name"", ""type"": ""str""}, {""name"": ""svc_protocol"", ""type"": ""str""}, {""name"": ""icmp_type"", ""type"": ""str""}, {""name"": ""icmp_code"", ""type"": ""str""}, {""name"": ""src_operator"", ""type"": ""str""}, {""name"": ""src_port_start"", ""type"": ""str""}, {""name"": ""src_port_end"", ""type"": ""str""}, {""name"": ""dst_operator"", ""type"": ""str""}, {""name"": ""dst_port_start"", ""type"": ""str""}, {""name"": ""dst_port_end"", ""type"": ""str""}, {""name"": ""port_operator"", ""type"": ""str""}, {""name"": ""port_start"", ""type"": ""str""}, {""name"": ""port_end"", ""type"": ""str""}, {""name"": ""grp_obj_name"", ""type"": ""str""}]",TextFSM template: cisco_asa_show_running-config_object-group_service.textfsm,2026-02-27T16:43:55.232384
textfsm,show running-config object network,cisco_asa,"[{""name"": ""name"", ""type"": ""str""}, {""name"": ""description"", ""type"": ""str""}, {""name"": ""type"", ""type"": ""str""}, {""name"": ""host"", ""type"": ""str""}, {""name"": ""network"", ""type"": ""str""}, {""name"": ""netmask"", ""type"": ""str""}, {""name"": ""prefix_length"", ""type"": ""str""}, {""name"": ""start_ip"", ""type"": ""str""}, {""name"": ""end_ip"", ""type"": ""str""}, {""name"": ""fqdn"", ""type"": ""str""}]",TextFSM template: cisco_asa_show_running-config_object_network.textfsm,2026-02-27T16:43:55.232384
textfsm,show running-config object service,cisco_asa,"[{""name"": ""name"", ""type"": ""str""}, {""name"": ""description"", ""type"": ""str""}, {""name"": ""protocol"", ""type"": ""str""}, {""name"": ""src_operator"", ""type"": ""str""}, {""name"": ""src_port_start"", ""type"": ""str""}, {""name"": ""src_port_end"", ""type"": ""str""}, {""name"": ""dst_operator"", ""type"": ""str""}, {""name"": ""dst_port_start"", ""type"": ""str""}, {""name"": ""dst_port_end"", ""type"": ""str""}, {""name"": ""icmp_type"", ""type"": ""str""}, {""name"": ""icmp_code"", ""type"": ""str""}]",TextFSM template: cisco_asa_show_running-config_object_service.textfsm,2026-02-27T16:43:55.232384
textfsm,show running-config tunnel-group,cisco_asa,"[{""name"": ""name"", ""type"": ""str""}, {""name"": ""type"", ""type"": ""str""}, {""name"": ""dhcp_selection"", ""type"": ""str""}, {""name"": ""dhcp_server"", ""type"": ""str""}, {""name"": ""authorization"", ""type"": ""str""}, {""name"": ""authorization_intfc"", ""type"": ""str""}, {""name"": ""authorization_grp"", ""type"": ""str""}, {""name"": ""accounting_grp"", ""type"": ""str""}, {""name"": ""ipv4_pool_intfc"", ""type"": ""str""}, {""name"": ""ipv4_pool_name"", ""type"": ""str""}, {""name"": ""authentication_intfc"", ""type"": ""str""}, {""name"": ""authentication_pri_grp"", ""type"": ""str""}, {""name"": ""authentication_sec_grp"", ""type"": ""str""}, {""name"": ""authentication_svr"", ""type"": ""str""}, {""name"": ""authenticated_user"", ""type"": ""str""}, {""name"": ""group_policy"", ""type"": ""str""}, {""name"": ""ipv6_pool_intfc"", ""type"": ""str""}, {""name"": ""ipv6_pool_name"", ""type"": ""str""}, {""name"": ""nat_intfc"", ""type"": ""str""}, {""name"": ""scep_enroll"", ""type"": ""str""}, {""name"": ""sec_authentication_grp_intfc"", ""type"": ""str""}, {""name"": ""sec_authentication_pri_grp"", ""type"": ""str""}, {""name"": ""sec_authentication_sec_grp"", ""type"": ""str""}, {""name"": ""sec_authentication_use_pri_user"", ""type"": ""str""}, {""name"": ""sec_cert_codes"", ""type"": ""str""}, {""name"": ""sec_cert_fallback"", ""type"": ""str""}, {""name"": ""pri_cert_codes"", ""type"": ""str""}, {""name"": ""pri_cert_fallback"", ""type"": ""str""}, {""name"": ""strip_grp"", ""type"": ""str""}, {""name"": ""strip_realm"", ""type"": ""str""}, {""name"": ""ikev1_psk"", ""type"": ""str""}, {""name"": ""chain"", ""type"": ""str""}, {""name"": ""client_os"", ""type"": ""str""}, {""name"": ""update_url"", ""type"": ""str""}, {""name"": ""revs"", ""type"": ""str""}, {""name"": ""trust_point"", ""type"": ""str""}, {""name"": ""ikev1_user_auth_intfc"", ""type"": ""str""}, {""name"": ""ikev1_user_auth_type"", ""type"": ""str""}, {""name"": ""ikev2_local_auth_cert"", ""type"": ""str""}, {""name"": ""ikev2_remote_auth_type"", ""type"": ""str""}, {""name"": ""peer_id_validate"", ""type"": ""str""}, {""name"": ""radius_with_expiry"", ""type"": ""str""}, {""name"": ""ppp_auth_type"", ""type"": ""str""}, {""name"": ""webvpn_auth"", ""type"": ""str""}, {""name"": ""webvpn_custom"", ""type"": ""str""}, {""name"": ""dns_grp"", ""type"": ""str""}, {""name"": ""webvpn_grp_alias"", ""type"": ""str""}, {""name"": ""webvpn_grp_alias_state"", ""type"": ""str""}, {""name"": ""webvpn_grp_url"", ""type"": ""str""}, {""name"": ""webvpn_grp_url_state"", ""type"": ""str""}, {""name"": ""nbns_svr"", ""type"": ""str""}, {""name"": ""nbns_master"", ""type"": ""str""}, {""name"": ""nbns_timeout"", ""type"": ""str""}, {""name"": ""nbns_retry"", ""type"": ""str""}, {""name"": ""override_svc_download"", ""type"": ""str""}, {""name"": ""pri_prefill_user_type"", ""type"": ""str""}, {""name"": ""sec_prefill_user_type"", ""type"": ""str""}, {""name"": ""proxy_auth"", ""type"": ""str""}, {""name"": ""radius_reject_msg"", ""type"": ""str""}, {""name"": ""saml_id_provider"", ""type"": ""str""}, {""name"": ""without_csd"", ""type"": ""str""}]",TextFSM template: cisco_asa_show_running-config_tunnel-group.textfsm,2026-02-27T16:43:55.232384
textfsm,show version,cisco_asa,"[{""name"": ""version"", ""type"": ""str""}, {""name"": ""device_mgr_version"", ""type"": ""str""}, {""name"": ""compile_date"", ""type"": ""str""}, {""name"": ""image"", ""type"": ""str""}, {""name"": ""hostname"", ""type"": ""str""}, {""name"": ""uptime"", ""type"": ""str""}, {""name"": ""hardware"", ""type"": ""str""}, {""name"": ""model"", ""type"": ""str""}, {""name"": ""flash"", ""type"": ""str""}, {""name"": ""interfaces"", ""type"": ""str""}, {""name"": ""license_mode"", ""type"": ""str""}, {""name"": ""license_state"", ""type"": ""str""}, {""name"": ""max_intf"", ""type"": ""str""}, {""name"": ""max_vlans"", ""type"": ""str""}, {""name"": ""failover"", ""type"": ""str""}, {""name"": ""cluster"", ""type"": ""str""}, {""name"": ""serial"", ""type"": ""str""}, {""name"": ""last_mod"", ""type"": ""str""}]",TextFSM template: cisco_asa_show_version.textfsm,2026-02-27T16:43:55.232384
textfsm,show vpn-sessiondb,cisco_asa,"[{""name"": ""vpn_session_name"", ""type"": ""str""}, {""name"": ""vpn_session_active"", ""type"": ""str""}, {""name"": ""vpn_session_cumulative"", ""type"": ""str""}, {""name"": ""vpn_session_peak_concurrent"", ""type"": ""str""}, {""name"": ""vpn_session_inactive"", ""type"": ""str""}, {""name"": ""total_active_and_inactive"", ""type"": ""str""}, {""name"": ""total_cumulative"", ""type"": ""str""}, {""name"": ""device_total_vpn_capacity"", ""type"": ""str""}, {""name"": ""device_load_percent"", ""type"": ""str""}, {""name"": ""tunnels_summary_name"", ""type"": ""str""}, {""name"": ""tunnels_summary_active"", ""type"": ""str""}, {""name"": ""tunnels_summary_cumulative"", ""type"": ""str""}, {""name"": ""tunnels_summary_peak_concurrent"", ""type"": ""str""}, {""name"": ""totals_active"", ""type"": ""str""}, {""name"": ""totals_cumulative"", ""type"": ""str""}]",TextFSM template: cisco_asa_show_vpn-sessiondb.textfsm,2026-02-27T16:43:55.232384
textfsm,show vpn-sessiondb anyconnect,cisco_asa,"[{""name"": ""filldown"", ""type"": ""str""}, {""name"": ""username"", ""type"": ""str""}, {""name"": ""index"", ""type"": ""str""}, {""name"": ""assigned_ip"", ""type"": ""str""}, {""name"": ""public_ip"", ""type"": ""str""}, {""name"": ""assigned_ipv6"", ""type"": ""str""}, {""name"": ""protocol"", ""type"": ""str""}, {""name"": ""license"", ""type"": ""str""}, {""name"": ""encryption"", ""type"": ""str""}, {""name"": ""hashing"", ""type"": ""str""}, {""name"": ""bytes_tx"", ""type"": ""str""}, {""name"": ""bytes_rx"", ""type"": ""str""}, {""name"": ""group_policy"", ""type"": ""str""}, {""name"": ""tunnel_group"", ""type"": ""str""}, {""name"": ""login_time"", ""type"": ""str""}, {""name"": ""login_time_zone"", ""type"": ""str""}, {""name"": ""login_weekday"", ""type"": ""str""}, {""name"": ""login_month"", ""type"": ""str""}, {""name"": ""login_day"", ""type"": ""str""}, {""name"": ""login_year"", ""type"": ""str""}, {""name"": ""duration"", ""type"": ""str""}, {""name"": ""inactivity"", ""type"": ""str""}, {""name"": ""vlan_mapping"", ""type"": ""str""}, {""name"": ""vlan_id"", ""type"": ""str""}, {""name"": ""audt_sess_id"", ""type"": ""str""}, {""name"": ""security_grp"", ""type"": ""str""}]",TextFSM template: cisco_asa_show_vpn-sessiondb_anyconnect.textfsm,2026-02-27T16:43:55.232384
textfsm,show vpn-sessiondb detail l2l,cisco_asa,"[{""name"": ""filldown"", ""type"": ""str""}, {""name"": ""connection"", ""type"": ""str""}, {""name"": ""index"", ""type"": ""str""}, {""name"": ""ip_address"", ""type"": ""str""}, {""name"": ""protocol"", ""type"": ""str""}, {""name"": ""encryption"", ""type"": ""str""}, {""name"": ""hashing"", ""type"": ""str""}, {""name"": ""total_bytes_transmitted"", ""type"": ""str""}, {""name"": ""total_bytes_received"", ""type"": ""str""}, {""name"": ""login_time"", ""type"": ""str""}, {""name"": ""login_time_zone"", ""type"": ""str""}, {""name"": ""login_weekday"", ""type"": ""str""}, {""name"": ""login_month"", ""type"": ""str""}, {""name"": ""login_day"", ""type"": ""str""}, {""name"": ""login_year"", ""type"": ""str""}, {""name"": ""duration"", ""type"": ""str""}, {""name"": ""filter_name"", ""type"": ""str""}, {""name"": ""total_ike_sessions"", ""type"": ""str""}, {""name"": ""total_ipsec_sessions"", ""type"": ""str""}, {""name"": ""connection_type"", ""type"": ""str""}, {""name"": ""session_id"", ""type"": ""str""}, {""name"": ""udp_src_port"", ""type"": ""str""}, {""name"": ""udp_dst_port"", ""type"": ""str""}, {""name"": ""negotiaion_mode"", ""type"": ""str""}, {""name"": ""authentication_mode"", ""type"": ""str""}, {""name"": ""remote_authentication_mode"", ""type"": ""str""}, {""name"": ""local_authentication_mode"", ""type"": ""str""}, {""name"": ""encryption_method"", ""type"": ""str""}, {""name"": ""hash_method"", ""type"": ""str""}, {""name"": ""rekey_interval"", ""type"": ""str""}, {""name"": ""rekey_interval_unit"", ""type"": ""str""}, {""name"": ""rekey_time_left"", ""type"": ""str""}, {""name"": ""rekey_time_left_unit"", ""type"": ""str""}, {""name"": ""rekey_data_interval"", ""type"": ""str""}, {""name"": ""rekey_data_interval_unit"", ""type"": ""str""}, {""name"": ""rekey_data_remaining"", ""type"": ""str""}, {""name"": ""rekey_data_remaining_unit"", ""type"": ""str""}, {""name"": ""idle_timeout_interval"", ""type"": ""str""}, {""name"": ""idle_timeout_interval_unit"", ""type"": ""str""}, {""name"": ""idle_timeout_remaining"", ""type"": ""str""}, {""name"": ""idle_timeout_remaining_unit"", ""type"": ""str""}, {""name"": ""prf"", ""type"": ""str""}, {""name"": ""dh_group"", ""type"": ""str""}, {""name"": ""ipv6_filter_name"", ""type"": ""str""}, {""name"": ""local_address_network"", ""type"": ""str""}, {""name"": ""local_address_mask"", ""type"": ""str""}, {""name"": ""remote_address_network"", ""type"": ""str""}, {""name"": ""remote_address_mask"", ""type"": ""str""}, {""name"": ""encapsulation"", ""type"": ""str""}, {""name"": ""pfs_group"", ""type"": ""str""}, {""name"": ""bytes_transmitted"", ""type"": ""str""}, {""name"": ""bytes_received"", ""type"": ""str""}, {""name"": ""packets_transmitted"", ""type"": ""str""}, {""name"": ""packets_received"", ""type"": ""str""}, {""name"": ""reval_timeout"", ""type"": ""str""}, {""name"": ""reval_timout_unit"", ""type"": ""str""}, {""name"": ""reval_timeout_remaining"", ""type"": ""str""}, {""name"": ""reval_timeout_remaining_unit"", ""type"": ""str""}, {""name"": ""status_query_interval"", ""type"": ""str""}, {""name"": ""status_query_interval_unit"", ""type"": ""str""}, {""name"": ""eap_over_udp_timer"", ""type"": ""str""}, {""name"": ""eap_over_udp_timer_unit"", ""type"": ""str""}, {""name"": ""posture_holdtime_remaining"", ""type"": ""str""}, {""name"": ""posture_holdtime_remaining_unit"", ""type"": ""str""}, {""name"": ""posture_token"", ""type"": ""str""}, {""name"": ""redirect_url"", ""type"": ""str""}]",TextFSM template: cisco_asa_show_vpn-sessiondb_detail_l2l.textfsm,2026-02-27T16:43:55.232384
textfsm,show xlate,cisco_asa,"[{""name"": ""source_intf"", ""type"": ""str""}, {""name"": ""source"", ""type"": ""str""}, {""name"": ""destination_intf"", ""type"": ""str""}, {""name"": ""destination"", ""type"": ""str""}]",TextFSM template: cisco_asa_show_xlate.textfsm,2026-02-27T16:43:55.232384
textfsm,show vpn-sessiondb anyconnect,cisco_ftd,"[{""name"": ""filldown"", ""type"": ""str""}, {""name"": ""username"", ""type"": ""str""}, {""name"": ""index"", ""type"": ""str""}, {""name"": ""assigned_ip"", ""type"": ""str""}, {""name"": ""public_ip"", ""type"": ""str""}, {""name"": ""assigned_ipv6"", ""type"": ""str""}, {""name"": ""protocol"", ""type"": ""str""}, {""name"": ""license"", ""type"": ""str""}, {""name"": ""encryption"", ""type"": ""str""}, {""name"": ""hashing"", ""type"": ""str""}, {""name"": ""bytes_tx"", ""type"": ""str""}, {""name"": ""bytes_rx"", ""type"": ""str""}, {""name"": ""group_policy"", ""type"": ""str""}, {""name"": ""tunnel_group"", ""type"": ""str""}, {""name"": ""login_time"", ""type"": ""str""}, {""name"": ""login_time_zone"", ""type"": ""str""}, {""name"": ""login_weekday"", ""type"": ""str""}, {""name"": ""login_month"", ""type"": ""str""}, {""name"": ""login_day"", ""type"": ""str""}, {""name"": ""login_year"", ""type"": ""str""}, {""name"": ""duration"", ""type"": ""str""}, {""name"": ""inactivity"", ""type"": ""str""}, {""name"": ""vlan_mapping"", ""type"": ""str""}, {""name"": ""vlan_id"", ""type"": ""str""}, {""name"": ""audt_sess_id"", ""type"": ""str""}, {""name"": ""security_grp"", ""type"": ""str""}, {""name"": ""tunnel_zone"", ""type"": ""str""}]",TextFSM template: cisco_ftd_show_vpn-sessiondb_anyconnect.textfsm,2026-02-27T16:43:55.232384
textfsm,show system firmware,cisco_fxos,"[{""name"": ""version"", ""type"": ""str""}, {""name"": ""startup_version"", ""type"": ""str""}]",TextFSM template: cisco_fxos_show_system_firmware.textfsm,2026-02-27T16:43:55.232384
textfsm,dir,cisco_ios,"[{""name"": ""file_system"", ""type"": ""str""}, {""name"": ""id"", ""type"": ""str""}, {""name"": ""permissions"", ""type"": ""str""}, {""name"": ""size"", ""type"": ""str""}, {""name"": ""total_size"", ""type"": ""str""}, {""name"": ""total_free"", ""type"": ""str""}, {""name"": ""date_time"", ""type"": ""str""}, {""name"": ""name"", ""type"": ""str""}]",TextFSM template: cisco_ios_dir.textfsm,2026-02-27T16:43:55.232384
textfsm,ping,cisco_ios,"[{""name"": ""sent_qty"", ""type"": ""str""}, {""name"": ""sent_type"", ""type"": ""str""}, {""name"": ""destination"", ""type"": ""str""}, {""name"": ""timeout"", ""type"": ""str""}, {""name"": ""source"", ""type"": ""str""}, {""name"": ""response_stream"", ""type"": ""str""}, {""name"": ""success_pct"", ""type"": ""str""}, {""name"": ""success_qty"", ""type"": ""str""}, {""name"": ""rtt_min"", ""type"": ""str""}, {""name"": ""rtt_avg"", ""type"": ""str""}, {""name"": ""rtt_max"", ""type"": ""str""}, {""name"": ""responders"", ""type"": ""str""}]",TextFSM template: cisco_ios_ping.textfsm,2026-02-27T16:43:55.232384
textfsm,show access-list,cisco_ios,"[{""name"": ""name"", ""type"": ""str""}, {""name"": ""type"", ""type"": ""str""}, {""name"": ""sn"", ""type"": ""str""}, {""name"": ""action"", ""type"": ""str""}, {""name"": ""protocol"", ""type"": ""str""}, {""name"": ""source"", ""type"": ""str""}, {""name"": ""operator_source_port"", ""type"": ""str""}, {""name"": ""operator_destination_port"", ""type"": ""str""}, {""name"": ""source_port"", ""type"": ""str""}, {""name"": ""destination_port"", ""type"": ""str""}, {""name"": ""destination"", ""type"": ""str""}, {""name"": ""modifier"", ""type"": ""str""}, {""name"": ""matches"", ""type"": ""str""}]",TextFSM template: cisco_ios_show_access-list.textfsm,2026-02-27T16:43:55.232384
textfsm,show access-session,cisco_ios,"[{""name"": ""interface"", ""type"": ""str""}, {""name"": ""mac_address"", ""type"": ""str""}, {""name"": ""method"", ""type"": ""str""}, {""name"": ""domain"", ""type"": ""str""}, {""name"": ""status"", ""type"": ""str""}, {""name"": ""session"", ""type"": ""str""}]",TextFSM template: cisco_ios_show_access-session.textfsm,2026-02-27T16:43:55.232384
textfsm,show adjacency,cisco_ios,"[{""name"": ""interface"", ""type"": ""str""}, {""name"": ""endpoint"", ""type"": ""str""}, {""name"": ""rewrite_headers"", ""type"": ""str""}, {""name"": ""recursive_interface"", ""type"": ""str""}, {""name"": ""recursive_nexthop"", ""type"": ""str""}]",TextFSM template: cisco_ios_show_adjacency.textfsm,2026-02-27T16:43:55.232384
textfsm,show alert counters,cisco_ios,"[{""name"": ""interface"", ""type"": ""str""}, {""name"": ""errorcode"", ""type"": ""str""}, {""name"": ""timestamp"", ""type"": ""str""}, {""name"": ""description"", ""type"": ""str""}, {""name"": ""recommendation"", ""type"": ""str""}]",TextFSM template: cisco_ios_show_alert_counters.textfsm,2026-02-27T16:43:55.232384
textfsm,show aliases,cisco_ios,"[{""name"": ""mode"", ""type"": ""str""}, {""name"": ""alias"", ""type"": ""str""}, {""name"": ""command"", ""type"": ""str""}]",TextFSM template: cisco_ios_show_aliases.textfsm,2026-02-27T16:43:55.232384
textfsm,show ap cdp neighbors,cisco_ios,"[{""name"": ""ap_name"", ""type"": ""str""}, {""name"": ""ap_ip"", ""type"": ""str""}, {""name"": ""neighbor_name"", ""type"": ""str""}, {""name"": ""neighbor_ip"", ""type"": ""str""}, {""name"": ""neighbor_port"", ""type"": ""str""}]",TextFSM template: cisco_ios_show_ap_cdp_neighbors.textfsm,2026-02-27T16:43:55.232384
textfsm,show ap summary,cisco_ios,"[{""name"": ""ap_name"", ""type"": ""str""}, {""name"": ""slot"", ""type"": ""str""}, {""name"": ""ap_model"", ""type"": ""str""}, {""name"": ""mac_address"", ""type"": ""str""}, {""name"": ""radio_mac"", ""type"": ""str""}, {""name"": ""location"", ""type"": ""str""}, {""name"": ""country"", ""type"": ""str""}, {""name"": ""regulatory_domain"", ""type"": ""str""}, {""name"": ""ip_address"", ""type"": ""str""}, {""name"": ""state"", ""type"": ""str""}]",TextFSM template: cisco_ios_show_ap_summary.textfsm,2026-02-27T16:43:55.232384
textfsm,show archive,cisco_ios,"[{""name"": ""state"", ""type"": ""str""}, {""name"": ""next_filename"", ""type"": ""str""}, {""name"": ""filenames"", ""type"": ""str""}, {""name"": ""current_index"", ""type"": ""str""}]",TextFSM template: cisco_ios_show_archive.textfsm,2026-02-27T16:43:55.232384
textfsm,show arp,cisco_ios,"[{""name"": ""protocol"", ""type"": ""str""}, {""name"": ""address"", ""type"": ""str""}, {""name"": ""age_min"", ""type"": ""str""}, {""name"": ""hardware_address"", ""type"": ""str""}, {""name"": ""type"", ""type"": ""str""}, {""name"": ""interface"", ""type"": ""str""}]",TextFSM template: cisco_ios_show_arp.textfsm,2026-02-27T16:43:55.232384
textfsm,show authentication sessions,cisco_ios,"[{""name"": ""interface"", ""type"": ""str""}, {""name"": ""mac_address"", ""type"": ""str""}, {""name"": ""method"", ""type"": ""str""}, {""name"": ""domain"", ""type"": ""str""}, {""name"": ""status"", ""type"": ""str""}, {""name"": ""session"", ""type"": ""str""}]",TextFSM template: cisco_ios_show_authentication_sessions.textfsm,2026-02-27T16:43:55.232384
textfsm,show authentication sessions method details,cisco_ios,"[{""name"": ""interface"", ""type"": ""str""}, {""name"": ""mac_address"", ""type"": ""str""}, {""name"": ""ipv4_address"", ""type"": ""str""}, {""name"": ""ipv6_address"", ""type"": ""str""}, {""name"": ""username"", ""type"": ""str""}, {""name"": ""device_type"", ""type"": ""str""}, {""name"": ""device_name"", ""type"": ""str""}, {""name"": ""status"", ""type"": ""str""}, {""name"": ""domain"", ""type"": ""str""}, {""name"": ""operational_host_mode"", ""type"": ""str""}, {""name"": ""operational_control_dir"", ""type"": ""str""}, {""name"": ""session_timeout"", ""type"": ""str""}, {""name"": ""timeout_action"", ""type"": ""str""}, {""name"": ""accounting_update_seconds"", ""type"": ""str""}, {""name"": ""accounting_update_remaining_seconds"", ""type"": ""str""}, {""name"": ""current_policy"", ""type"": ""str""}, {""name"": ""server_policy_vlan_group"", ""type"": ""str""}, {""name"": ""server_policy_sgt"", ""type"": ""str""}, {""name"": ""server_policy_vn"", ""type"": ""str""}, {""name"": ""server_session_timeout"", ""type"": ""str""}, {""name"": ""server_template"", ""type"": ""str""}, {""name"": ""resultant_policy_vlan_group"", ""type"": ""str""}, {""name"": ""resultant_policy_sgt"", ""type"": ""str""}, {""name"": ""resultant_policy_vn"", ""type"": ""str""}, {""name"": ""method_type_list"", ""type"": ""str""}, {""name"": ""method_state_list"", ""type"": ""str""}]",TextFSM template: cisco_ios_show_authentication_sessions_method_details.textfsm,2026-02-27T16:43:55.232384
textfsm,show bfd neighbors details,cisco_ios,"[{""name"": ""our_addr"", ""type"": ""str""}, {""name"": ""neighbor_addr"", ""type"": ""str""}, {""name"": ""local_discrim"", ""type"": ""str""}, {""name"": ""remote_discrim"", ""type"": ""str""}, {""name"": ""remote_heard"", ""type"": ""str""}, {""name"": ""holddown"", ""type"": ""str""}, {""name"": ""multiplier"", ""type"": ""str""}, {""name"": ""state"", ""type"": ""str""}, {""name"": ""interface"", ""type"": ""str""}, {""name"": ""echo_function"", ""type"": ""str""}, {""name"": ""echo_interval"", ""type"": ""str""}, {""name"": ""diagnostic_bit"", ""type"": ""str""}, {""name"": ""demand_bit"", ""type"": ""str""}, {""name"": ""poll_bit"", ""type"": ""str""}, {""name"": ""min_tx_interval"", ""type"": ""str""}, {""name"": ""min_rx_interval"", ""type"": ""str""}, {""name"": ""received_min_rx_interval"", ""type"": ""str""}, {""name"": ""received_multiplier"", ""type"": ""str""}, {""name"": ""holddown_hits"", ""type"": ""str""}, {""name"": ""hello_interval"", ""type"": ""str""}, {""name"": ""hello_hits"", ""type"": ""str""}, {""name"": ""rx_count"", ""type"": ""str""}, {""name"": ""rx_last"", ""type"": ""str""}, {""name"": ""tx_count"", ""type"": ""str""}, {""name"": ""tx_last"", ""type"": ""str""}, {""name"": ""echo_rx_count"", ""type"": ""str""}, {""name"": ""echo_rx_last"", ""type"": ""str""}, {""name"": ""echo_tx_count"", ""type"": ""str""}, {""name"": ""echo_tx_last"", ""type"": ""str""}, {""name"": ""registered_protocols"", ""type"": ""str""}, {""name"": ""template"", ""type"": ""str""}, {""name"": ""uptime"", ""type"": ""str""}, {""name"": ""downtime"", ""type"": ""str""}, {""name"": ""version"", ""type"": ""str""}]",TextFSM template: cisco_ios_show_bfd_neighbors_details.textfsm,2026-02-27T16:43:55.232384
textfsm,show boot,cisco_ios,"[{""name"": ""switch_number"", ""type"": ""str""}, {""name"": ""boot_path"", ""type"": ""str""}, {""name"": ""config_file"", ""type"": ""str""}, {""name"": ""priv_config_file"", ""type"": ""str""}, {""name"": ""enable_break"", ""type"": ""str""}, {""name"": ""manual_boot"", ""type"": ""str""}, {""name"": ""allow_dev_key"", ""type"": ""str""}, {""name"": ""auto_upgrade"", ""type"": ""str""}, {""name"": ""buffer_size"", ""type"": ""str""}, {""name"": ""timeout_config_download"", ""type"": ""str""}, {""name"": ""config_download_dhcp"", ""type"": ""str""}, {""name"": ""config_download_dhcp_next_boot"", ""type"": ""str""}, {""name"": ""boot_mode"", ""type"": ""str""}, {""name"": ""boot_optimization"", ""type"": ""str""}, {""name"": ""current_boot_variables"", ""type"": ""str""}]",TextFSM template: cisco_ios_show_boot.textfsm,2026-02-27T16:43:55.232384
textfsm,show capability feature routing,cisco_ios,"[{""name"": ""feature"", ""type"": ""str""}, {""name"": ""state"", ""type"": ""str""}]",TextFSM template: cisco_ios_show_capability_feature_routing.textfsm,2026-02-27T16:43:55.232384
textfsm,show cdp neighbors,cisco_ios,"[{""name"": ""neighbor_name"", ""type"": ""str""}, {""name"": ""local_interface"", ""type"": ""str""}, {""name"": ""capabilities"", ""type"": ""str""}, {""name"": ""platform"", ""type"": ""str""}, {""name"": ""neighbor_interface"", ""type"": ""str""}]",TextFSM template: cisco_ios_show_cdp_neighbors.textfsm,2026-02-27T16:43:55.232384
textfsm,show cdp neighbors detail,cisco_ios,"[{""name"": ""neighbor_name"", ""type"": ""str""}, {""name"": ""mgmt_address"", ""type"": ""str""}, {""name"": ""platform"", ""type"": ""str""}, {""name"": ""neighbor_interface"", ""type"": ""str""}, {""name"": ""local_interface"", ""type"": ""str""}, {""name"": ""neighbor_description"", ""type"": ""str""}, {""name"": ""capabilities"", ""type"": ""str""}]",TextFSM template: cisco_ios_show_cdp_neighbors_detail.textfsm,2026-02-27T16:43:55.232384
textfsm,show clock,cisco_ios,"[{""name"": ""time"", ""type"": ""str""}, {""name"": ""timezone"", ""type"": ""str""}, {""name"": ""dayweek"", ""type"": ""str""}, {""name"": ""month"", ""type"": ""str""}, {""name"": ""day"", ""type"": ""str""}, {""name"": ""year"", ""type"": ""str""}]",TextFSM template: cisco_ios_show_clock.textfsm,2026-02-27T16:43:55.232384
textfsm,show controller t1,cisco_ios,"[{""name"": ""interface"", ""type"": ""str""}, {""name"": ""link_status"", ""type"": ""str""}, {""name"": ""ais_state"", ""type"": ""str""}, {""name"": ""los_state"", ""type"": ""str""}, {""name"": ""lof_state"", ""type"": ""str""}, {""name"": ""framing"", ""type"": ""str""}, {""name"": ""line_code"", ""type"": ""str""}, {""name"": ""clock_source"", ""type"": ""str""}, {""name"": ""curr_interval_elapsed_seconds"", ""type"": ""str""}, {""name"": ""curr_line_code_violations"", ""type"": ""str""}, {""name"": ""curr_path_code_violations"", ""type"": ""str""}, {""name"": ""curr_slip_secs"", ""type"": ""str""}, {""name"": ""curr_fr_loss_secs"", ""type"": ""str""}, {""name"": ""curr_line_err_secs"", ""type"": ""str""}, {""name"": ""curr_degraded_mins"", ""type"": ""str""}, {""name"": ""curr_err_secs"", ""type"": ""str""}, {""name"": ""curr_bursty_err_secs"", ""type"": ""str""}, {""name"": ""curr_sev_err_secs"", ""type"": ""str""}, {""name"": ""curr_unavail_secs"", ""type"": ""str""}, {""name"": ""total_line_code_violations"", ""type"": ""str""}, {""name"": ""total_path_code_violations"", ""type"": ""str""}, {""name"": ""total_slip_secs"", ""type"": ""str""}, {""name"": ""total_fr_loss_secs"", ""type"": ""str""}, {""name"": ""total_line_err_secs"", ""type"": ""str""}, {""name"": ""total_degraded_mins"", ""type"": ""str""}, {""name"": ""total_err_secs"", ""type"": ""str""}, {""name"": ""total_bursty_err_secs"", ""type"": ""str""}, {""name"": ""total_sev_err_secs"", ""type"": ""str""}, {""name"": ""total_unavail_secs"", ""type"": ""str""}]",TextFSM template: cisco_ios_show_controller_t1.textfsm,2026-02-27T16:43:55.232384
textfsm,show crypto ipsec sa detail,cisco_ios,"[{""name"": ""interface"", ""type"": ""str""}, {""name"": ""crypto_map_tag"", ""type"": ""str""}, {""name"": ""local_addr"", ""type"": ""str""}, {""name"": ""protected_vrf"", ""type"": ""str""}, {""name"": ""local_ident_addr"", ""type"": ""str""}, {""name"": ""local_ident_mask"", ""type"": ""str""}, {""name"": ""local_ident_prot"", ""type"": ""str""}, {""name"": ""local_ident_port"", ""type"": ""str""}, {""name"": ""remote_ident_addr"", ""type"": ""str""}, {""name"": ""remote_ident_mask"", ""type"": ""str""}, {""name"": ""remote_ident_prot"", ""type"": ""str""}, {""name"": ""remote_ident_port"", ""type"": ""str""}, {""name"": ""current_peer"", ""type"": ""str""}, {""name"": ""port"", ""type"": ""str""}, {""name"": ""action"", ""type"": ""str""}, {""name"": ""flags"", ""type"": ""str""}, {""name"": ""pkts_encaps"", ""type"": ""str""}, {""name"": ""pkts_encrypt"", ""type"": ""str""}, {""name"": ""pkts_digest"", ""type"": ""str""}, {""name"": ""pkts_decaps"", ""type"": ""str""}, {""name"": ""pkts_decrypt"", ""type"": ""str""}, {""name"": ""pkts_verify"", ""type"": ""str""}, {""name"": ""pkts_compressed"", ""type"": ""str""}, {""name"": ""pkts_decompressed"", ""type"": ""str""}, {""name"": ""pkts_not_compressed"", ""type"": ""str""}, {""name"": ""pkts_not_decompressed"", ""type"": ""str""}, {""name"": ""pkts_compress_failed"", ""type"": ""str""}, {""name"": ""pkts_decompress_failed"", ""type"": ""str""}, {""name"": ""pkts_no_sa"", ""type"": ""str""}, {""name"": ""pkts_invalid_sa"", ""type"": ""str""}, {""name"": ""pkts_encaps_failed"", ""type"": ""str""}, {""name"": ""pkts_decaps_failed"", ""type"": ""str""}, {""name"": ""pkts_invalid_prot"", ""type"": ""str""}, {""name"": ""pkts_verify_failed"", ""type"": ""str""}, {""name"": ""pkts_invalid_identity"", ""type"": ""str""}, {""name"": ""pkts_invalid_len"", ""type"": ""str""}, {""name"": ""pkts_replay_rollover_send"", ""type"": ""str""}, {""name"": ""pkts_replay_rollover_recv"", ""type"": ""str""}, {""name"": ""pkts_replay_failed"", ""type"": ""str""}, {""name"": ""pkts_tagged"", ""type"": ""str""}, {""name"": ""pkts_untagged"", ""type"": ""str""}, {""name"": ""pkts_not_tagged"", ""type"": ""str""}, {""name"": ""pkts_not_untagged"", ""type"": ""str""}, {""name"": ""pkts_internal_err_send"", ""type"": ""str""}, {""name"": ""pkts_internal_err_recv"", ""type"": ""str""}, {""name"": ""local_crypto_endpt"", ""type"": ""str""}, {""name"": ""remote_crypto_endpt"", ""type"": ""str""}, {""name"": ""plaintext_mtu"", ""type"": ""str""}, {""name"": ""path_mtu"", ""type"": ""str""}, {""name"": ""ip_mtu"", ""type"": ""str""}, {""name"": ""ip_mtu_idb"", ""type"": ""str""}, {""name"": ""current_outbound_spi_hex"", ""type"": ""str""}, {""name"": ""current_outbound_spi_dec"", ""type"": ""str""}, {""name"": ""pfs"", ""type"": ""str""}, {""name"": ""dh_group"", ""type"": ""str""}, {""name"": ""sa_orientation"", ""type"": ""str""}, {""name"": ""sa_type"", ""type"": ""str""}, {""name"": ""sa_spi_hex"", ""type"": ""str""}, {""name"": ""sa_spi_dec"", ""type"": ""str""}, {""name"": ""sa_transform"", ""type"": ""str""}, {""name"": ""sa_in_use_settings"", ""type"": ""str""}, {""name"": ""sa_conn_id"", ""type"": ""str""}, {""name"": ""sa_flow_id"", ""type"": ""str""}, {""name"": ""sa_sibling_flags"", ""type"": ""str""}, {""name"": ""sa_crypto_map"", ""type"": ""str""}, {""name"": ""sa_lifetime_kbytes"", ""type"": ""str""}, {""name"": ""sa_lifetime_sec"", ""type"": ""str""}, {""name"": ""sa_iv_size"", ""type"": ""str""}, {""name"": ""sa_replay_detection_support"", ""type"": ""str""}, {""name"": ""sa_replay_window_size"", ""type"": ""str""}, {""name"": ""sa_status"", ""type"": ""str""}]",TextFSM template: cisco_ios_show_crypto_ipsec_sa_detail.textfsm,2026-02-27T16:43:55.232384
textfsm,show crypto pki certificates,cisco_ios,"[{""name"": ""certificate_type"", ""type"": ""str""}, {""name"": ""status"", ""type"": ""str""}, {""name"": ""serial_number"", ""type"": ""str""}, {""name"": ""certificate_usage"", ""type"": ""str""}, {""name"": ""issuer_e"", ""type"": ""str""}, {""name"": ""issuer_cn"", ""type"": ""str""}, {""name"": ""issuer_ou"", ""type"": ""str""}, {""name"": ""issuer_o"", ""type"": ""str""}, {""name"": ""issuer_l"", ""type"": ""str""}, {""name"": ""issuer_st"", ""type"": ""str""}, {""name"": ""issuer_c"", ""type"": ""str""}, {""name"": ""subject_e"", ""type"": ""str""}, {""name"": ""subject_cn"", ""type"": ""str""}, {""name"": ""subject_ou"", ""type"": ""str""}, {""name"": ""subject_o"", ""type"": ""str""}, {""name"": ""subject_l"", ""type"": ""str""}, {""name"": ""subject_st"", ""type"": ""str""}, {""name"": ""subject_c"", ""type"": ""str""}, {""name"": ""subject_name"", ""type"": ""str""}, {""name"": ""subject_serial_number"", ""type"": ""str""}, {""name"": ""subject_hostname"", ""type"": ""str""}, {""name"": ""crl_distribution_point"", ""type"": ""str""}, {""name"": ""start_date"", ""type"": ""str""}, {""name"": ""end_date"", ""type"": ""str""}, {""name"": ""renew_date"", ""type"": ""str""}, {""name"": ""associated_trustpoints"", ""type"": ""str""}, {""name"": ""storage"", ""type"": ""str""}]",TextFSM template: cisco_ios_show_crypto_pki_certificates.textfsm,2026-02-27T16:43:55.232384
textfsm,show crypto session detail,cisco_ios,"[{""name"": ""interface"", ""type"": ""str""}, {""name"": ""session_status"", ""type"": ""str""}, {""name"": ""profile"", ""type"": ""str""}, {""name"": ""uptime"", ""type"": ""str""}, {""name"": ""peer"", ""type"": ""str""}, {""name"": ""port"", ""type"": ""str""}, {""name"": ""fvrf"", ""type"": ""str""}, {""name"": ""ivrf"", ""type"": ""str""}, {""name"": ""description"", ""type"": ""str""}, {""name"": ""phase1_id"", ""type"": ""str""}, {""name"": ""session_id"", ""type"": ""str""}, {""name"": ""local_ip"", ""type"": ""str""}, {""name"": ""local_port"", ""type"": ""str""}, {""name"": ""remote_ip"", ""type"": ""str""}, {""name"": ""remote_port"", ""type"": ""str""}, {""name"": ""ikev1_status"", ""type"": ""str""}, {""name"": ""capabilities"", ""type"": ""str""}, {""name"": ""conn_id"", ""type"": ""str""}, {""name"": ""lifetime"", ""type"": ""str""}, {""name"": ""permit"", ""type"": ""str""}, {""name"": ""src_host"", ""type"": ""str""}, {""name"": ""src_mask"", ""type"": ""str""}, {""name"": ""dst_host"", ""type"": ""str""}, {""name"": ""dst_mask"", ""type"": ""str""}, {""name"": ""active_sa"", ""type"": ""str""}, {""name"": ""origin"", ""type"": ""str""}]",TextFSM template: cisco_ios_show_crypto_session_detail.textfsm,2026-02-27T16:43:55.232384
textfsm,show cts credentials,cisco_ios,"[{""name"": ""device_id"", ""type"": ""str""}, {""name"": ""error"", ""type"": ""str""}]",TextFSM template: cisco_ios_show_cts_credentials.textfsm,2026-02-27T16:43:55.232384
textfsm,show cts pacs,cisco_ios,"[{""name"": ""aid"", ""type"": ""str""}, {""name"": ""pac_type"", ""type"": ""str""}, {""name"": ""initiator_id"", ""type"": ""str""}, {""name"": ""authenticator_id_info"", ""type"": ""str""}, {""name"": ""time"", ""type"": ""str""}, {""name"": ""timezone"", ""type"": ""str""}, {""name"": ""weekday"", ""type"": ""str""}, {""name"": ""month"", ""type"": ""str""}, {""name"": ""day"", ""type"": ""str""}, {""name"": ""year"", ""type"": ""str""}, {""name"": ""pac_opaque"", ""type"": ""str""}, {""name"": ""refresh_timer"", ""type"": ""str""}, {""name"": ""refresh_timer_stopped"", ""type"": ""str""}, {""name"": ""error"", ""type"": ""str""}, {""name"": ""seconds_waiting_for_server"", ""type"": ""str""}]",TextFSM template: cisco_ios_show_cts_pacs.textfsm,2026-02-27T16:43:55.232384
textfsm,show dhcp lease,cisco_ios,"[{""name"": ""ip_address"", ""type"": ""str""}, {""name"": ""netmask"", ""type"": ""str""}, {""name"": ""interface"", ""type"": ""str""}, {""name"": ""server"", ""type"": ""str""}, {""name"": ""state_id"", ""type"": ""str""}, {""name"": ""state"", ""type"": ""str""}, {""name"": ""transaction_id"", ""type"": ""str""}, {""name"": ""time_lease"", ""type"": ""str""}, {""name"": ""time_renewal"", ""type"": ""str""}, {""name"": ""time_rebound"", ""type"": ""str""}, {""name"": ""time_next_fire"", ""type"": ""str""}, {""name"": ""gateway"", ""type"": ""str""}, {""name"": ""retry_count"", ""type"": ""str""}, {""name"": ""client_id"", ""type"": ""str""}, {""name"": ""hostname"", ""type"": ""str""}]",TextFSM template: cisco_ios_show_dhcp_lease.textfsm,2026-02-27T16:43:55.232384
textfsm,show dmvpn,cisco_ios,"[{""name"": ""peer_nbma"", ""type"": ""str""}, {""name"": ""peer_tunnel"", ""type"": ""str""}, {""name"": ""state"", ""type"": ""str""}, {""name"": ""uptime"", ""type"": ""str""}, {""name"": ""attribute"", ""type"": ""str""}]",TextFSM template: cisco_ios_show_dmvpn.textfsm,2026-02-27T16:43:55.232384
textfsm,show dot1x all,cisco_ios,"[{""name"": ""sysauthcontrol"", ""type"": ""str""}, {""name"": ""dot1xversion"", ""type"": ""str""}, {""name"": ""critical_recovery_delay"", ""type"": ""str""}, {""name"": ""critical_eapol"", ""type"": ""str""}, {""name"": ""interface"", ""type"": ""str""}, {""name"": ""pae"", ""type"": ""str""}, {""name"": ""portcontrol"", ""type"": ""str""}, {""name"": ""controldirection"", ""type"": ""str""}, {""name"": ""hostmode"", ""type"": ""str""}, {""name"": ""reauthentication"", ""type"": ""str""}, {""name"": ""quietperiod"", ""type"": ""str""}, {""name"": ""servertimeout"", ""type"": ""str""}, {""name"": ""supptimeout"", ""type"": ""str""}, {""name"": ""reauthperiod"", ""type"": ""str""}, {""name"": ""reauthmax"", ""type"": ""str""}, {""name"": ""masreq"", ""type"": ""str""}, {""name"": ""txperiod"", ""type"": ""str""}, {""name"": ""ratelimitperiod"", ""type"": ""str""}]",TextFSM template: cisco_ios_show_dot1x_all.textfsm,2026-02-27T16:43:55.232384
textfsm,show environment power all,cisco_ios,"[{""name"": ""ps_module"", ""type"": ""str""}, {""name"": ""pid"", ""type"": ""str""}, {""name"": ""serial"", ""type"": ""str""}, {""name"": ""status"", ""type"": ""str""}, {""name"": ""sys_pwr"", ""type"": ""str""}, {""name"": ""poe_pwr"", ""type"": ""str""}, {""name"": ""watts"", ""type"": ""str""}]",TextFSM template: cisco_ios_show_environment_power_all.textfsm,2026-02-27T16:43:55.232384
textfsm,show environment temperature,cisco_ios,"[{""name"": ""switch"", ""type"": ""str""}, {""name"": ""switch_temperature"", ""type"": ""str""}, {""name"": ""inlet_temperature_value"", ""type"": ""str""}, {""name"": ""inlet_temperature_state"", ""type"": ""str""}, {""name"": ""inlet_yellow_threshold"", ""type"": ""str""}, {""name"": ""inlet_red_threshold"", ""type"": ""str""}, {""name"": ""hotspot_temperature_value"", ""type"": ""str""}, {""name"": ""hotspot_temperature_state"", ""type"": ""str""}, {""name"": ""hotspot_yellow_threshold"", ""type"": ""str""}, {""name"": ""hotspot_red_threshold"", ""type"": ""str""}]",TextFSM template: cisco_ios_show_environment_temperature.textfsm,2026-02-27T16:43:55.232384
textfsm,show etherchannel summary,cisco_ios,"[{""name"": ""group"", ""type"": ""str""}, {""name"": ""bundle_name"", ""type"": ""str""}, {""name"": ""bundle_status"", ""type"": ""str""}, {""name"": ""bundle_protocol"", ""type"": ""str""}, {""name"": ""member_interface"", ""type"": ""str""}, {""name"": ""member_interface_status"", ""type"": ""str""}]",TextFSM template: cisco_ios_show_etherchannel_summary.textfsm,2026-02-27T16:43:55.232384
textfsm,show file systems,cisco_ios,"[{""name"": ""size"", ""type"": ""str""}, {""name"": ""free"", ""type"": ""str""}, {""name"": ""type"", ""type"": ""str""}, {""name"": ""flags"", ""type"": ""str""}, {""name"": ""prefixes"", ""type"": ""str""}]",TextFSM template: cisco_ios_show_file_systems.textfsm,2026-02-27T16:43:55.232384
textfsm,show hosts summary,cisco_ios,"[{""name"": ""default_domain"", ""type"": ""str""}, {""name"": ""name_servers"", ""type"": ""str""}, {""name"": ""local_cache_entries"", ""type"": ""str""}, {""name"": ""dynamic_cache_entries"", ""type"": ""str""}]",TextFSM template: cisco_ios_show_hosts_summary.textfsm,2026-02-27T16:43:55.232384
textfsm,show interface link,cisco_ios,"[{""name"": ""port"", ""type"": ""str""}, {""name"": ""name"", ""type"": ""str""}, {""name"": ""downtime"", ""type"": ""str""}, {""name"": ""since"", ""type"": ""str""}, {""name"": ""uptime"", ""type"": ""str""}]",TextFSM template: cisco_ios_show_interface_link.textfsm,2026-02-27T16:43:55.232384
textfsm,show interface transceiver,cisco_ios,"[{""name"": ""interface"", ""type"": ""str""}, {""name"": ""temperature"", ""type"": ""str""}, {""name"": ""voltage"", ""type"": ""str""}, {""name"": ""current"", ""type"": ""str""}, {""name"": ""tx_pwr"", ""type"": ""str""}, {""name"": ""rx_pwr"", ""type"": ""str""}]",TextFSM template: cisco_ios_show_interface_transceiver.textfsm,2026-02-27T16:43:55.232384
textfsm,show interfaces,cisco_ios,"[{""name"": ""interface"", ""type"": ""str""}, {""name"": ""link_status"", ""type"": ""str""}, {""name"": ""protocol_status"", ""type"": ""str""}, {""name"": ""hardware_type"", ""type"": ""str""}, {""name"": ""mac_address"", ""type"": ""str""}, {""name"": ""bia"", ""type"": ""str""}, {""name"": ""description"", ""type"": ""str""}, {""name"": ""ip_address"", ""type"": ""str""}, {""name"": ""prefix_length"", ""type"": ""str""}, {""name"": ""mtu"", ""type"": ""str""}, {""name"": ""duplex"", ""type"": ""str""}, {""name"": ""speed"", ""type"": ""str""}, {""name"": ""media_type"", ""type"": ""str""}, {""name"": ""bandwidth"", ""type"": ""str""}, {""name"": ""delay"", ""type"": ""str""}, {""name"": ""encapsulation"", ""type"": ""str""}, {""name"": ""last_input"", ""type"": ""str""}, {""name"": ""last_output"", ""type"": ""str""}, {""name"": ""last_output_hang"", ""type"": ""str""}, {""name"": ""queue_strategy"", ""type"": ""str""}, {""name"": ""input_rate"", ""type"": ""str""}, {""name"": ""output_rate"", ""type"": ""str""}, {""name"": ""input_pps"", ""type"": ""str""}, {""name"": ""output_pps"", ""type"": ""str""}, {""name"": ""input_packets"", ""type"": ""str""}, {""name"": ""output_packets"", ""type"": ""str""}, {""name"": ""runts"", ""type"": ""str""}, {""name"": ""giants"", ""type"": ""str""}, {""name"": ""input_errors"", ""type"": ""str""}, {""name"": ""crc"", ""type"": ""str""}, {""name"": ""frame"", ""type"": ""str""}, {""name"": ""overrun"", ""type"": ""str""}, {""name"": ""abort"", ""type"": ""str""}, {""name"": ""output_errors"", ""type"": ""str""}, {""name"": ""vlan_id"", ""type"": ""str""}, {""name"": ""vlan_id_inner"", ""type"": ""str""}, {""name"": ""vlan_id_outer"", ""type"": ""str""}, {""name"": ""queue_size"", ""type"": ""str""}, {""name"": ""queue_max"", ""type"": ""str""}, {""name"": ""queue_drops"", ""type"": ""str""}, {""name"": ""queue_flushes"", ""type"": ""str""}, {""name"": ""queue_output_drops"", ""type"": ""str""}]",TextFSM template: cisco_ios_show_interfaces.textfsm,2026-02-27T16:43:55.232384
textfsm,show interfaces description,cisco_ios,"[{""name"": ""port"", ""type"": ""str""}, {""name"": ""status"", ""type"": ""str""}, {""name"": ""protocol"", ""type"": ""str""}, {""name"": ""description"", ""type"": ""str""}]",TextFSM template: cisco_ios_show_interfaces_description.textfsm,2026-02-27T16:43:55.232384
textfsm,show interfaces status,cisco_ios,"[{""name"": ""port"", ""type"": ""str""}, {""name"": ""name"", ""type"": ""str""}, {""name"": ""status"", ""type"": ""str""}, {""name"": ""vlan_id"", ""type"": ""str""}, {""name"": ""duplex"", ""type"": ""str""}, {""name"": ""speed"", ""type"": ""str""}, {""name"": ""type"", ""type"": ""str""}, {""name"": ""fc_mode"", ""type"": ""str""}]",TextFSM template: cisco_ios_show_interfaces_status.textfsm,2026-02-27T16:43:55.232384
textfsm,show interfaces switchport,cisco_ios,"[{""name"": ""interface"", ""type"": ""str""}, {""name"": ""switchport"", ""type"": ""str""}, {""name"": ""switchport_monitor"", ""type"": ""str""}, {""name"": ""switchport_negotiation"", ""type"": ""str""}, {""name"": ""mode"", ""type"": ""str""}, {""name"": ""admin_mode"", ""type"": ""str""}, {""name"": ""access_vlan"", ""type"": ""str""}, {""name"": ""native_vlan"", ""type"": ""str""}, {""name"": ""voice_vlan"", ""type"": ""str""}, {""name"": ""trunking_vlans"", ""type"": ""str""}]",TextFSM template: cisco_ios_show_interfaces_switchport.textfsm,2026-02-27T16:43:55.232384
textfsm,show inventory,cisco_ios,"[{""name"": ""name"", ""type"": ""str""}, {""name"": ""descr"", ""type"": ""str""}, {""name"": ""pid"", ""type"": ""str""}, {""name"": ""vid"", ""type"": ""str""}, {""name"": ""sn"", ""type"": ""str""}]",TextFSM template: cisco_ios_show_inventory.textfsm,2026-02-27T16:43:55.232384
textfsm,show ip access-lists,cisco_ios,"[{""name"": ""required"", ""type"": ""str""}, {""name"": ""required"", ""type"": ""str""}, {""name"": ""line_num"", ""type"": ""str""}, {""name"": ""action"", ""type"": ""str""}, {""name"": ""protocol"", ""type"": ""str""}, {""name"": ""src_host"", ""type"": ""str""}, {""name"": ""src_any"", ""type"": ""str""}, {""name"": ""src_network"", ""type"": ""str""}, {""name"": ""src_wildcard"", ""type"": ""str""}, {""name"": ""src_network_object_group_name"", ""type"": ""str""}, {""name"": ""src_port_match"", ""type"": ""str""}, {""name"": ""src_port"", ""type"": ""str""}, {""name"": ""src_port_range_start"", ""type"": ""str""}, {""name"": ""src_port_range_end"", ""type"": ""str""}, {""name"": ""dst_host"", ""type"": ""str""}, {""name"": ""dst_any"", ""type"": ""str""}, {""name"": ""dst_network"", ""type"": ""str""}, {""name"": ""dst_wildcard"", ""type"": ""str""}, {""name"": ""dst_network_object_group_name"", ""type"": ""str""}, {""name"": ""dst_port_match"", ""type"": ""str""}, {""name"": ""dst_port"", ""type"": ""str""}, {""name"": ""dst_port_range_start"", ""type"": ""str""}, {""name"": ""dst_port_range_end"", ""type"": ""str""}, {""name"": ""service_object_group_name"", ""type"": ""str""}, {""name"": ""flags_match"", ""type"": ""str""}, {""name"": ""tcp_flag"", ""type"": ""str""}, {""name"": ""log"", ""type"": ""str""}, {""name"": ""log_tag"", ""type"": ""str""}, {""name"": ""icmp_type"", ""type"": ""str""}, {""name"": ""time"", ""type"": ""str""}, {""name"": ""state"", ""type"": ""str""}, {""name"": ""matches"", ""type"": ""str""}]",TextFSM template: cisco_ios_show_ip_access-lists.textfsm,2026-02-27T16:43:55.232384
textfsm,show ip arp,cisco_ios,"[{""name"": ""protocol"", ""type"": ""str""}, {""name"": ""ip_address"", ""type"": ""str""}, {""name"": ""age"", ""type"": ""str""}, {""name"": ""mac_address"", ""type"": ""str""}, {""name"": ""type"", ""type"": ""str""}, {""name"": ""interface"", ""type"": ""str""}]",TextFSM template: cisco_ios_show_ip_arp.textfsm,2026-02-27T16:43:55.232384
textfsm,show ip bgp,cisco_ios,"[{""name"": ""status"", ""type"": ""str""}, {""name"": ""path_selection"", ""type"": ""str""}, {""name"": ""route_source"", ""type"": ""str""}, {""name"": ""network"", ""type"": ""str""}, {""name"": ""next_hop"", ""type"": ""str""}, {""name"": ""metric"", ""type"": ""str""}, {""name"": ""local_pref"", ""type"": ""str""}, {""name"": ""weight"", ""type"": ""str""}, {""name"": ""as_path"", ""type"": ""str""}, {""name"": ""origin"", ""type"": ""str""}]",TextFSM template: cisco_ios_show_ip_bgp.textfsm,2026-02-27T16:43:55.232384
textfsm,show ip bgp neighbors,cisco_ios,"[{""name"": ""neighbor"", ""type"": ""str""}, {""name"": ""vrf"", ""type"": ""str""}, {""name"": ""remote_as"", ""type"": ""str""}, {""name"": ""peer_group"", ""type"": ""str""}, {""name"": ""remote_router_id"", ""type"": ""str""}, {""name"": ""bgp_state"", ""type"": ""str""}, {""name"": ""localhost_ip"", ""type"": ""str""}, {""name"": ""localhost_port"", ""type"": ""str""}, {""name"": ""remote_ip"", ""type"": ""str""}, {""name"": ""remote_port"", ""type"": ""str""}, {""name"": ""inbound_routemap"", ""type"": ""str""}, {""name"": ""outbound_routemap"", ""type"": ""str""}]",TextFSM template: cisco_ios_show_ip_bgp_neighbors.textfsm,2026-02-27T16:43:55.232384
textfsm,show ip bgp neighbors advertised-routes,cisco_ios,"[{""name"": ""status"", ""type"": ""str""}, {""name"": ""path_selection"", ""type"": ""str""}, {""name"": ""route_source"", ""type"": ""str""}, {""name"": ""network"", ""type"": ""str""}, {""name"": ""next_hop"", ""type"": ""str""}, {""name"": ""metric"", ""type"": ""str""}, {""name"": ""local_pref"", ""type"": ""str""}, {""name"": ""weight"", ""type"": ""str""}, {""name"": ""as_path"", ""type"": ""str""}, {""name"": ""origin"", ""type"": ""str""}]",TextFSM template: cisco_ios_show_ip_bgp_neighbors_advertised-routes.textfsm,2026-02-27T16:43:55.232384
textfsm,show ip bgp summary,cisco_ios,"[{""name"": ""filldown"", ""type"": ""str""}, {""name"": ""local_as"", ""type"": ""str""}, {""name"": ""address_family"", ""type"": ""str""}, {""name"": ""bgp_neighbor"", ""type"": ""str""}, {""name"": ""bgp_version"", ""type"": ""str""}, {""name"": ""neighbor_as"", ""type"": ""str""}, {""name"": ""messages_received"", ""type"": ""str""}, {""name"": ""messages_sent"", ""type"": ""str""}, {""name"": ""table_version"", ""type"": ""str""}, {""name"": ""input_queue"", ""type"": ""str""}, {""name"": ""output_queue"", ""type"": ""str""}, {""name"": ""up_down"", ""type"": ""str""}, {""name"": ""state_or_prefixes_received"", ""type"": ""str""}]",TextFSM template: cisco_ios_show_ip_bgp_summary.textfsm,2026-02-27T16:43:55.232384
textfsm,show ip bgp vpnv4 all neighbors,cisco_ios,"[{""name"": ""neighbor"", ""type"": ""str""}, {""name"": ""vrf"", ""type"": ""str""}, {""name"": ""remote_as"", ""type"": ""str""}, {""name"": ""local_as"", ""type"": ""str""}, {""name"": ""description"", ""type"": ""str""}, {""name"": ""peer_group"", ""type"": ""str""}, {""name"": ""remote_router_id"", ""type"": ""str""}, {""name"": ""bgp_state"", ""type"": ""str""}, {""name"": ""localhost_ip"", ""type"": ""str""}, {""name"": ""localhost_port"", ""type"": ""str""}, {""name"": ""remote_ip"", ""type"": ""str""}, {""name"": ""remote_port"", ""type"": ""str""}, {""name"": ""inbound_routemap"", ""type"": ""str""}, {""name"": ""outbound_routemap"", ""type"": ""str""}]",TextFSM template: cisco_ios_show_ip_bgp_vpnv4_all_neighbors.textfsm,2026-02-27T16:43:55.232384
