source_type,source_name,platform,fields,description,updated_at
textfsm,show chassis,alcatel_aos,"[{""name"": ""chassis_id"", ""type"": ""str""}, {""name"": ""model_name"", ""type"": ""str""}, {""name"": ""module_type"", ""type"": ""str""}, {""name"": ""description"", ""type"": ""str""}, {""name"": ""part_number"", ""type"": ""str""}, {""name"": ""hardware_revision"", ""type"": ""str""}, {""name"": ""serial_number"", ""type"": ""str""}, {""name"": ""manufacture_date"", ""type"": ""str""}, {""name"": ""admin_status"", ""type"": ""str""}, {""name"": ""operational_status"", ""type"": ""str""}, {""name"": ""number_of_resets"", ""type"": ""str""}, {""name"": ""mac_address"", ""type"": ""str""}]",TextFSM template: alcatel_aos_show_chassis.textfsm,2026-02-27T18:04:42.313900
textfsm,show interfaces alias,alcatel_aos,"[{""name"": ""port"", ""type"": ""str""}, {""name"": ""admin_status"", ""type"": ""str""}, {""name"": ""link_status"", ""type"": ""str""}, {""name"": ""wait_to_restore"", ""type"": ""str""}, {""name"": ""wait_to_shutdown"", ""type"": ""str""}, {""name"": ""alias"", ""type"": ""str""}]",TextFSM template: alcatel_aos_show_interfaces_alias.textfsm,2026-02-27T18:04:42.313900
textfsm,show interfaces ethernet,alcatel_aos,"[{""name"": ""port"", ""type"": ""str""}, {""name"": ""status"", ""type"": ""str""}, {""name"": ""admin_status"", ""type"": ""str""}, {""name"": ""port_down_violation_reason"", ""type"": ""str""}, {""name"": ""last_time_link_changed"", ""type"": ""str""}, {""name"": ""number_of_status_change"", ""type"": ""str""}, {""name"": ""port_type"", ""type"": ""str""}, {""name"": ""sfp_xfp"", ""type"": ""str""}, {""name"": ""interface_type"", ""type"": ""str""}, {""name"": ""ethernet_power_policy"", ""type"": ""str""}, {""name"": ""link_quality"", ""type"": ""str""}, {""name"": ""mac_address"", ""type"": ""str""}, {""name"": ""bandwidth"", ""type"": ""str""}, {""name"": ""duplex"", ""type"": ""str""}, {""name"": ""autonegotiation"", ""type"": ""str""}, {""name"": ""long_frame_size"", ""type"": ""str""}, {""name"": ""inter_frame_gap"", ""type"": ""str""}, {""name"": ""loopback_mode"", ""type"": ""str""}, {""name"": ""rx_bytes_received"", ""type"": ""str""}, {""name"": ""rx_broadcast_frames"", ""type"": ""str""}, {""name"": ""rx_undersize_frames"", ""type"": ""str""}, {""name"": ""rx_lost_frames"", ""type"": ""str""}, {""name"": ""rx_crc_error_frames"", ""type"": ""str""}, {""name"": ""rx_unicast_frames"", ""type"": ""str""}, {""name"": ""rx_multicast_frames"", ""type"": ""str""}, {""name"": ""rx_oversize_frames"", ""type"": ""str""}, {""name"": ""rx_error_frames"", ""type"": ""str""}, {""name"": ""rx_alignment_errors"", ""type"": ""str""}, {""name"": ""tx_bytes_transmitted"", ""type"": ""str""}, {""name"": ""tx_broadcast_frames"", ""type"": ""str""}, {""name"": ""tx_undersize_frames"", ""type"": ""str""}, {""name"": ""tx_lost_frames"", ""type"": ""str""}, {""name"": ""tx_error_frames"", ""type"": ""str""}, {""name"": ""tx_unicast_frames"", ""type"": ""str""}, {""name"": ""tx_multicast_frames"", ""type"": ""str""}, {""name"": ""tx_oversize_frames"", ""type"": ""str""}, {""name"": ""tx_collided_frames"", ""type"": ""str""}, {""name"": ""tx_collisions"", ""type"": ""str""}, {""name"": ""tx_late_collisions"", ""type"": ""str""}, {""name"": ""tx_excessive_collisions"", ""type"": ""str""}]",TextFSM template: alcatel_aos_show_interfaces_ethernet.textfsm,2026-02-27T18:04:42.313900
textfsm,show interfaces port,alcatel_aos,"[{""name"": ""port"", ""type"": ""str""}, {""name"": ""permanent_shutdown"", ""type"": ""str""}, {""name"": ""admin_status"", ""type"": ""str""}, {""name"": ""link_status"", ""type"": ""str""}, {""name"": ""violations"", ""type"": ""str""}, {""name"": ""recovery_time"", ""type"": ""str""}, {""name"": ""recovery_max"", ""type"": ""str""}, {""name"": ""wtr_running"", ""type"": ""str""}, {""name"": ""wtr_time"", ""type"": ""str""}, {""name"": ""wait_to_shutdown"", ""type"": ""str""}, {""name"": ""alias"", ""type"": ""str""}]",TextFSM template: alcatel_aos_show_interfaces_port.textfsm,2026-02-27T18:04:42.313900
textfsm,show interfaces status,alcatel_aos,"[{""name"": ""port"", ""type"": ""str""}, {""name"": ""admin_status"", ""type"": ""str""}, {""name"": ""auto_negotiation"", ""type"": ""str""}, {""name"": ""detected_speed"", ""type"": ""str""}, {""name"": ""detected_duplex"", ""type"": ""str""}, {""name"": ""detected_hybrid"", ""type"": ""str""}, {""name"": ""detected_pause"", ""type"": ""str""}, {""name"": ""detected_fec"", ""type"": ""str""}, {""name"": ""configured_speed"", ""type"": ""str""}, {""name"": ""configured_duplex"", ""type"": ""str""}, {""name"": ""configured_hybrid"", ""type"": ""str""}, {""name"": ""configured_pause"", ""type"": ""str""}, {""name"": ""configured_fec"", ""type"": ""str""}, {""name"": ""link_trap"", ""type"": ""str""}, {""name"": ""energy_efficient_ethernet"", ""type"": ""str""}]",TextFSM template: alcatel_aos_show_interfaces_status.textfsm,2026-02-27T18:04:42.313900
textfsm,show linkagg alias,alcatel_aos,"[{""name"": ""number"", ""type"": ""str""}, {""name"": ""aggregate"", ""type"": ""str""}, {""name"": ""size"", ""type"": ""str""}, {""name"": ""admin_state"", ""type"": ""str""}, {""name"": ""operational_state"", ""type"": ""str""}, {""name"": ""n_attached_ports"", ""type"": ""str""}, {""name"": ""n_possible_ports"", ""type"": ""str""}, {""name"": ""name"", ""type"": ""str""}]",TextFSM template: alcatel_aos_show_linkagg_alias.textfsm,2026-02-27T18:04:42.313900
textfsm,show linkagg port,alcatel_aos,"[{""name"": ""interface"", ""type"": ""str""}, {""name"": ""aggregate_type"", ""type"": ""str""}, {""name"": ""snmp_id"", ""type"": ""str""}, {""name"": ""status"", ""type"": ""str""}, {""name"": ""aggregate"", ""type"": ""str""}, {""name"": ""operational_status"", ""type"": ""str""}, {""name"": ""link_status"", ""type"": ""str""}, {""name"": ""primary"", ""type"": ""str""}]",TextFSM template: alcatel_aos_show_linkagg_port.textfsm,2026-02-27T18:04:42.313900
textfsm,show lldp remote-system,alcatel_aos,"[{""name"": ""local_interface"", ""type"": ""str""}, {""name"": ""chassis_id"", ""type"": ""str""}, {""name"": ""mac_address"", ""type"": ""str""}, {""name"": ""remote_id"", ""type"": ""str""}, {""name"": ""chassis_subtype"", ""type"": ""str""}, {""name"": ""port_subtype"", ""type"": ""str""}, {""name"": ""neighbor_interface"", ""type"": ""str""}, {""name"": ""neighbor_name"", ""type"": ""str""}, {""name"": ""neighbor_description"", ""type"": ""str""}, {""name"": ""capabilities_supported"", ""type"": ""str""}, {""name"": ""capabilities_enabled"", ""type"": ""str""}, {""name"": ""mgmt_address"", ""type"": ""str""}, {""name"": ""med_device_type"", ""type"": ""str""}, {""name"": ""med_capabilities"", ""type"": ""str""}, {""name"": ""med_extension_tlvs_present"", ""type"": ""str""}, {""name"": ""power_device_type"", ""type"": ""str""}, {""name"": ""power_source"", ""type"": ""str""}, {""name"": ""power_priority"", ""type"": ""str""}, {""name"": ""power_requested"", ""type"": ""str""}, {""name"": ""remote_port_mac_phy_autoneg"", ""type"": ""str""}, {""name"": ""vlan_id"", ""type"": ""str""}, {""name"": ""protocol_vlan_id"", ""type"": ""str""}, {""name"": ""vlan_name"", ""type"": ""str""}, {""name"": ""mau_type"", ""type"": ""str""}]",TextFSM template: alcatel_aos_show_lldp_remote-system.textfsm,2026-02-27T18:04:42.313900
textfsm,show mac-address-table,alcatel_aos,"[{""name"": ""vlan_id"", ""type"": ""str""}, {""name"": ""address_not_valid"", ""type"": ""str""}, {""name"": ""domain"", ""type"": ""str""}, {""name"": ""mac"", ""type"": ""str""}, {""name"": ""type"", ""type"": ""str""}, {""name"": ""protocol"", ""type"": ""str""}, {""name"": ""operation"", ""type"": ""str""}, {""name"": ""interface"", ""type"": ""str""}]",TextFSM template: alcatel_aos_show_mac-address-table.textfsm,2026-02-27T18:04:42.313900
textfsm,show port-security,alcatel_aos,"[{""name"": ""port"", ""type"": ""str""}, {""name"": ""operation_mode"", ""type"": ""str""}, {""name"": ""admin_state"", ""type"": ""str""}, {""name"": ""max_mac_bridged"", ""type"": ""str""}, {""name"": ""trap_threshold"", ""type"": ""str""}, {""name"": ""max_mac_filtered"", ""type"": ""str""}, {""name"": ""violation_type"", ""type"": ""str""}, {""name"": ""violation_mac"", ""type"": ""str""}, {""name"": ""pkt_relay"", ""type"": ""str""}]",TextFSM template: alcatel_aos_show_port-security.textfsm,2026-02-27T18:04:42.313900
textfsm,show system,alcatel_aos,"[{""name"": ""description"", ""type"": ""str""}, {""name"": ""object_id"", ""type"": ""str""}, {""name"": ""uptime"", ""type"": ""str""}, {""name"": ""contact"", ""type"": ""str""}, {""name"": ""name"", ""type"": ""str""}, {""name"": ""location"", ""type"": ""str""}, {""name"": ""services"", ""type"": ""str""}, {""name"": ""datetime"", ""type"": ""str""}, {""name"": ""available"", ""type"": ""str""}, {""name"": ""comments"", ""type"": ""str""}]",TextFSM template: alcatel_aos_show_system.textfsm,2026-02-27T18:04:42.313900
textfsm,show vlan,alcatel_aos,"[{""name"": ""vlan_id"", ""type"": ""str""}, {""name"": ""type"", ""type"": ""str""}, {""name"": ""admin_state"", ""type"": ""str""}, {""name"": ""operational_state"", ""type"": ""str""}, {""name"": ""spanning_tree_1x1"", ""type"": ""str""}, {""name"": ""spanning_tree_flat"", ""type"": ""str""}, {""name"": ""auth"", ""type"": ""str""}, {""name"": ""ip_state"", ""type"": ""str""}, {""name"": ""mbletag"", ""type"": ""str""}, {""name"": ""source_learn"", ""type"": ""str""}, {""name"": ""mtu"", ""type"": ""str""}, {""name"": ""vlan_name"", ""type"": ""str""}]",TextFSM template: alcatel_aos_show_vlan.textfsm,2026-02-27T18:04:42.313900
textfsm,show vlan port,alcatel_aos,"[{""name"": ""vlan_id"", ""type"": ""str""}, {""name"": ""port"", ""type"": ""str""}, {""name"": ""type"", ""type"": ""str""}, {""name"": ""status"", ""type"": ""str""}]",TextFSM template: alcatel_aos_show_vlan_port.textfsm,2026-02-27T18:04:42.313900
textfsm,oam mac-ping,alcatel_sros,"[{""name"": ""router"", ""type"": ""str""}, {""name"": ""port"", ""type"": ""str""}, {""name"": ""tag"", ""type"": ""str""}]",TextFSM template: alcatel_sros_oam_mac-ping.textfsm,2026-02-27T18:04:42.313900
textfsm,ping,alcatel_sros,"[{""name"": ""destination"", ""type"": ""str""}, {""name"": ""sent_qty"", ""type"": ""str""}, {""name"": ""success_qty"", ""type"": ""str""}, {""name"": ""loss_pct"", ""type"": ""str""}, {""name"": ""response_stream"", ""type"": ""str""}, {""name"": ""duplicate_qty"", ""type"": ""str""}, {""name"": ""bounce_qty"", ""type"": ""str""}, {""name"": ""rtt_avg"", ""type"": ""str""}, {""name"": ""rtt_max"", ""type"": ""str""}, {""name"": ""rtt_min"", ""type"": ""str""}, {""name"": ""std_dev"", ""type"": ""str""}, {""name"": ""pkt_size"", ""type"": ""str""}]",TextFSM template: alcatel_sros_ping.textfsm,2026-02-27T18:04:42.313900
textfsm,show lag,alcatel_sros,"[{""name"": ""lag_id"", ""type"": ""str""}, {""name"": ""adm"", ""type"": ""str""}, {""name"": ""opr"", ""type"": ""str""}, {""name"": ""weighted"", ""type"": ""str""}, {""name"": ""threshold"", ""type"": ""str""}, {""name"": ""up_count"", ""type"": ""str""}, {""name"": ""mc_act_stdby"", ""type"": ""str""}]",TextFSM template: alcatel_sros_show_lag.textfsm,2026-02-27T18:04:42.313900
textfsm,show lag port,alcatel_sros,"[{""name"": ""lag_id"", ""type"": ""str""}, {""name"": ""port_id"", ""type"": ""str""}, {""name"": ""admin_status"", ""type"": ""str""}, {""name"": ""active_status"", ""type"": ""str""}, {""name"": ""operational_status"", ""type"": ""str""}, {""name"": ""primary"", ""type"": ""str""}, {""name"": ""sub_group"", ""type"": ""str""}, {""name"": ""forced"", ""type"": ""str""}, {""name"": ""priority"", ""type"": ""str""}]",TextFSM template: alcatel_sros_show_lag_port.textfsm,2026-02-27T18:04:42.313900
textfsm,show port,alcatel_sros,"[{""name"": ""port_id"", ""type"": ""str""}, {""name"": ""admin_state"", ""type"": ""str""}, {""name"": ""link"", ""type"": ""str""}, {""name"": ""port_state"", ""type"": ""str""}, {""name"": ""cfg_mtu"", ""type"": ""str""}, {""name"": ""oper_mtu"", ""type"": ""str""}, {""name"": ""lag"", ""type"": ""str""}, {""name"": ""port_mode"", ""type"": ""str""}, {""name"": ""port_encp"", ""type"": ""str""}, {""name"": ""port_type"", ""type"": ""str""}, {""name"": ""c_qs_s_xfp_mdimdx"", ""type"": ""str""}]",TextFSM template: alcatel_sros_show_port.textfsm,2026-02-27T18:04:42.313900
textfsm,show port description,alcatel_sros,"[{""name"": ""port_id"", ""type"": ""str""}, {""name"": ""description"", ""type"": ""str""}]",TextFSM template: alcatel_sros_show_port_description.textfsm,2026-02-27T18:04:42.313900
textfsm,show router bgp routes vpn-ipv4,alcatel_sros,"[{""name"": ""in_out_use"", ""type"": ""str""}, {""name"": ""rd"", ""type"": ""str""}, {""name"": ""network"", ""type"": ""str""}, {""name"": ""prefix_length"", ""type"": ""str""}, {""name"": ""local_pref"", ""type"": ""str""}, {""name"": ""med"", ""type"": ""str""}, {""name"": ""next_hop"", ""type"": ""str""}, {""name"": ""path_id"", ""type"": ""str""}, {""name"": ""label"", ""type"": ""str""}, {""name"": ""as_path"", ""type"": ""str""}]",TextFSM template: alcatel_sros_show_router_bgp_routes_vpn-ipv4.textfsm,2026-02-27T18:04:42.313900
textfsm,show router bgp summary family,alcatel_sros,"[{""name"": ""neighbor"", ""type"": ""str""}, {""name"": ""as"", ""type"": ""str""}, {""name"": ""pktrcvd"", ""type"": ""str""}, {""name"": ""pktsent"", ""type"": ""str""}, {""name"": ""inq"", ""type"": ""str""}, {""name"": ""outq"", ""type"": ""str""}, {""name"": ""up_down"", ""type"": ""str""}, {""name"": ""state"", ""type"": ""str""}, {""name"": ""rcv"", ""type"": ""str""}, {""name"": ""act"", ""type"": ""str""}, {""name"": ""sent"", ""type"": ""str""}]",TextFSM template: alcatel_sros_show_router_bgp_summary_family.textfsm,2026-02-27T18:04:42.313900
textfsm,show router interface,alcatel_sros,"[{""name"": ""interface"", ""type"": ""str""}, {""name"": ""admin_state"", ""type"": ""str""}, {""name"": ""oper_state_v4"", ""type"": ""str""}, {""name"": ""oper_state_v6"", ""type"": ""str""}, {""name"": ""mode"", ""type"": ""str""}, {""name"": ""port_sap_id"", ""type"": ""str""}, {""name"": ""ip_address"", ""type"": ""str""}, {""name"": ""pfx_state"", ""type"": ""str""}]",TextFSM template: alcatel_sros_show_router_interface.textfsm,2026-02-27T18:04:42.313900
textfsm,show router isis adjacency,alcatel_sros,"[{""name"": ""system_id"", ""type"": ""str""}, {""name"": ""usage"", ""type"": ""str""}, {""name"": ""state"", ""type"": ""str""}, {""name"": ""hold"", ""type"": ""str""}, {""name"": ""interface"", ""type"": ""str""}, {""name"": ""mt_id"", ""type"": ""str""}]",TextFSM template: alcatel_sros_show_router_isis_adjacency.textfsm,2026-02-27T18:04:42.313900
textfsm,show router isis interface,alcatel_sros,"[{""name"": ""interface"", ""type"": ""str""}, {""name"": ""level"", ""type"": ""str""}, {""name"": ""circid"", ""type"": ""str""}, {""name"": ""oper_state"", ""type"": ""str""}, {""name"": ""metric_l1"", ""type"": ""str""}, {""name"": ""metric_l2"", ""type"": ""str""}]",TextFSM template: alcatel_sros_show_router_isis_interface.textfsm,2026-02-27T18:04:42.313900
textfsm,show router ldp interface,alcatel_sros,"[{""name"": ""interface"", ""type"": ""str""}, {""name"": ""adm"", ""type"": ""str""}, {""name"": ""opr"", ""type"": ""str""}, {""name"": ""sub_interface"", ""type"": ""str""}, {""name"": ""sub_interface_adm"", ""type"": ""str""}, {""name"": ""sub_interface_opr"", ""type"": ""str""}, {""name"": ""hello_fctr"", ""type"": ""str""}, {""name"": ""holdtime"", ""type"": ""str""}, {""name"": ""ka_fctr"", ""type"": ""str""}, {""name"": ""ka_time"", ""type"": ""str""}, {""name"": ""transport_address"", ""type"": ""str""}]",TextFSM template: alcatel_sros_show_router_ldp_interface.textfsm,2026-02-27T18:04:42.313900
textfsm,show router mpls interface,alcatel_sros,"[{""name"": ""interface"", ""type"": ""str""}, {""name"": ""port"", ""type"": ""str""}, {""name"": ""admin_status"", ""type"": ""str""}, {""name"": ""oper_status_v4"", ""type"": ""str""}, {""name"": ""oper_status_v6"", ""type"": ""str""}, {""name"": ""te_metric"", ""type"": ""str""}]",TextFSM template: alcatel_sros_show_router_mpls_interface.textfsm,2026-02-27T18:04:42.313900
textfsm,show router mpls lsp,alcatel_sros,"[{""name"": ""lsp_name"", ""type"": ""str""}, {""name"": ""to"", ""type"": ""str""}, {""name"": ""tunnel_id"", ""type"": ""str""}, {""name"": ""fastfail_config"", ""type"": ""str""}, {""name"": ""admin_state"", ""type"": ""str""}, {""name"": ""oper_state"", ""type"": ""str""}]",TextFSM template: alcatel_sros_show_router_mpls_lsp.textfsm,2026-02-27T18:04:42.313900
textfsm,show router ospf interface,alcatel_sros,"[{""name"": ""interface"", ""type"": ""str""}, {""name"": ""area"", ""type"": ""str""}, {""name"": ""desig_rtr"", ""type"": ""str""}, {""name"": ""bkup_desig_rtr"", ""type"": ""str""}, {""name"": ""admin_state"", ""type"": ""str""}, {""name"": ""oper_state"", ""type"": ""str""}]",TextFSM template: alcatel_sros_show_router_ospf_interface.textfsm,2026-02-27T18:04:42.313900
textfsm,show router pim interface,alcatel_sros,"[{""name"": ""interface"", ""type"": ""str""}, {""name"": ""adm"", ""type"": ""str""}, {""name"": ""opr"", ""type"": ""str""}, {""name"": ""dr"", ""type"": ""str""}, {""name"": ""dr_prty"", ""type"": ""str""}, {""name"": ""hello_intvl"", ""type"": ""str""}, {""name"": ""mcast_send"", ""type"": ""str""}]",TextFSM template: alcatel_sros_show_router_pim_interface.textfsm,2026-02-27T18:04:42.313900
textfsm,show router rsvp interface,alcatel_sros,"[{""name"": ""interface"", ""type"": ""str""}, {""name"": ""total_sessions"", ""type"": ""str""}, {""name"": ""active_sessions"", ""type"": ""str""}, {""name"": ""total_bw"", ""type"": ""str""}, {""name"": ""resv_bw"", ""type"": ""str""}, {""name"": ""admin_state"", ""type"": ""str""}, {""name"": ""oper_state"", ""type"": ""str""}]",TextFSM template: alcatel_sros_show_router_rsvp_interface.textfsm,2026-02-27T18:04:42.313900
textfsm,show service id 0 sap,alcatel_sros,"[{""name"": ""port_id"", ""type"": ""str""}, {""name"": ""service_id"", ""type"": ""str""}, {""name"": ""ingress_qos"", ""type"": ""str""}, {""name"": ""ingress_filter"", ""type"": ""str""}, {""name"": ""egress_qos"", ""type"": ""str""}, {""name"": ""egress_filter"", ""type"": ""str""}, {""name"": ""admin_status"", ""type"": ""str""}, {""name"": ""operational_status"", ""type"": ""str""}]",TextFSM template: alcatel_sros_show_service_id_0_sap.textfsm,2026-02-27T18:04:42.313900
textfsm,show service id base,alcatel_sros,"[{""name"": ""service_id"", ""type"": ""str""}, {""name"": ""customer_id"", ""type"": ""str""}, {""name"": ""description"", ""type"": ""str""}, {""name"": ""admin_state"", ""type"": ""str""}, {""name"": ""oper_state"", ""type"": ""str""}, {""name"": ""sap_count"", ""type"": ""str""}, {""name"": ""sdp_count"", ""type"": ""str""}, {""name"": ""mtu"", ""type"": ""str""}]",TextFSM template: alcatel_sros_show_service_id_base.textfsm,2026-02-27T18:04:42.313900
textfsm,show service id interface,alcatel_sros,"[{""name"": ""interface_name"", ""type"": ""str""}, {""name"": ""admin_state"", ""type"": ""str""}, {""name"": ""oper_state_v4"", ""type"": ""str""}, {""name"": ""oper_state_v6"", ""type"": ""str""}, {""name"": ""type"", ""type"": ""str""}, {""name"": ""port_sap_id"", ""type"": ""str""}, {""name"": ""ip_address"", ""type"": ""str""}, {""name"": ""pfx_state"", ""type"": ""str""}]",TextFSM template: alcatel_sros_show_service_id_interface.textfsm,2026-02-27T18:04:42.313900
textfsm,show service sap-using,alcatel_sros,"[{""name"": ""port_id"", ""type"": ""str""}, {""name"": ""service_id"", ""type"": ""str""}, {""name"": ""ingress_qos"", ""type"": ""str""}, {""name"": ""ingress_filter"", ""type"": ""str""}, {""name"": ""egress_qos"", ""type"": ""str""}, {""name"": ""egress_filter"", ""type"": ""str""}, {""name"": ""admin_state"", ""type"": ""str""}, {""name"": ""oper_state"", ""type"": ""str""}]",TextFSM template: alcatel_sros_show_service_sap-using.textfsm,2026-02-27T18:04:42.313900
textfsm,show service sdp-using,alcatel_sros,"[{""name"": ""service_id"", ""type"": ""str""}, {""name"": ""sdp_id"", ""type"": ""str""}, {""name"": ""sdp_svc_id"", ""type"": ""str""}, {""name"": ""type"", ""type"": ""str""}, {""name"": ""far_end"", ""type"": ""str""}, {""name"": ""oper_state"", ""type"": ""str""}, {""name"": ""ingress_label"", ""type"": ""str""}, {""name"": ""egress_label"", ""type"": ""str""}]",TextFSM template: alcatel_sros_show_service_sdp-using.textfsm,2026-02-27T18:04:42.313900
textfsm,show service sdp,alcatel_sros,"[{""name"": ""sdp_id"", ""type"": ""str""}, {""name"": ""adm_mtu"", ""type"": ""str""}, {""name"": ""opr_mtu"", ""type"": ""str""}, {""name"": ""far_end"", ""type"": ""str""}, {""name"": ""adm"", ""type"": ""str""}, {""name"": ""opr"", ""type"": ""str""}, {""name"": ""del"", ""type"": ""str""}, {""name"": ""lsp"", ""type"": ""str""}, {""name"": ""sig"", ""type"": ""str""}]",TextFSM template: alcatel_sros_show_service_sdp.textfsm,2026-02-27T18:04:42.313900
textfsm,show service service-name-using,alcatel_sros,"[{""name"": ""service_id"", ""type"": ""str""}, {""name"": ""type"", ""type"": ""str""}, {""name"": ""service_name"", ""type"": ""str""}]",TextFSM template: alcatel_sros_show_service_service-name-using.textfsm,2026-02-27T18:04:42.313900
textfsm,show service service-using,alcatel_sros,"[{""name"": ""service_id"", ""type"": ""str""}, {""name"": ""type"", ""type"": ""str""}, {""name"": ""admin_status"", ""type"": ""str""}, {""name"": ""operational_status"", ""type"": ""str""}, {""name"": ""customer_id"", ""type"": ""str""}, {""name"": ""service_name"", ""type"": ""str""}]",TextFSM template: alcatel_sros_show_service_service-using.textfsm,2026-02-27T18:04:42.313900
textfsm,show system cpu,alcatel_sros,"[{""name"": ""name"", ""type"": ""str""}, {""name"": ""cpu_time"", ""type"": ""str""}, {""name"": ""cpu_usage"", ""type"": ""str""}, {""name"": ""capacity_usage"", ""type"": ""str""}]",TextFSM template: alcatel_sros_show_system_cpu.textfsm,2026-02-27T18:04:42.313900
textfsm,awplus show arp,allied_telesis,"[{""name"": ""ip_address"", ""type"": ""str""}, {""name"": ""mac_address"", ""type"": ""str""}, {""name"": ""type"", ""type"": ""str""}, {""name"": ""interface"", ""type"": ""str""}, {""name"": ""port"", ""type"": ""str""}]",TextFSM template: allied_telesis_awplus_show_arp.textfsm,2026-02-27T18:04:42.313900
textfsm,awplus show etherchannel summary,allied_telesis,"[{""name"": ""po_name"", ""type"": ""str""}, {""name"": ""interfaces"", ""type"": ""str""}]",TextFSM template: allied_telesis_awplus_show_etherchannel_summary.textfsm,2026-02-27T18:04:42.313900
textfsm,awplus show interface,allied_telesis,"[{""name"": ""interface"", ""type"": ""str""}, {""name"": ""link_status"", ""type"": ""str""}, {""name"": ""protocol_status"", ""type"": ""str""}, {""name"": ""hardware_type"", ""type"": ""str""}, {""name"": ""vrf"", ""type"": ""str""}, {""name"": ""mac_address"", ""type"": ""str""}, {""name"": ""description"", ""type"": ""str""}, {""name"": ""mtu"", ""type"": ""str""}, {""name"": ""duplex"", ""type"": ""str""}, {""name"": ""speed"", ""type"": ""str""}, {""name"": ""ip_address"", ""type"": ""str""}, {""name"": ""prefix_length"", ""type"": ""str""}]",TextFSM template: allied_telesis_awplus_show_interface.textfsm,2026-02-27T18:04:42.313900
textfsm,awplus show interface switchport,allied_telesis,"[{""name"": ""interface"", ""type"": ""str""}, {""name"": ""mode"", ""type"": ""str""}, {""name"": ""native_vlan"", ""type"": ""str""}, {""name"": ""trunking_vlans"", ""type"": ""str""}]",TextFSM template: allied_telesis_awplus_show_interface_switchport.textfsm,2026-02-27T18:04:42.313900
textfsm,awplus show ip route,allied_telesis,"[{""name"": ""vrf"", ""type"": ""str""}, {""name"": ""protocol"", ""type"": ""str""}, {""name"": ""type"", ""type"": ""str""}, {""name"": ""network"", ""type"": ""str""}, {""name"": ""mask"", ""type"": ""str""}, {""name"": ""distance"", ""type"": ""str""}, {""name"": ""metric"", ""type"": ""str""}, {""name"": ""nexthop_ip"", ""type"": ""str""}, {""name"": ""nexthop_if"", ""type"": ""str""}]",TextFSM template: allied_telesis_awplus_show_ip_route.textfsm,2026-02-27T18:04:42.313900
textfsm,awplus show lldp neighbors detail,allied_telesis,"[{""name"": ""local_interface"", ""type"": ""str""}, {""name"": ""chassis_id"", ""type"": ""str""}, {""name"": ""neighbor_port_description"", ""type"": ""str""}, {""name"": ""neighbor_port_type"", ""type"": ""str""}, {""name"": ""neighbor_port_id"", ""type"": ""str""}, {""name"": ""neighbor"", ""type"": ""str""}, {""name"": ""management_ip"", ""type"": ""str""}]",TextFSM template: allied_telesis_awplus_show_lldp_neighbors_detail.textfsm,2026-02-27T18:04:42.313900
textfsm,awplus show mac address-table,allied_telesis,"[{""name"": ""vlan_id"", ""type"": ""str""}, {""name"": ""destination_port"", ""type"": ""str""}, {""name"": ""destination_address"", ""type"": ""str""}, {""name"": ""fwd"", ""type"": ""str""}]",TextFSM template: allied_telesis_awplus_show_mac_address-table.textfsm,2026-02-27T18:04:42.313900
textfsm,awplus show static-channel-group,allied_telesis,"[{""name"": ""po_name"", ""type"": ""str""}, {""name"": ""interfaces"", ""type"": ""str""}]",TextFSM template: allied_telesis_awplus_show_static-channel-group.textfsm,2026-02-27T18:04:42.313900
textfsm,awplus show system,allied_telesis,"[{""name"": ""hardware"", ""type"": ""str""}, {""name"": ""serial"", ""type"": ""str""}, {""name"": ""version"", ""type"": ""str""}, {""name"": ""hostname"", ""type"": ""str""}]",TextFSM template: allied_telesis_awplus_show_system.textfsm,2026-02-27T18:04:42.313900
textfsm,awplus show vlan all,allied_telesis,"[{""name"": ""vlan_id"", ""type"": ""str""}, {""name"": ""name"", ""type"": ""str""}, {""name"": ""status"", ""type"": ""str""}, {""name"": ""interfaces"", ""type"": ""str""}]",TextFSM template: allied_telesis_awplus_show_vlan_all.textfsm,2026-02-27T18:04:42.313900
textfsm,bash df -h,arista_eos,"[{""name"": ""file_system"", ""type"": ""str""}, {""name"": ""size"", ""type"": ""str""}, {""name"": ""used"", ""type"": ""str""}, {""name"": ""avail"", ""type"": ""str""}, {""name"": ""use_percent"", ""type"": ""str""}, {""name"": ""mounted_on"", ""type"": ""str""}]",TextFSM template: arista_eos_bash_df_-h.textfsm,2026-02-27T18:04:42.313900
textfsm,dir,arista_eos,"[{""name"": ""file_system"", ""type"": ""str""}, {""name"": ""permissions"", ""type"": ""str""}, {""name"": ""size"", ""type"": ""str""}, {""name"": ""date_time"", ""type"": ""str""}, {""name"": ""name"", ""type"": ""str""}, {""name"": ""total_size"", ""type"": ""str""}, {""name"": ""total_free"", ""type"": ""str""}]",TextFSM template: arista_eos_dir.textfsm,2026-02-27T18:04:42.313900
textfsm,show boot-config,arista_eos,"[{""name"": ""version"", ""type"": ""str""}, {""name"": ""console"", ""type"": ""str""}]",TextFSM template: arista_eos_show_boot-config.textfsm,2026-02-27T18:04:42.313900
textfsm,show clock,arista_eos,"[{""name"": ""time"", ""type"": ""str""}, {""name"": ""timezone"", ""type"": ""str""}, {""name"": ""dayweek"", ""type"": ""str""}, {""name"": ""month"", ""type"": ""str""}, {""name"": ""day"", ""type"": ""str""}, {""name"": ""year"", ""type"": ""str""}]",TextFSM template: arista_eos_show_clock.textfsm,2026-02-27T18:04:42.313900
textfsm,show environment cooling,arista_eos,"[{""name"": ""fan"", ""type"": ""str""}, {""name"": ""status"", ""type"": ""str""}, {""name"": ""config_speed"", ""type"": ""str""}, {""name"": ""actual_speed"", ""type"": ""str""}, {""name"": ""sys_cooling_status"", ""type"": ""str""}, {""name"": ""ambient_temp"", ""type"": ""str""}, {""name"": ""airflow"", ""type"": ""str""}]",TextFSM template: arista_eos_show_environment_cooling.textfsm,2026-02-27T18:04:42.313900
textfsm,show environment power,arista_eos,"[{""name"": ""power_supply_location"", ""type"": ""str""}, {""name"": ""power_supply_pid"", ""type"": ""str""}, {""name"": ""power_supply_watts"", ""type"": ""str""}, {""name"": ""power_supply_input"", ""type"": ""str""}, {""name"": ""power_supply_output"", ""type"": ""str""}, {""name"": ""power_supply_watts_using"", ""type"": ""str""}, {""name"": ""power_supply_status"", ""type"": ""str""}, {""name"": ""power_supply_uptime"", ""type"": ""str""}, {""name"": ""system_total_power_watts"", ""type"": ""str""}, {""name"": ""system_total_power_used_watts"", ""type"": ""str""}]",TextFSM template: arista_eos_show_environment_power.textfsm,2026-02-27T18:04:42.313900
textfsm,show environment temperature,arista_eos,"[{""name"": ""sensor"", ""type"": ""str""}, {""name"": ""description"", ""type"": ""str""}, {""name"": ""current_value"", ""type"": ""str""}, {""name"": ""setpoint"", ""type"": ""str""}, {""name"": ""alert_limit"", ""type"": ""str""}, {""name"": ""critical_limit"", ""type"": ""str""}, {""name"": ""module"", ""type"": ""str""}]",TextFSM template: arista_eos_show_environment_temperature.textfsm,2026-02-27T18:04:42.313900
textfsm,show hostname,arista_eos,"[{""name"": ""hostname"", ""type"": ""str""}, {""name"": ""fqdn"", ""type"": ""str""}]",TextFSM template: arista_eos_show_hostname.textfsm,2026-02-27T18:04:42.313900
textfsm,show interfaces,arista_eos,"[{""name"": ""interface"", ""type"": ""str""}, {""name"": ""link_status"", ""type"": ""str""}, {""name"": ""protocol_status"", ""type"": ""str""}, {""name"": ""hardware_type"", ""type"": ""str""}, {""name"": ""mac_address"", ""type"": ""str""}, {""name"": ""bia"", ""type"": ""str""}, {""name"": ""description"", ""type"": ""str""}, {""name"": ""ip_address"", ""type"": ""str""}, {""name"": ""mtu"", ""type"": ""str""}, {""name"": ""bandwidth"", ""type"": ""str""}, {""name"": ""last_link_flapped"", ""type"": ""str""}, {""name"": ""link_status_change"", ""type"": ""str""}]",TextFSM template: arista_eos_show_interfaces.textfsm,2026-02-27T18:04:42.313900
textfsm,show interfaces description,arista_eos,"[{""name"": ""port"", ""type"": ""str""}, {""name"": ""status"", ""type"": ""str""}, {""name"": ""protocol"", ""type"": ""str""}, {""name"": ""description"", ""type"": ""str""}]",TextFSM template: arista_eos_show_interfaces_description.textfsm,2026-02-27T18:04:42.313900
textfsm,show interfaces status,arista_eos,"[{""name"": ""port"", ""type"": ""str""}, {""name"": ""name"", ""type"": ""str""}, {""name"": ""status"", ""type"": ""str""}, {""name"": ""vlan_id"", ""type"": ""str""}, {""name"": ""duplex"", ""type"": ""str""}, {""name"": ""speed"", ""type"": ""str""}, {""name"": ""type"", ""type"": ""str""}, {""name"": ""flags"", ""type"": ""str""}]",TextFSM template: arista_eos_show_interfaces_status.textfsm,2026-02-27T18:04:42.313900
textfsm,show interfaces transceiver,arista_eos,"[{""name"": ""port"", ""type"": ""str""}, {""name"": ""temp"", ""type"": ""str""}, {""name"": ""voltage"", ""type"": ""str""}, {""name"": ""bias_current"", ""type"": ""str""}, {""name"": ""tx_power"", ""type"": ""str""}, {""name"": ""rx_power"", ""type"": ""str""}]",TextFSM template: arista_eos_show_interfaces_transceiver.textfsm,2026-02-27T18:04:42.313900
textfsm,show interfaces transceiver detail,arista_eos,"[{""name"": ""port"", ""type"": ""str""}, {""name"": ""type"", ""type"": ""str""}, {""name"": ""current_value"", ""type"": ""str""}, {""name"": ""high_alarm_threshold"", ""type"": ""str""}, {""name"": ""high_warn_threshold"", ""type"": ""str""}, {""name"": ""low_alarm_threshold"", ""type"": ""str""}, {""name"": ""low_warn_threshold"", ""type"": ""str""}]",TextFSM template: arista_eos_show_interfaces_transceiver_detail.textfsm,2026-02-27T18:04:42.313900
textfsm,show inventory,arista_eos,"[{""name"": ""port"", ""type"": ""str""}, {""name"": ""pid"", ""type"": ""str""}, {""name"": ""sn"", ""type"": ""str""}, {""name"": ""descr"", ""type"": ""str""}, {""name"": ""vid"", ""type"": ""str""}]",TextFSM template: arista_eos_show_inventory.textfsm,2026-02-27T18:04:42.313900
textfsm,show ip access-lists,arista_eos,"[{""name"": ""name"", ""type"": ""str""}, {""name"": ""sn"", ""type"": ""str""}, {""name"": ""action"", ""type"": ""str""}, {""name"": ""protocol"", ""type"": ""str""}, {""name"": ""source"", ""type"": ""str""}, {""name"": ""port_modifier"", ""type"": ""str""}, {""name"": ""port_range"", ""type"": ""str""}, {""name"": ""destination"", ""type"": ""str""}, {""name"": ""modifier"", ""type"": ""str""}]",TextFSM template: arista_eos_show_ip_access-lists.textfsm,2026-02-27T18:04:42.313900
textfsm,show ip arp,arista_eos,"[{""name"": ""ip_address"", ""type"": ""str""}, {""name"": ""age"", ""type"": ""str""}, {""name"": ""mac_address"", ""type"": ""str""}, {""name"": ""interface"", ""type"": ""str""}, {""name"": ""vrf"", ""type"": ""str""}]",TextFSM template: arista_eos_show_ip_arp.textfsm,2026-02-27T18:04:42.313900
textfsm,show ip bgp,arista_eos,"[{""name"": ""status"", ""type"": ""str""}, {""name"": ""path_selection"", ""type"": ""str""}, {""name"": ""route_source"", ""type"": ""str""}, {""name"": ""network"", ""type"": ""str""}, {""name"": ""next_hop"", ""type"": ""str""}, {""name"": ""metric"", ""type"": ""str""}, {""name"": ""local_pref"", ""type"": ""str""}, {""name"": ""weight"", ""type"": ""str""}, {""name"": ""as_path"", ""type"": ""str""}, {""name"": ""origin"", ""type"": ""str""}, {""name"": ""vrf"", ""type"": ""str""}, {""name"": ""local_as"", ""type"": ""str""}, {""name"": ""router_id"", ""type"": ""str""}]",TextFSM template: arista_eos_show_ip_bgp.textfsm,2026-02-27T18:04:42.313900
textfsm,show ip bgp detail,arista_eos,"[{""name"": ""vrf"", ""type"": ""str""}, {""name"": ""local_pref"", ""type"": ""str""}, {""name"": ""weight"", ""type"": ""str""}, {""name"": ""origin"", ""type"": ""str""}, {""name"": ""prefix"", ""type"": ""str""}, {""name"": ""prefix_length"", ""type"": ""str""}, {""name"": ""as_path"", ""type"": ""str""}, {""name"": ""valid"", ""type"": ""str""}, {""name"": ""path_type"", ""type"": ""str""}, {""name"": ""active"", ""type"": ""str""}, {""name"": ""community"", ""type"": ""str""}, {""name"": ""large_community"", ""type"": ""str""}, {""name"": ""next_hop"", ""type"": ""str""}, {""name"": ""neighbor"", ""type"": ""str""}, {""name"": ""neighbor_id"", ""type"": ""str""}, {""name"": ""router_id"", ""type"": ""str""}, {""name"": ""local_as"", ""type"": ""str""}, {""name"": ""metric"", ""type"": ""str""}, {""name"": ""backup"", ""type"": ""str""}]",TextFSM template: arista_eos_show_ip_bgp_detail.textfsm,2026-02-27T18:04:42.313900
textfsm,show ip bgp summary,arista_eos,"[{""name"": ""router_id"", ""type"": ""str""}, {""name"": ""local_as"", ""type"": ""str""}, {""name"": ""vrf"", ""type"": ""str""}, {""name"": ""description"", ""type"": ""str""}, {""name"": ""bgp_neigh"", ""type"": ""str""}, {""name"": ""neigh_as"", ""type"": ""str""}, {""name"": ""msg_rcvd"", ""type"": ""str""}, {""name"": ""msg_sent"", ""type"": ""str""}, {""name"": ""in_queue"", ""type"": ""str""}, {""name"": ""out_queue"", ""type"": ""str""}, {""name"": ""up_down"", ""type"": ""str""}, {""name"": ""state"", ""type"": ""str""}, {""name"": ""state_pfxrcd"", ""type"": ""str""}, {""name"": ""state_pfxacc"", ""type"": ""str""}]",TextFSM template: arista_eos_show_ip_bgp_summary.textfsm,2026-02-27T18:04:42.313900
textfsm,show ip helper-address,arista_eos,"[{""name"": ""interface"", ""type"": ""str""}, {""name"": ""ip_helper"", ""type"": ""str""}]",TextFSM template: arista_eos_show_ip_helper-address.textfsm,2026-02-27T18:04:42.313900
textfsm,show ip interface brief,arista_eos,"[{""name"": ""interface"", ""type"": ""str""}, {""name"": ""ip_address"", ""type"": ""str""}, {""name"": ""status"", ""type"": ""str""}, {""name"": ""protocol"", ""type"": ""str""}, {""name"": ""mtu"", ""type"": ""str""}]",TextFSM template: arista_eos_show_ip_interface_brief.textfsm,2026-02-27T18:04:42.313900
textfsm,show ip mroute vrf all detail,arista_eos,"[{""name"": ""vrf"", ""type"": ""str""}, {""name"": ""multicast_group"", ""type"": ""str""}, {""name"": ""rpf_source"", ""type"": ""str""}, {""name"": ""rp"", ""type"": ""str""}, {""name"": ""uptime"", ""type"": ""str""}, {""name"": ""flags"", ""type"": ""str""}, {""name"": ""rpf_route"", ""type"": ""str""}, {""name"": ""rpf_routing_table"", ""type"": ""str""}, {""name"": ""rpf_route_administrative_distance"", ""type"": ""str""}, {""name"": ""rpf_route_metric"", ""type"": ""str""}, {""name"": ""rpf_route_via"", ""type"": ""str""}, {""name"": ""incoming_interface"", ""type"": ""str""}, {""name"": ""upstream_joined_state"", ""type"": ""str""}, {""name"": ""upstream_rpt_joined_state"", ""type"": ""str""}, {""name"": ""outgoing_interface_list"", ""type"": ""str""}]",TextFSM template: arista_eos_show_ip_mroute_vrf_all_detail.textfsm,2026-02-27T18:04:42.313900
textfsm,show ip ospf database,arista_eos,"[{""name"": ""router_id"", ""type"": ""str""}, {""name"": ""process_id"", ""type"": ""str""}, {""name"": ""vrf"", ""type"": ""str""}, {""name"": ""area"", ""type"": ""str""}, {""name"": ""link_id"", ""type"": ""str""}, {""name"": ""adv_router"", ""type"": ""str""}, {""name"": ""age"", ""type"": ""str""}, {""name"": ""link_count"", ""type"": ""str""}, {""name"": ""tag"", ""type"": ""str""}]",TextFSM template: arista_eos_show_ip_ospf_database.textfsm,2026-02-27T18:04:42.313900
textfsm,show ip ospf interface brief,arista_eos,"[{""name"": ""interface"", ""type"": ""str""}, {""name"": ""instance"", ""type"": ""str""}, {""name"": ""vrf"", ""type"": ""str""}, {""name"": ""area"", ""type"": ""str""}, {""name"": ""ip_address"", ""type"": ""str""}, {""name"": ""prefix_length"", ""type"": ""str""}, {""name"": ""cost"", ""type"": ""str""}, {""name"": ""state"", ""type"": ""str""}, {""name"": ""neighbors"", ""type"": ""str""}]",TextFSM template: arista_eos_show_ip_ospf_interface_brief.textfsm,2026-02-27T18:04:42.313900
textfsm,show ip ospf neighbor,arista_eos,"[{""name"": ""neighbor_id"", ""type"": ""str""}, {""name"": ""instance"", ""type"": ""str""}, {""name"": ""vrf"", ""type"": ""str""}, {""name"": ""priority"", ""type"": ""str""}, {""name"": ""state"", ""type"": ""str""}, {""name"": ""dead_time"", ""type"": ""str""}, {""name"": ""ip_address"", ""type"": ""str""}, {""name"": ""interface"", ""type"": ""str""}]",TextFSM template: arista_eos_show_ip_ospf_neighbor.textfsm,2026-02-27T18:04:42.313900
textfsm,show ip ospf summary,arista_eos,"[{""name"": ""instance"", ""type"": ""str""}, {""name"": ""router_id"", ""type"": ""str""}, {""name"": ""vrf"", ""type"": ""str""}, {""name"": ""area"", ""type"": ""str""}, {""name"": ""type"", ""type"": ""str""}, {""name"": ""interfaces"", ""type"": ""str""}, {""name"": ""neighbors"", ""type"": ""str""}, {""name"": ""neighbors_full"", ""type"": ""str""}, {""name"": ""router_lsas"", ""type"": ""str""}, {""name"": ""network_lsas"", ""type"": ""str""}, {""name"": ""summary_lsas"", ""type"": ""str""}, {""name"": ""asbr_lsas"", ""type"": ""str""}, {""name"": ""nssa_lsas"", ""type"": ""str""}]",TextFSM template: arista_eos_show_ip_ospf_summary.textfsm,2026-02-27T18:04:42.313900
textfsm,show ip route,arista_eos,"[{""name"": ""vrf"", ""type"": ""str""}, {""name"": ""protocol"", ""type"": ""str""}, {""name"": ""network"", ""type"": ""str""}, {""name"": ""prefix_length"", ""type"": ""str""}, {""name"": ""distance"", ""type"": ""str""}, {""name"": ""metric"", ""type"": ""str""}, {""name"": ""direct"", ""type"": ""str""}, {""name"": ""required"", ""type"": ""str""}, {""name"": ""interface"", ""type"": ""str""}]",TextFSM template: arista_eos_show_ip_route.textfsm,2026-02-27T18:04:42.313900
textfsm,show ipv6 bgp summary,arista_eos,"[{""name"": ""router_id"", ""type"": ""str""}, {""name"": ""local_as"", ""type"": ""str""}, {""name"": ""vrf"", ""type"": ""str""}, {""name"": ""bgp_neigh"", ""type"": ""str""}, {""name"": ""neigh_as"", ""type"": ""str""}, {""name"": ""msg_rcvd"", ""type"": ""str""}, {""name"": ""msg_sent"", ""type"": ""str""}, {""name"": ""in_queue"", ""type"": ""str""}, {""name"": ""out_queue"", ""type"": ""str""}, {""name"": ""up_down"", ""type"": ""str""}, {""name"": ""state"", ""type"": ""str""}, {""name"": ""state_pfxrcd"", ""type"": ""str""}, {""name"": ""state_pfxacc"", ""type"": ""str""}]",TextFSM template: arista_eos_show_ipv6_bgp_summary.textfsm,2026-02-27T18:04:42.313900
textfsm,show isis neighbors,arista_eos,"[{""name"": ""instance"", ""type"": ""str""}, {""name"": ""vrf"", ""type"": ""str""}, {""name"": ""system_id"", ""type"": ""str""}, {""name"": ""type"", ""type"": ""str""}, {""name"": ""interface"", ""type"": ""str""}, {""name"": ""snpa"", ""type"": ""str""}, {""name"": ""state"", ""type"": ""str""}, {""name"": ""hold_time"", ""type"": ""str""}, {""name"": ""circuit_id"", ""type"": ""str""}]",TextFSM template: arista_eos_show_isis_neighbors.textfsm,2026-02-27T18:04:42.313900
textfsm,show lldp neighbors,arista_eos,"[{""name"": ""neighbor_name"", ""type"": ""str""}, {""name"": ""local_interface"", ""type"": ""str""}, {""name"": ""neighbor_interface"", ""type"": ""str""}]",TextFSM template: arista_eos_show_lldp_neighbors.textfsm,2026-02-27T18:04:42.313900
textfsm,show lldp neighbors detail,arista_eos,"[{""name"": ""neighbor_name"", ""type"": ""str""}, {""name"": ""chassis_id"", ""type"": ""str""}, {""name"": ""mgmt_address"", ""type"": ""str""}, {""name"": ""neighbor_description"", ""type"": ""str""}, {""name"": ""neighbor_interface"", ""type"": ""str""}, {""name"": ""local_interface"", ""type"": ""str""}, {""name"": ""neighbor_count"", ""type"": ""str""}, {""name"": ""age"", ""type"": ""str""}]",TextFSM template: arista_eos_show_lldp_neighbors_detail.textfsm,2026-02-27T18:04:42.313900
textfsm,show mac address-table,arista_eos,"[{""name"": ""mac_address"", ""type"": ""str""}, {""name"": ""type"", ""type"": ""str""}, {""name"": ""vlan_id"", ""type"": ""str""}, {""name"": ""destination_port"", ""type"": ""str""}, {""name"": ""moves"", ""type"": ""str""}, {""name"": ""last_move"", ""type"": ""str""}]",TextFSM template: arista_eos_show_mac_address-table.textfsm,2026-02-27T18:04:42.313900
textfsm,show mac security interface,arista_eos,"[{""name"": ""interface"", ""type"": ""str""}, {""name"": ""sci"", ""type"": ""str""}, {""name"": ""controlled_port"", ""type"": ""str""}, {""name"": ""key_in_use"", ""type"": ""str""}]",TextFSM template: arista_eos_show_mac_security_interface.textfsm,2026-02-27T18:04:42.313900
textfsm,show mac security mka counters,arista_eos,"[{""name"": ""interface"", ""type"": ""str""}, {""name"": ""rx_success"", ""type"": ""str""}, {""name"": ""rx_failure"", ""type"": ""str""}, {""name"": ""tx_success"", ""type"": ""str""}, {""name"": ""tx_failure"", ""type"": ""str""}]",TextFSM template: arista_eos_show_mac_security_mka_counters.textfsm,2026-02-27T18:04:42.313900
textfsm,show mac security participants detail,arista_eos,"[{""name"": ""interface"", ""type"": ""str""}, {""name"": ""ckn"", ""type"": ""str""}, {""name"": ""message_id"", ""type"": ""str""}, {""name"": ""elected_self"", ""type"": ""str""}, {""name"": ""success"", ""type"": ""str""}, {""name"": ""principal"", ""type"": ""str""}, {""name"": ""default"", ""type"": ""str""}, {""name"": ""key_server_sci"", ""type"": ""str""}, {""name"": ""sak_transmit"", ""type"": ""str""}, {""name"": ""llpn_exhaustion"", ""type"": ""str""}, {""name"": ""distributed_key_id"", ""type"": ""str""}, {""name"": ""live_peer_list"", ""type"": ""str""}, {""name"": ""potential_peer_list"", ""type"": ""str""}]",TextFSM template: arista_eos_show_mac_security_participants_detail.textfsm,2026-02-27T18:04:42.313900
textfsm,show mlag,arista_eos,"[{""name"": ""domain"", ""type"": ""str""}, {""name"": ""interface"", ""type"": ""str""}, {""name"": ""peer_addr"", ""type"": ""str""}, {""name"": ""peer_link"", ""type"": ""str""}, {""name"": ""state"", ""type"": ""str""}]",TextFSM template: arista_eos_show_mlag.textfsm,2026-02-27T18:04:42.313900
textfsm,show module,arista_eos,"[{""name"": ""module"", ""type"": ""str""}, {""name"": ""ports"", ""type"": ""str""}, {""name"": ""card"", ""type"": ""str""}, {""name"": ""type"", ""type"": ""str""}, {""name"": ""model"", ""type"": ""str""}, {""name"": ""serial_num"", ""type"": ""str""}, {""name"": ""mac_address_start"", ""type"": ""str""}, {""name"": ""mac_address_end"", ""type"": ""str""}, {""name"": ""hw_ver"", ""type"": ""str""}, {""name"": ""sw_ver"", ""type"": ""str""}, {""name"": ""status"", ""type"": ""str""}, {""name"": ""uptime"", ""type"": ""str""}]",TextFSM template: arista_eos_show_module.textfsm,2026-02-27T18:04:42.313900
textfsm,show pim ipv4 interface,arista_eos,"[{""name"": ""ip_address"", ""type"": ""str""}, {""name"": ""interface"", ""type"": ""str""}, {""name"": ""mode"", ""type"": ""str""}, {""name"": ""neighbors"", ""type"": ""str""}, {""name"": ""hello_interval"", ""type"": ""str""}, {""name"": ""dr_priority"", ""type"": ""str""}, {""name"": ""dr_address"", ""type"": ""str""}, {""name"": ""packets_queued"", ""type"": ""str""}, {""name"": ""packets_dropped"", ""type"": ""str""}]",TextFSM template: arista_eos_show_pim_ipv4_interface.textfsm,2026-02-27T18:04:42.313900
textfsm,show pim ipv4 neighbor,arista_eos,"[{""name"": ""vrf"", ""type"": ""str""}, {""name"": ""neighbor"", ""type"": ""str""}, {""name"": ""interface"", ""type"": ""str""}, {""name"": ""uptime"", ""type"": ""str""}, {""name"": ""expires"", ""type"": ""str""}, {""name"": ""mode"", ""type"": ""str""}, {""name"": ""transport"", ""type"": ""str""}]",TextFSM template: arista_eos_show_pim_ipv4_neighbor.textfsm,2026-02-27T18:04:42.313900
textfsm,show port-channel summary,arista_eos,"[{""name"": ""bundle_name"", ""type"": ""str""}, {""name"": ""bundle_status"", ""type"": ""str""}, {""name"": ""bundle_protocol"", ""type"": ""str""}, {""name"": ""bundle_protocol_state"", ""type"": ""str""}, {""name"": ""member_interface"", ""type"": ""str""}, {""name"": ""member_interface_status"", ""type"": ""str""}]",TextFSM template: arista_eos_show_port-channel_summary.textfsm,2026-02-27T18:04:42.313900
textfsm,show processes top once,arista_eos,"[{""name"": ""global_timestamp"", ""type"": ""str""}, {""name"": ""global_users"", ""type"": ""str""}, {""name"": ""global_load_average_1_minutes"", ""type"": ""str""}, {""name"": ""global_load_average_5_minutes"", ""type"": ""str""}, {""name"": ""global_load_average_15_minutes"", ""type"": ""str""}, {""name"": ""global_tasks_total"", ""type"": ""str""}, {""name"": ""global_tasks_running"", ""type"": ""str""}, {""name"": ""global_tasks_sleeping"", ""type"": ""str""}, {""name"": ""global_tasks_stopped"", ""type"": ""str""}, {""name"": ""global_tasks_zombie"", ""type"": ""str""}, {""name"": ""global_cpu_percent_user"", ""type"": ""str""}, {""name"": ""global_cpu_percent_system"", ""type"": ""str""}, {""name"": ""global_cpu_percent_nice"", ""type"": ""str""}, {""name"": ""global_cpu_percent_idle"", ""type"": ""str""}, {""name"": ""global_cpu_percent_iowait"", ""type"": ""str""}, {""name"": ""global_cpu_percent_hi"", ""type"": ""str""}, {""name"": ""global_cpu_percent_si"", ""type"": ""str""}, {""name"": ""global_cpu_percent_stolen"", ""type"": ""str""}, {""name"": ""global_mem_unit"", ""type"": ""str""}, {""name"": ""global_mem_total"", ""type"": ""str""}, {""name"": ""global_mem_used"", ""type"": ""str""}, {""name"": ""global_mem_free"", ""type"": ""str""}, {""name"": ""global_mem_buffers"", ""type"": ""str""}, {""name"": ""global_swap_mem_unit"", ""type"": ""str""}, {""name"": ""global_swap_mem_total"", ""type"": ""str""}, {""name"": ""global_swap_mem_used"", ""type"": ""str""}, {""name"": ""global_swap_mem_free"", ""type"": ""str""}, {""name"": ""global_swap_mem_cached"", ""type"": ""str""}, {""name"": ""pid"", ""type"": ""str""}, {""name"": ""user"", ""type"": ""str""}, {""name"": ""priority"", ""type"": ""str""}, {""name"": ""nice"", ""type"": ""str""}, {""name"": ""virtual_memory_size"", ""type"": ""str""}, {""name"": ""resident_memory_size"", ""type"": ""str""}, {""name"": ""shared_memory_size"", ""type"": ""str""}, {""name"": ""process_status"", ""type"": ""str""}, {""name"": ""percent_cpu"", ""type"": ""str""}, {""name"": ""percent_memory"", ""type"": ""str""}, {""name"": ""cpu_time"", ""type"": ""str""}, {""name"": ""command"", ""type"": ""str""}]",TextFSM template: arista_eos_show_processes_top_once.textfsm,2026-02-27T18:04:42.313900
textfsm,show reload cause,arista_eos,"[{""name"": ""reload_cause"", ""type"": ""str""}, {""name"": ""reload_time"", ""type"": ""str""}, {""name"": ""recommended_action"", ""type"": ""str""}, {""name"": ""debug_info"", ""type"": ""str""}]",TextFSM template: arista_eos_show_reload_cause.textfsm,2026-02-27T18:04:42.313900
textfsm,show snmp community,arista_eos,"[{""name"": ""name"", ""type"": ""str""}, {""name"": ""access"", ""type"": ""str""}, {""name"": ""view"", ""type"": ""str""}, {""name"": ""acl"", ""type"": ""str""}]",TextFSM template: arista_eos_show_snmp_community.textfsm,2026-02-27T18:04:42.313900
textfsm,show version,arista_eos,"[{""name"": ""model"", ""type"": ""str""}, {""name"": ""hw_version"", ""type"": ""str""}, {""name"": ""serial_number"", ""type"": ""str""}, {""name"": ""sys_mac"", ""type"": ""str""}, {""name"": ""image"", ""type"": ""str""}, {""name"": ""total_memory"", ""type"": ""str""}, {""name"": ""free_memory"", ""type"": ""str""}, {""name"": ""uptime"", ""type"": ""str""}]",TextFSM template: arista_eos_show_version.textfsm,2026-02-27T18:04:42.313900
textfsm,show vlan,arista_eos,"[{""name"": ""vlan_id"", ""type"": ""str""}, {""name"": ""vlan_name"", ""type"": ""str""}, {""name"": ""status"", ""type"": ""str""}, {""name"": ""interfaces"", ""type"": ""str""}]",TextFSM template: arista_eos_show_vlan.textfsm,2026-02-27T18:04:42.313900
textfsm,show vrf,arista_eos,"[{""name"": ""vrf"", ""type"": ""str""}, {""name"": ""rd"", ""type"": ""str""}, {""name"": ""interfaces"", ""type"": ""str""}]",TextFSM template: arista_eos_show_vrf.textfsm,2026-02-27T18:04:42.313900
textfsm,show aaa authentication port-access interface all client-status,aruba_aoscx,"[{""name"": ""client_mac"", ""type"": ""str""}, {""name"": ""client_name"", ""type"": ""str""}, {""name"": ""session_port"", ""type"": ""str""}, {""name"": ""role"", ""type"": ""str""}]",TextFSM template: aruba_aoscx_show_aaa_authentication_port-access_interface_all_client-status.textfsm,2026-02-27T18:04:42.313900
textfsm,show arp all-vrfs,aruba_aoscx,"[{""name"": ""ip_address"", ""type"": ""str""}, {""name"": ""mac_address"", ""type"": ""str""}, {""name"": ""port_id"", ""type"": ""str""}, {""name"": ""physical_port"", ""type"": ""str""}, {""name"": ""state"", ""type"": ""str""}, {""name"": ""vrf"", ""type"": ""str""}]",TextFSM template: aruba_aoscx_show_arp_all-vrfs.textfsm,2026-02-27T18:04:42.313900
textfsm,show bfd all-vrfs,aruba_aoscx,"[{""name"": ""admin_status"", ""type"": ""str""}, {""name"": ""src_ip"", ""type"": ""str""}, {""name"": ""session"", ""type"": ""str""}, {""name"": ""interface"", ""type"": ""str""}, {""name"": ""vrf"", ""type"": ""str""}, {""name"": ""source_ip"", ""type"": ""str""}, {""name"": ""destination_ip"", ""type"": ""str""}, {""name"": ""echo"", ""type"": ""str""}, {""name"": ""state"", ""type"": ""str""}, {""name"": ""application"", ""type"": ""str""}]",TextFSM template: aruba_aoscx_show_bfd_all-vrfs.textfsm,2026-02-27T18:04:42.313900
textfsm,show bgp all-vrfs all summary,aruba_aoscx,"[{""name"": ""vrf"", ""type"": ""str""}, {""name"": ""af"", ""type"": ""str""}, {""name"": ""neighbour"", ""type"": ""str""}, {""name"": ""remote_as"", ""type"": ""str""}, {""name"": ""state"", ""type"": ""str""}, {""name"": ""admin_status"", ""type"": ""str""}]",TextFSM template: aruba_aoscx_show_bgp_all-vrfs_all_summary.textfsm,2026-02-27T18:04:42.313900
textfsm,show bgp all all-vrfs summary,aruba_aoscx,"[{""name"": ""vrf"", ""type"": ""str""}, {""name"": ""af"", ""type"": ""str""}, {""name"": ""neighbour"", ""type"": ""str""}, {""name"": ""remote_as"", ""type"": ""str""}, {""name"": ""state"", ""type"": ""str""}, {""name"": ""admin_status"", ""type"": ""str""}]",TextFSM template: aruba_aoscx_show_bgp_all_all-vrfs_summary.textfsm,2026-02-27T18:04:42.313900
textfsm,show interface,aruba_aoscx,"[{""name"": ""interface"", ""type"": ""str""}, {""name"": ""link_status"", ""type"": ""str""}, {""name"": ""link_admin"", ""type"": ""str""}, {""name"": ""link_state_info"", ""type"": ""str""}, {""name"": ""link_transitions"", ""type"": ""str""}, {""name"": ""interface_desc"", ""type"": ""str""}, {""name"": ""hw_type"", ""type"": ""str""}, {""name"": ""mac_address"", ""type"": ""str""}, {""name"": ""mtu"", ""type"": ""str""}, {""name"": ""if_type"", ""type"": ""str""}, {""name"": ""ip_address"", ""type"": ""str""}, {""name"": ""duplex"", ""type"": ""str""}, {""name"": ""qos_trust"", ""type"": ""str""}, {""name"": ""speed"", ""type"": ""str""}, {""name"": ""auto_neg"", ""type"": ""str""}, {""name"": ""flow_control"", ""type"": ""str""}, {""name"": ""error_control"", ""type"": ""str""}, {""name"": ""vlan_mode"", ""type"": ""str""}, {""name"": ""vlan_access"", ""type"": ""str""}, {""name"": ""vlan_native"", ""type"": ""str""}, {""name"": ""vlan_trunk"", ""type"": ""str""}, {""name"": ""aggregated_interfaces"", ""type"": ""str""}, {""name"": ""rx_total_packets"", ""type"": ""str""}, {""name"": ""rx_total_bytes"", ""type"": ""str""}, {""name"": ""rx_unicast_packets"", ""type"": ""str""}, {""name"": ""rx_mcast_packets"", ""type"": ""str""}, {""name"": ""rx_broadcast_packets"", ""type"": ""str""}, {""name"": ""rx_errors"", ""type"": ""str""}, {""name"": ""rx_dropped"", ""type"": ""str""}, {""name"": ""rx_crc_fcs"", ""type"": ""str""}, {""name"": ""tx_total_packets"", ""type"": ""str""}, {""name"": ""tx_total_bytes"", ""type"": ""str""}, {""name"": ""tx_unicast_packets"", ""type"": ""str""}, {""name"": ""tx_mcast_packets"", ""type"": ""str""}, {""name"": ""tx_broadcast_packets"", ""type"": ""str""}, {""name"": ""tx_errors"", ""type"": ""str""}, {""name"": ""tx_dropped"", ""type"": ""str""}, {""name"": ""tx_crc_fcs"", ""type"": ""str""}, {""name"": ""tx_collision"", ""type"": ""str""}]",TextFSM template: aruba_aoscx_show_interface.textfsm,2026-02-27T18:04:42.313900
textfsm,show interface dom detail,aruba_aoscx,"[{""name"": ""interface"", ""type"": ""str""}, {""name"": ""iface_type"", ""type"": ""str""}, {""name"": ""channel"", ""type"": ""str""}, {""name"": ""temperature"", ""type"": ""str""}, {""name"": ""temp_high_alarm_trig"", ""type"": ""str""}, {""name"": ""temp_low_alarm_trig"", ""type"": ""str""}, {""name"": ""temp_high_warn_trig"", ""type"": ""str""}, {""name"": ""temp_low_warn_trig"", ""type"": ""str""}, {""name"": ""temp_high_alarm_threshold"", ""type"": ""str""}, {""name"": ""temp_low_alarm_threshold"", ""type"": ""str""}, {""name"": ""temp_high_warn_threshold"", ""type"": ""str""}, {""name"": ""temp_low_warn_threshold"", ""type"": ""str""}, {""name"": ""voltage"", ""type"": ""str""}, {""name"": ""volt_high_alarm_trig"", ""type"": ""str""}, {""name"": ""volt_low_alarm_trig"", ""type"": ""str""}, {""name"": ""volt_high_warn_trig"", ""type"": ""str""}, {""name"": ""volt_low_warn_trig"", ""type"": ""str""}, {""name"": ""volt_high_alarm_threshold"", ""type"": ""str""}, {""name"": ""volt_low_alarm_threshold"", ""type"": ""str""}, {""name"": ""volt_high_warn_threshold"", ""type"": ""str""}, {""name"": ""volt_low_warn_threshold"", ""type"": ""str""}, {""name"": ""tx_bias"", ""type"": ""str""}, {""name"": ""tx_bias_high_alarm_trig"", ""type"": ""str""}, {""name"": ""tx_bias_low_alarm_trig"", ""type"": ""str""}, {""name"": ""tx_bias_high_warn_trig"", ""type"": ""str""}, {""name"": ""tx_bias_low_warn_trig"", ""type"": ""str""}, {""name"": ""tx_bias_high_alarm_threshold"", ""type"": ""str""}, {""name"": ""tx_bias_low_alarm_threshold"", ""type"": ""str""}, {""name"": ""tx_bias_high_warn_threshold"", ""type"": ""str""}, {""name"": ""tx_bias_low_warn_threshold"", ""type"": ""str""}, {""name"": ""rx_mw"", ""type"": ""str""}, {""name"": ""rx_high_alarm_trig"", ""type"": ""str""}, {""name"": ""rx_low_alarm_trig"", ""type"": ""str""}, {""name"": ""rx_high_warn_trig"", ""type"": ""str""}, {""name"": ""rx_low_warn_trig"", ""type"": ""str""}, {""name"": ""rx_high_alarm_threshold"", ""type"": ""str""}, {""name"": ""rx_low_alarm_threshold"", ""type"": ""str""}, {""name"": ""rx_high_warn_threshold"", ""type"": ""str""}, {""name"": ""rx_low_warn_threshold"", ""type"": ""str""}, {""name"": ""tx_mw"", ""type"": ""str""}, {""name"": ""tx_high_alarm_trig"", ""type"": ""str""}, {""name"": ""tx_low_alarm_trig"", ""type"": ""str""}, {""name"": ""tx_high_warn_trig"", ""type"": ""str""}, {""name"": ""tx_low_warn_trig"", ""type"": ""str""}, {""name"": ""tx_high_alarm_threshold"", ""type"": ""str""}, {""name"": ""tx_low_alarm_threshold"", ""type"": ""str""}, {""name"": ""tx_high_warn_threshold"", ""type"": ""str""}, {""name"": ""tx_low_warn_threshold"", ""type"": ""str""}]",TextFSM template: aruba_aoscx_show_interface_dom_detail.textfsm,2026-02-27T18:04:42.313900
textfsm,show ip route all-vrfs,aruba_aoscx,"[{""name"": ""ip_address"", ""type"": ""str""}, {""name"": ""prefix_length"", ""type"": ""str""}, {""name"": ""vrf"", ""type"": ""str""}, {""name"": ""interface"", ""type"": ""str""}, {""name"": ""metric"", ""type"": ""str""}, {""name"": ""status"", ""type"": ""str""}]",TextFSM template: aruba_aoscx_show_ip_route_all-vrfs.textfsm,2026-02-27T18:04:42.313900
textfsm,show lldp neighbors-info detail,aruba_aoscx,"[{""name"": ""local_interface"", ""type"": ""str""}, {""name"": ""chassis_id"", ""type"": ""str""}, {""name"": ""neighbor_name"", ""type"": ""str""}, {""name"": ""neighbor_description"", ""type"": ""str""}, {""name"": ""capabilities_supported"", ""type"": ""str""}, {""name"": ""capabilities"", ""type"": ""str""}, {""name"": ""mgmt_address"", ""type"": ""str""}, {""name"": ""neighbor_port_id"", ""type"": ""str""}, {""name"": ""neighbor_interface"", ""type"": ""str""}]",TextFSM template: aruba_aoscx_show_lldp_neighbors-info_detail.textfsm,2026-02-27T18:04:42.313900
textfsm,show mac-address-table,aruba_aoscx,"[{""name"": ""mac_address"", ""type"": ""str""}, {""name"": ""vlan_id"", ""type"": ""str""}, {""name"": ""type"", ""type"": ""str""}, {""name"": ""port"", ""type"": ""str""}]",TextFSM template: aruba_aoscx_show_mac-address-table.textfsm,2026-02-27T18:04:42.313900
textfsm,show ntp associations,aruba_aoscx,"[{""name"": ""id"", ""type"": ""str""}, {""name"": ""name"", ""type"": ""str""}, {""name"": ""remote"", ""type"": ""str""}, {""name"": ""ref_id"", ""type"": ""str""}, {""name"": ""stratum"", ""type"": ""str""}, {""name"": ""last"", ""type"": ""str""}, {""name"": ""poll"", ""type"": ""str""}, {""name"": ""reach"", ""type"": ""str""}]",TextFSM template: aruba_aoscx_show_ntp_associations.textfsm,2026-02-27T18:04:42.313900
textfsm,show system,aruba_aoscx,"[{""name"": ""hostname"", ""type"": ""str""}, {""name"": ""contact"", ""type"": ""str""}, {""name"": ""location"", ""type"": ""str""}, {""name"": ""vendor"", ""type"": ""str""}, {""name"": ""product"", ""type"": ""str""}, {""name"": ""serial"", ""type"": ""str""}, {""name"": ""base_mac"", ""type"": ""str""}, {""name"": ""version"", ""type"": ""str""}, {""name"": ""time_zone"", ""type"": ""str""}, {""name"": ""uptime_weeks"", ""type"": ""str""}, {""name"": ""uptime_days"", ""type"": ""str""}, {""name"": ""uptime_hours"", ""type"": ""str""}, {""name"": ""uptime_minutes"", ""type"": ""str""}]",TextFSM template: aruba_aoscx_show_system.textfsm,2026-02-27T18:04:42.313900
textfsm,show vlan,aruba_aoscx,"[{""name"": ""vlan_id"", ""type"": ""str""}, {""name"": ""vlan_name"", ""type"": ""str""}, {""name"": ""status"", ""type"": ""str""}, {""name"": ""reason"", ""type"": ""str""}, {""name"": ""type"", ""type"": ""str""}, {""name"": ""interfaces"", ""type"": ""str""}]",TextFSM template: aruba_aoscx_show_vlan.textfsm,2026-02-27T18:04:42.313900
textfsm,show vsf detail,aruba_aoscx,"[{""name"": ""member_id"", ""type"": ""str""}, {""name"": ""topology"", ""type"": ""str""}, {""name"": ""name"", ""type"": ""str""}, {""name"": ""mac_address"", ""type"": ""str""}, {""name"": ""status"", ""type"": ""str""}, {""name"": ""serial_number"", ""type"": ""str""}, {""name"": ""cpu"", ""type"": ""str""}, {""name"": ""memory"", ""type"": ""str""}, {""name"": ""vsf_link_1"", ""type"": ""str""}, {""name"": ""vsf_link_2"", ""type"": ""str""}]",TextFSM template: aruba_aoscx_show_vsf_detail.textfsm,2026-02-27T18:04:42.313900
textfsm,show ap bss-table details,aruba_os,"[{""name"": ""bss"", ""type"": ""str""}, {""name"": ""ess"", ""type"": ""str""}, {""name"": ""port"", ""type"": ""str""}, {""name"": ""ip_address"", ""type"": ""str""}, {""name"": ""band"", ""type"": ""str""}, {""name"": ""channel"", ""type"": ""str""}, {""name"": ""type"", ""type"": ""str""}, {""name"": ""cur_cl"", ""type"": ""str""}, {""name"": ""ap_name"", ""type"": ""str""}, {""name"": ""in_t"", ""type"": ""str""}, {""name"": ""tot_t"", ""type"": ""str""}, {""name"": ""mtu"", ""type"": ""str""}, {""name"": ""phy"", ""type"": ""str""}, {""name"": ""acl_state"", ""type"": ""str""}, {""name"": ""acl"", ""type"": ""str""}, {""name"": ""fm"", ""type"": ""str""}, {""name"": ""flags"", ""type"": ""str""}, {""name"": ""cluster"", ""type"": ""str""}, {""name"": ""active_clients"", ""type"": ""str""}, {""name"": ""standby_clients"", ""type"": ""str""}, {""name"": ""datazone"", ""type"": ""str""}]",TextFSM template: aruba_os_show_ap_bss-table_details.textfsm,2026-02-27T18:04:42.313900
textfsm,show ap database,aruba_os,"[{""name"": ""ap_name"", ""type"": ""str""}, {""name"": ""group"", ""type"": ""str""}, {""name"": ""ap_model"", ""type"": ""str""}, {""name"": ""ip_address"", ""type"": ""str""}, {""name"": ""status"", ""type"": ""str""}, {""name"": ""flags"", ""type"": ""str""}, {""name"": ""primary"", ""type"": ""str""}, {""name"": ""standby"", ""type"": ""str""}]",TextFSM template: aruba_os_show_ap_database.textfsm,2026-02-27T18:04:42.313900
textfsm,show ap database long,aruba_os,"[{""name"": ""ap_name"", ""type"": ""str""}, {""name"": ""group"", ""type"": ""str""}, {""name"": ""ap_model"", ""type"": ""str""}, {""name"": ""ip_address"", ""type"": ""str""}, {""name"": ""status"", ""type"": ""str""}, {""name"": ""flags"", ""type"": ""str""}, {""name"": ""primary"", ""type"": ""str""}, {""name"": ""standby"", ""type"": ""str""}, {""name"": ""mac_address"", ""type"": ""str""}, {""name"": ""serial"", ""type"": ""str""}, {""name"": ""port"", ""type"": ""str""}, {""name"": ""fqln"", ""type"": ""str""}, {""name"": ""outer_ip"", ""type"": ""str""}, {""name"": ""user"", ""type"": ""str""}]",TextFSM template: aruba_os_show_ap_database_long.textfsm,2026-02-27T18:04:42.313900
textfsm,show ap radio-database,aruba_os,"[{""name"": ""ap_name"", ""type"": ""str""}, {""name"": ""group"", ""type"": ""str""}, {""name"": ""ap_model"", ""type"": ""str""}, {""name"": ""ip_address"", ""type"": ""str""}, {""name"": ""status"", ""type"": ""str""}, {""name"": ""flags"", ""type"": ""str""}, {""name"": ""primary"", ""type"": ""str""}, {""name"": ""standby"", ""type"": ""str""}, {""name"": ""radio0"", ""type"": ""str""}, {""name"": ""radio1"", ""type"": ""str""}, {""name"": ""radio2"", ""type"": ""str""}]",TextFSM template: aruba_os_show_ap_radio-database.textfsm,2026-02-27T18:04:42.313900
textfsm,show arp,aruba_os,"[{""name"": ""protocol"", ""type"": ""str""}, {""name"": ""ip_address"", ""type"": ""str""}, {""name"": ""mac_address"", ""type"": ""str""}, {""name"": ""interface"", ""type"": ""str""}, {""name"": ""age"", ""type"": ""str""}]",TextFSM template: aruba_os_show_arp.textfsm,2026-02-27T18:04:42.313900
textfsm,show hostname,aruba_os,"[{""name"": ""hostname"", ""type"": ""str""}]",TextFSM template: aruba_os_show_hostname.textfsm,2026-02-27T18:04:42.313900
textfsm,show ip interface brief,aruba_os,"[{""name"": ""interface"", ""type"": ""str""}, {""name"": ""ip_address"", ""type"": ""str""}, {""name"": ""netmask"", ""type"": ""str""}, {""name"": ""admin"", ""type"": ""str""}, {""name"": ""protocol"", ""type"": ""str""}]",TextFSM template: aruba_os_show_ip_interface_brief.textfsm,2026-02-27T18:04:42.313900
textfsm,show ipv6 interface brief,aruba_os,"[{""name"": ""interface"", ""type"": ""str""}, {""name"": ""ipv6_address"", ""type"": ""str""}, {""name"": ""admin"", ""type"": ""str""}, {""name"": ""protocol"", ""type"": ""str""}]",TextFSM template: aruba_os_show_ipv6_interface_brief.textfsm,2026-02-27T18:04:42.313900
textfsm,show version,aruba_os,"[{""name"": ""image_stamp"", ""type"": ""str""}, {""name"": ""image_build_date"", ""type"": ""str""}, {""name"": ""revision"", ""type"": ""str""}, {""name"": ""image_version"", ""type"": ""str""}, {""name"": ""boot_image"", ""type"": ""str""}, {""name"": ""boot_rom_version"", ""type"": ""str""}, {""name"": ""active_boot_rom"", ""type"": ""str""}]",TextFSM template: aruba_os_show_version.textfsm,2026-02-27T18:04:42.313900
textfsm,show vlan,aruba_os,"[{""name"": ""max_vlans"", ""type"": ""str""}, {""name"": ""primary_vlan"", ""type"": ""str""}, {""name"": ""mgmt_vlan"", ""type"": ""str""}, {""name"": ""vlan_id"", ""type"": ""str""}, {""name"": ""vlan_name"", ""type"": ""str""}, {""name"": ""vlan_status"", ""type"": ""str""}, {""name"": ""voice"", ""type"": ""str""}, {""name"": ""jumbo"", ""type"": ""str""}]",TextFSM template: aruba_os_show_vlan.textfsm,2026-02-27T18:04:42.313900
textfsm,show interface name,avaya_ers,"[{""name"": ""port"", ""type"": ""str""}, {""name"": ""name"", ""type"": ""str""}]",TextFSM template: avaya_ers_show_interface_name.textfsm,2026-02-27T18:04:42.313900
textfsm,show logging config,avaya_ers,"[{""name"": ""event_logging"", ""type"": ""str""}, {""name"": ""volatile"", ""type"": ""str""}, {""name"": ""log_types"", ""type"": ""str""}, {""name"": ""nv_storage_types"", ""type"": ""str""}, {""name"": ""remote_logging"", ""type"": ""str""}, {""name"": ""remote_address"", ""type"": ""str""}, {""name"": ""secondary_address"", ""type"": ""str""}, {""name"": ""remote_types"", ""type"": ""str""}, {""name"": ""facility"", ""type"": ""str""}]",TextFSM template: avaya_ers_show_logging_config.textfsm,2026-02-27T18:04:42.313900
textfsm,show mac-address-table,avaya_ers,"[{""name"": ""mac_address"", ""type"": ""str""}, {""name"": ""vid"", ""type"": ""str""}, {""name"": ""type"", ""type"": ""str""}, {""name"": ""port"", ""type"": ""str""}]",TextFSM template: avaya_ers_show_mac-address-table.textfsm,2026-02-27T18:04:42.313900
textfsm,show mlt,avaya_ers,"[{""name"": ""id"", ""type"": ""str""}, {""name"": ""name"", ""type"": ""str""}, {""name"": ""active_members"", ""type"": ""str""}, {""name"": ""inactive_members"", ""type"": ""str""}, {""name"": ""bpdu"", ""type"": ""str""}, {""name"": ""mode"", ""type"": ""str""}, {""name"": ""status"", ""type"": ""str""}, {""name"": ""type"", ""type"": ""str""}, {""name"": ""lacp_key"", ""type"": ""str""}]",TextFSM template: avaya_ers_show_mlt.textfsm,2026-02-27T18:04:42.313900
textfsm,show mlt all-members,avaya_ers,"[{""name"": ""mltid"", ""type"": ""str""}, {""name"": ""mltname"", ""type"": ""str""}, {""name"": ""mltactivemembers"", ""type"": ""str""}, {""name"": ""mltinactivemembers"", ""type"": ""str""}, {""name"": ""mltbpdu"", ""type"": ""str""}, {""name"": ""mltmode"", ""type"": ""str""}, {""name"": ""mltstatus"", ""type"": ""str""}, {""name"": ""mlttype"", ""type"": ""str""}, {""name"": ""mltlacpkey"", ""type"": ""str""}]",TextFSM template: avaya_ers_show_mlt_all-members.textfsm,2026-02-27T18:04:42.313900
textfsm,show sys-info,avaya_ers,"[{""name"": ""operation_mode"", ""type"": ""str""}, {""name"": ""size_of_stack"", ""type"": ""str""}, {""name"": ""base_unit"", ""type"": ""str""}, {""name"": ""mac_address"", ""type"": ""str""}, {""name"": ""poe_module_fw"", ""type"": ""str""}, {""name"": ""reset_count"", ""type"": ""str""}, {""name"": ""last_reset_type"", ""type"": ""str""}, {""name"": ""autotopology"", ""type"": ""str""}, {""name"": ""base_unit_selection"", ""type"": ""str""}, {""name"": ""serial_number"", ""type"": ""str""}, {""name"": ""operational_firmware"", ""type"": ""str""}, {""name"": ""operational_software"", ""type"": ""str""}, {""name"": ""installed_firmware"", ""type"": ""str""}, {""name"": ""installed_software"", ""type"": ""str""}, {""name"": ""operational_license"", ""type"": ""str""}, {""name"": ""installed_license"", ""type"": ""str""}, {""name"": ""sys_object_id"", ""type"": ""str""}, {""name"": ""sys_up_time"", ""type"": ""str""}, {""name"": ""sys_ntp_time"", ""type"": ""str""}, {""name"": ""sys_services"", ""type"": ""str""}, {""name"": ""sys_contact"", ""type"": ""str""}, {""name"": ""sys_name"", ""type"": ""str""}, {""name"": ""sys_location"", ""type"": ""str""}, {""name"": ""stack_sysassetid"", ""type"": ""str""}, {""name"": ""unit_sysassetid"", ""type"": ""str""}]",TextFSM template: avaya_ers_show_sys-info.textfsm,2026-02-27T18:04:42.313900
textfsm,show vlan,avaya_ers,"[{""name"": ""vlan_id"", ""type"": ""str""}, {""name"": ""vlan_name"", ""type"": ""str""}, {""name"": ""vlan_type"", ""type"": ""str""}, {""name"": ""vlan_protocol"", ""type"": ""str""}, {""name"": ""vlan_pid"", ""type"": ""str""}, {""name"": ""vlan_active"", ""type"": ""str""}, {""name"": ""vlan_ivl_svl"", ""type"": ""str""}, {""name"": ""vlan_mgmt"", ""type"": ""str""}, {""name"": ""vlan_port_members"", ""type"": ""str""}]",TextFSM template: avaya_ers_show_vlan.textfsm,2026-02-27T18:04:42.313900
textfsm,show software,avaya_vsp,"[{""name"": ""release_location"", ""type"": ""str""}, {""name"": ""backup_release"", ""type"": ""str""}, {""name"": ""primary_release"", ""type"": ""str""}, {""name"": ""auto_commit"", ""type"": ""str""}, {""name"": ""commit_timeout"", ""type"": ""str""}]",TextFSM template: avaya_vsp_show_software.textfsm,2026-02-27T18:04:42.313900
textfsm,testing,bogus_for,"[{""name"": ""key"", ""type"": ""str""}, {""name"": ""creator"", ""type"": ""str""}, {""name"": ""year_created"", ""type"": ""str""}, {""name"": ""level"", ""type"": ""str""}, {""name"": ""object_oriented"", ""type"": ""str""}, {""name"": ""not_used"", ""type"": ""str""}]",TextFSM template: bogus_for_testing.textfsm,2026-02-27T18:04:42.313900
textfsm,show isdp neighbors,broadcom_icos,"[{""name"": ""neighbor_name"", ""type"": ""str""}, {""name"": ""local_interface"", ""type"": ""str""}, {""name"": ""holdtime"", ""type"": ""str""}, {""name"": ""capabilities"", ""type"": ""str""}, {""name"": ""platform"", ""type"": ""str""}, {""name"": ""neighbor_interface"", ""type"": ""str""}]",TextFSM template: broadcom_icos_show_isdp_neighbors.textfsm,2026-02-27T18:04:42.313900
textfsm,show lldp remote-device all,broadcom_icos,"[{""name"": ""local_interface"", ""type"": ""str""}, {""name"": ""remote_id"", ""type"": ""str""}, {""name"": ""chassis_id"", ""type"": ""str""}, {""name"": ""neighbor_interface"", ""type"": ""str""}, {""name"": ""neighbor_name"", ""type"": ""str""}]",TextFSM template: broadcom_icos_show_lldp_remote-device_all.textfsm,2026-02-27T18:04:42.313900
textfsm,show mac-addr-table,broadcom_icos,"[{""name"": ""vlan_id"", ""type"": ""str""}, {""name"": ""mac_address"", ""type"": ""str""}, {""name"": ""interface"", ""type"": ""str""}, {""name"": ""index"", ""type"": ""str""}, {""name"": ""status"", ""type"": ""str""}]",TextFSM template: broadcom_icos_show_mac-addr-table.textfsm,2026-02-27T18:04:42.313900
textfsm,show version,broadcom_icos,"[{""name"": ""description"", ""type"": ""str""}, {""name"": ""switch_type"", ""type"": ""str""}, {""name"": ""switch_model"", ""type"": ""str""}, {""name"": ""serial"", ""type"": ""str""}, {""name"": ""fru_number"", ""type"": ""str""}, {""name"": ""part_number"", ""type"": ""str""}, {""name"": ""maintenance_level"", ""type"": ""str""}, {""name"": ""manufacturer"", ""type"": ""str""}, {""name"": ""mac_address"", ""type"": ""str""}, {""name"": ""version"", ""type"": ""str""}, {""name"": ""os_version"", ""type"": ""str""}, {""name"": ""network_processing_device"", ""type"": ""str""}, {""name"": ""cpld_version"", ""type"": ""str""}, {""name"": ""board_revision"", ""type"": ""str""}, {""name"": ""additional_packages"", ""type"": ""str""}]",TextFSM template: broadcom_icos_show_version.textfsm,2026-02-27T18:04:42.313900
textfsm,show vlan brief,broadcom_icos,"[{""name"": ""vlan_id"", ""type"": ""str""}, {""name"": ""vlan_name"", ""type"": ""str""}, {""name"": ""type"", ""type"": ""str""}]",TextFSM template: broadcom_icos_show_vlan_brief.textfsm,2026-02-27T18:04:42.313900
textfsm,show arp,brocade_fastiron,"[{""name"": ""protocol"", ""type"": ""str""}, {""name"": ""ip_address"", ""type"": ""str""}, {""name"": ""age"", ""type"": ""str""}, {""name"": ""mac_address"", ""type"": ""str""}, {""name"": ""type"", ""type"": ""str""}, {""name"": ""port"", ""type"": ""str""}]",TextFSM template: brocade_fastiron_show_arp.textfsm,2026-02-27T18:04:42.313900
textfsm,show interfaces,brocade_fastiron,"[{""name"": ""interface"", ""type"": ""str""}, {""name"": ""intstate"", ""type"": ""str""}, {""name"": ""protostate"", ""type"": ""str""}, {""name"": ""stprootguard"", ""type"": ""str""}, {""name"": ""stpbpduguard"", ""type"": ""str""}, {""name"": ""hardwaretype"", ""type"": ""str""}, {""name"": ""mac"", ""type"": ""str""}, {""name"": ""bia"", ""type"": ""str""}, {""name"": ""confspeed"", ""type"": ""str""}, {""name"": ""confduplex"", ""type"": ""str""}, {""name"": ""actualspeed"", ""type"": ""str""}, {""name"": ""actualduplex"", ""type"": ""str""}, {""name"": ""l2portstate"", ""type"": ""str""}, {""name"": ""l2portmode"", ""type"": ""str""}, {""name"": ""untaggedvlan"", ""type"": ""str""}, {""name"": ""numtaggedvlans"", ""type"": ""str""}, {""name"": ""stpconfstate"", ""type"": ""str""}, {""name"": ""priority"", ""type"": ""str""}, {""name"": ""flowcontrolconfigstate"", ""type"": ""str""}, {""name"": ""flowcontrolopstate"", ""type"": ""str""}, {""name"": ""flowcontrolnegconfig"", ""type"": ""str""}, {""name"": ""mirrorstate"", ""type"": ""str""}, {""name"": ""monitorstate"", ""type"": ""str""}, {""name"": ""activelagports"", ""type"": ""str""}, {""name"": ""activelagrole"", ""type"": ""str""}, {""name"": ""activelagprimaryport"", ""type"": ""str""}, {""name"": ""conflagports"", ""type"": ""str""}, {""name"": ""conflagrole"", ""type"": ""str""}, {""name"": ""conflagprimaryport"", ""type"": ""str""}, {""name"": ""portname"", ""type"": ""str""}, {""name"": ""l2mtubytes"", ""type"": ""str""}, {""name"": ""loadinterval"", ""type"": ""str""}, {""name"": ""inputbitssec"", ""type"": ""str""}, {""name"": ""inputpacketssec"", ""type"": ""str""}, {""name"": ""inputpercentutilization"", ""type"": ""str""}, {""name"": ""outputbitssec"", ""type"": ""str""}, {""name"": ""outputpacketssec"", ""type"": ""str""}, {""name"": ""outputpercentutilization"", ""type"": ""str""}, {""name"": ""inputpacketstotal"", ""type"": ""str""}, {""name"": ""inputbytestotal"", ""type"": ""str""}, {""name"": ""inputnobuffers"", ""type"": ""str""}, {""name"": ""inputbroadcasts"", ""type"": ""str""}, {""name"": ""inputmulticasts"", ""type"": ""str""}, {""name"": ""inputunicasts"", ""type"": ""str""}, {""name"": ""inputerrors"", ""type"": ""str""}, {""name"": ""inputcrcerrors"", ""type"": ""str""}, {""name"": ""inputframeerrors"", ""type"": ""str""}, {""name"": ""inputignorederrors"", ""type"": ""str""}, {""name"": ""inputrunts"", ""type"": ""str""}, {""name"": ""inputgiants"", ""type"": ""str""}, {""name"": ""outputpacketstotal"", ""type"": ""str""}, {""name"": ""outputbytestotal"", ""type"": ""str""}, {""name"": ""outputunderruns"", ""type"": ""str""}, {""name"": ""outputbroadcasts"", ""type"": ""str""}, {""name"": ""outputmulticasts"", ""type"": ""str""}, {""name"": ""outputunicasts"", ""type"": ""str""}, {""name"": ""outputerrors"", ""type"": ""str""}, {""name"": ""outputcollisions"", ""type"": ""str""}, {""name"": ""relayagentinfo"", ""type"": ""str""}, {""name"": ""queue0queued"", ""type"": ""str""}, {""name"": ""queue0dropped"", ""type"": ""str""}, {""name"": ""queue1queued"", ""type"": ""str""}, {""name"": ""queue1dropped"", ""type"": ""str""}, {""name"": ""queue2queued"", ""type"": ""str""}, {""name"": ""queue2dropped"", ""type"": ""str""}, {""name"": ""queue3queued"", ""type"": ""str""}, {""name"": ""queue3dropped"", ""type"": ""str""}, {""name"": ""queue4queued"", ""type"": ""str""}, {""name"": ""queue4dropped"", ""type"": ""str""}, {""name"": ""queue5queued"", ""type"": ""str""}, {""name"": ""queue5dropped"", ""type"": ""str""}, {""name"": ""queue6queued"", ""type"": ""str""}, {""name"": ""queue6dropped"", ""type"": ""str""}, {""name"": ""queue7queued"", ""type"": ""str""}, {""name"": ""queue7dropped"", ""type"": ""str""}]",TextFSM template: brocade_fastiron_show_interfaces.textfsm,2026-02-27T18:04:42.313900
textfsm,show interfaces brief,brocade_fastiron,"[{""name"": ""interface"", ""type"": ""str""}, {""name"": ""linkstate"", ""type"": ""str""}, {""name"": ""portstate"", ""type"": ""str""}, {""name"": ""duplex"", ""type"": ""str""}, {""name"": ""speed"", ""type"": ""str""}, {""name"": ""trunkid"", ""type"": ""str""}, {""name"": ""tagonly"", ""type"": ""str""}, {""name"": ""pvid"", ""type"": ""str""}, {""name"": ""priority"", ""type"": ""str""}, {""name"": ""mac"", ""type"": ""str""}, {""name"": ""name"", ""type"": ""str""}]",TextFSM template: brocade_fastiron_show_interfaces_brief.textfsm,2026-02-27T18:04:42.313900
textfsm,show lag brief,brocade_fastiron,"[{""name"": ""lagnameshort"", ""type"": ""str""}, {""name"": ""lagtype"", ""type"": ""str""}, {""name"": ""deployed"", ""type"": ""str""}, {""name"": ""trunkid"", ""type"": ""str""}, {""name"": ""primaryinterface"", ""type"": ""str""}, {""name"": ""portlist"", ""type"": ""str""}, {""name"": ""portlistcont"", ""type"": ""str""}]",TextFSM template: brocade_fastiron_show_lag_brief.textfsm,2026-02-27T18:04:42.313900
textfsm,show lldp neighbors,brocade_fastiron,"[{""name"": ""neighbor_name"", ""type"": ""str""}, {""name"": ""local_interface"", ""type"": ""str""}, {""name"": ""holdtime"", ""type"": ""str""}, {""name"": ""capabilities"", ""type"": ""str""}, {""name"": ""neighbor_interface"", ""type"": ""str""}]",TextFSM template: brocade_fastiron_show_lldp_neighbors.textfsm,2026-02-27T18:04:42.313900
textfsm,show lldp neighbors detail,brocade_fastiron,"[{""name"": ""local_interface"", ""type"": ""str""}, {""name"": ""neighbor_port_id"", ""type"": ""str""}, {""name"": ""holdtime"", ""type"": ""str""}, {""name"": ""neighbor_name"", ""type"": ""str""}, {""name"": ""neighbor_interface"", ""type"": ""str""}, {""name"": ""vlan_id"", ""type"": ""str""}, {""name"": ""mgmt_address"", ""type"": ""str""}, {""name"": ""neighbor_lacp_index"", ""type"": ""str""}, {""name"": ""neighbor_max_frame_size"", ""type"": ""str""}, {""name"": ""neighbor_mau"", ""type"": ""str""}, {""name"": ""capabilities"", ""type"": ""str""}]",TextFSM template: brocade_fastiron_show_lldp_neighbors_detail.textfsm,2026-02-27T18:04:42.313900
textfsm,show mac-address,brocade_fastiron,"[{""name"": ""mac_address"", ""type"": ""str""}, {""name"": ""destination_port"", ""type"": ""str""}, {""name"": ""age"", ""type"": ""str""}, {""name"": ""vlan_id"", ""type"": ""str""}, {""name"": ""type"", ""type"": ""str""}]",TextFSM template: brocade_fastiron_show_mac-address.textfsm,2026-02-27T18:04:42.313900
textfsm,show metro,brocade_fastiron,"[{""name"": ""ringid"", ""type"": ""str""}, {""name"": ""ringname"", ""type"": ""str""}, {""name"": ""ringstate"", ""type"": ""str""}, {""name"": ""ringrole"", ""type"": ""str""}, {""name"": ""mastervlan"", ""type"": ""str""}, {""name"": ""topogroup"", ""type"": ""str""}, {""name"": ""hellotime"", ""type"": ""str""}, {""name"": ""prefwingtime"", ""type"": ""str""}, {""name"": ""port1interface"", ""type"": ""str""}, {""name"": ""port1role"", ""type"": ""str""}, {""name"": ""port1state"", ""type"": ""str""}, {""name"": ""port1activeint"", ""type"": ""str""}, {""name"": ""port1inttype"", ""type"": ""str""}, {""name"": ""port2interface"", ""type"": ""str""}, {""name"": ""port2role"", ""type"": ""str""}, {""name"": ""port2state"", ""type"": ""str""}, {""name"": ""port2activeint"", ""type"": ""str""}, {""name"": ""port2inttype"", ""type"": ""str""}, {""name"": ""rhpssent"", ""type"": ""str""}, {""name"": ""rhpsrecvd"", ""type"": ""str""}, {""name"": ""tcrbpdusrecvd"", ""type"": ""str""}, {""name"": ""statechanges"", ""type"": ""str""}]",TextFSM template: brocade_fastiron_show_metro.textfsm,2026-02-27T18:04:42.313900
textfsm,show monitor,brocade_fastiron,"[{""name"": ""monitoredport"", ""type"": ""str""}, {""name"": ""inputmirror"", ""type"": ""str""}, {""name"": ""outputmirror"", ""type"": ""str""}]",TextFSM template: brocade_fastiron_show_monitor.textfsm,2026-02-27T18:04:42.313900
textfsm,show running-config vlan,brocade_fastiron,"[{""name"": ""vlan_id"", ""type"": ""str""}, {""name"": ""vlan_name"", ""type"": ""str""}, {""name"": ""untaggedports"", ""type"": ""str""}, {""name"": ""taggedports"", ""type"": ""str""}, {""name"": ""spanningtree"", ""type"": ""str""}, {""name"": ""metroid1"", ""type"": ""str""}, {""name"": ""metrointerfaces1"", ""type"": ""str""}, {""name"": ""metroconfenable1"", ""type"": ""str""}, {""name"": ""metroconfmaster1"", ""type"": ""str""}, {""name"": ""metroconfdiag1"", ""type"": ""str""}, {""name"": ""metroname1"", ""type"": ""str""}, {""name"": ""metroid2"", ""type"": ""str""}, {""name"": ""metrointerfaces2"", ""type"": ""str""}, {""name"": ""metroconfenable2"", ""type"": ""str""}, {""name"": ""metroconfmaster2"", ""type"": ""str""}, {""name"": ""metroconfdiag2"", ""type"": ""str""}, {""name"": ""metroname2"", ""type"": ""str""}, {""name"": ""metroid3"", ""type"": ""str""}, {""name"": ""metrointerfaces3"", ""type"": ""str""}, {""name"": ""metroconfenable3"", ""type"": ""str""}, {""name"": ""metroconfmaster3"", ""type"": ""str""}, {""name"": ""metroconfdiag3"", ""type"": ""str""}, {""name"": ""metroname3"", ""type"": ""str""}, {""name"": ""metroid4"", ""type"": ""str""}, {""name"": ""metrointerfaces4"", ""type"": ""str""}, {""name"": ""metroconfenable4"", ""type"": ""str""}, {""name"": ""metroconfmaster4"", ""type"": ""str""}, {""name"": ""metroconfdiag4"", ""type"": ""str""}, {""name"": ""metroname4"", ""type"": ""str""}]",TextFSM template: brocade_fastiron_show_running-config_vlan.textfsm,2026-02-27T18:04:42.313900
textfsm,show span,brocade_fastiron,"[{""name"": ""mastervlan"", ""type"": ""str""}, {""name"": ""vlan_id"", ""type"": ""str""}, {""name"": ""rootbridgeid"", ""type"": ""str""}, {""name"": ""rootpathcost"", ""type"": ""str""}, {""name"": ""rootport"", ""type"": ""str""}, {""name"": ""priorityhex"", ""type"": ""str""}, {""name"": ""bridgemaxage"", ""type"": ""str""}, {""name"": ""bridgehello"", ""type"": ""str""}, {""name"": ""holdtime"", ""type"": ""str""}, {""name"": ""bridgefwddly"", ""type"": ""str""}, {""name"": ""lasttopochange"", ""type"": ""str""}, {""name"": ""topochangecount"", ""type"": ""str""}, {""name"": ""bridgeaddress"", ""type"": ""str""}]",TextFSM template: brocade_fastiron_show_span.textfsm,2026-02-27T18:04:42.313900
textfsm,show topo,brocade_fastiron,"[{""name"": ""topogroup"", ""type"": ""str""}, {""name"": ""mastervlan"", ""type"": ""str""}, {""name"": ""l2proto"", ""type"": ""str""}]",TextFSM template: brocade_fastiron_show_topo.textfsm,2026-02-27T18:04:42.313900
textfsm,show trunk,brocade_fastiron,"[{""name"": ""id"", ""type"": ""str""}, {""name"": ""port1"", ""type"": ""str""}, {""name"": ""port2"", ""type"": ""str""}, {""name"": ""port3"", ""type"": ""str""}, {""name"": ""port4"", ""type"": ""str""}, {""name"": ""port5"", ""type"": ""str""}, {""name"": ""port6"", ""type"": ""str""}, {""name"": ""port7"", ""type"": ""str""}, {""name"": ""port8"", ""type"": ""str""}, {""name"": ""link1"", ""type"": ""str""}, {""name"": ""link2"", ""type"": ""str""}, {""name"": ""link3"", ""type"": ""str""}, {""name"": ""link4"", ""type"": ""str""}, {""name"": ""link5"", ""type"": ""str""}, {""name"": ""link6"", ""type"": ""str""}, {""name"": ""link7"", ""type"": ""str""}, {""name"": ""link8"", ""type"": ""str""}, {""name"": ""state1"", ""type"": ""str""}, {""name"": ""state2"", ""type"": ""str""}, {""name"": ""state3"", ""type"": ""str""}, {""name"": ""state4"", ""type"": ""str""}, {""name"": ""state5"", ""type"": ""str""}, {""name"": ""state6"", ""type"": ""str""}, {""name"": ""state7"", ""type"": ""str""}, {""name"": ""state8"", ""type"": ""str""}]",TextFSM template: brocade_fastiron_show_trunk.textfsm,2026-02-27T18:04:42.313900
textfsm,show version,brocade_fastiron,"[{""name"": ""switch_id"", ""type"": ""str""}, {""name"": ""sw_bin"", ""type"": ""str""}, {""name"": ""sw_version"", ""type"": ""str""}, {""name"": ""boot_monitor_version"", ""type"": ""str""}, {""name"": ""hw"", ""type"": ""str""}, {""name"": ""slot"", ""type"": ""str""}, {""name"": ""model"", ""type"": ""str""}, {""name"": ""poe"", ""type"": ""str""}, {""name"": ""ports"", ""type"": ""str""}, {""name"": ""module_type"", ""type"": ""str""}, {""name"": ""serial"", ""type"": ""str""}, {""name"": ""license"", ""type"": ""str""}, {""name"": ""flash"", ""type"": ""str""}, {""name"": ""flash_measurement"", ""type"": ""str""}, {""name"": ""ram"", ""type"": ""str""}, {""name"": ""ram_measurement"", ""type"": ""str""}, {""name"": ""uptime_days"", ""type"": ""str""}, {""name"": ""uptime_hours"", ""type"": ""str""}, {""name"": ""uptime_minutes"", ""type"": ""str""}, {""name"": ""uptime_seconds"", ""type"": ""str""}, {""name"": ""start_time"", ""type"": ""str""}, {""name"": ""start_timezone"", ""type"": ""str""}, {""name"": ""start_day"", ""type"": ""str""}, {""name"": ""start_month"", ""type"": ""str""}, {""name"": ""start_date"", ""type"": ""str""}, {""name"": ""start_year"", ""type"": ""str""}, {""name"": ""reload_reason"", ""type"": ""str""}]",TextFSM template: brocade_fastiron_show_version.textfsm,2026-02-27T18:04:42.313900
textfsm,show interfaces,brocade_netiron,"[{""name"": ""interface"", ""type"": ""str""}, {""name"": ""intstate"", ""type"": ""str""}, {""name"": ""protostate"", ""type"": ""str""}, {""name"": ""stprootguard"", ""type"": ""str""}, {""name"": ""stpbpduguard"", ""type"": ""str""}, {""name"": ""hardwaretype"", ""type"": ""str""}, {""name"": ""mac"", ""type"": ""str""}, {""name"": ""bia"", ""type"": ""str""}, {""name"": ""conffiberspeed"", ""type"": ""str""}, {""name"": ""confcopperspeed"", ""type"": ""str""}, {""name"": ""conffiberduplex"", ""type"": ""str""}, {""name"": ""confcopperduplex"", ""type"": ""str""}, {""name"": ""actualspeed"", ""type"": ""str""}, {""name"": ""actualduplex"", ""type"": ""str""}, {""name"": ""l2portstate"", ""type"": ""str""}, {""name"": ""l2portmode"", ""type"": ""str""}, {""name"": ""untaggedvlan"", ""type"": ""str""}, {""name"": ""numtaggedvlans"", ""type"": ""str""}, {""name"": ""stpconfstate"", ""type"": ""str""}, {""name"": ""priority"", ""type"": ""str""}, {""name"": ""flowcontrolstate"", ""type"": ""str""}, {""name"": ""priorityforcedstate"", ""type"": ""str""}, {""name"": ""dropprecedencelevel"", ""type"": ""str""}, {""name"": ""dropprecedenceforcestate"", ""type"": ""str""}, {""name"": ""dhcpsnooptrust"", ""type"": ""str""}, {""name"": ""mirrorstate"", ""type"": ""str""}, {""name"": ""monitorstate"", ""type"": ""str""}, {""name"": ""lacpbpduforward"", ""type"": ""str""}, {""name"": ""lldpbpduforward"", ""type"": ""str""}, {""name"": ""activelagports"", ""type"": ""str""}, {""name"": ""activelagrole"", ""type"": ""str""}, {""name"": ""activelagprimaryport"", ""type"": ""str""}, {""name"": ""conflagports"", ""type"": ""str""}, {""name"": ""conflagrole"", ""type"": ""str""}, {""name"": ""conflagprimaryport"", ""type"": ""str""}, {""name"": ""portname"", ""type"": ""str""}, {""name"": ""l2mtubytes"", ""type"": ""str""}, {""name"": ""encapsulation"", ""type"": ""str""}, {""name"": ""openflowopstate"", ""type"": ""str""}, {""name"": ""openflowindex"", ""type"": ""str""}, {""name"": ""clusterl2protoforwarding"", ""type"": ""str""}, {""name"": ""loadinterval"", ""type"": ""str""}, {""name"": ""inputbitssec"", ""type"": ""str""}, {""name"": ""inputpacketssec"", ""type"": ""str""}, {""name"": ""inputpercentutilization"", ""type"": ""str""}, {""name"": ""outputbitssec"", ""type"": ""str""}, {""name"": ""outputpacketssec"", ""type"": ""str""}, {""name"": ""outputpercentutilization"", ""type"": ""str""}, {""name"": ""inputpacketstotal"", ""type"": ""str""}, {""name"": ""inputbytestotal"", ""type"": ""str""}, {""name"": ""inputnobuffers"", ""type"": ""str""}, {""name"": ""inputbroadcasts"", ""type"": ""str""}, {""name"": ""inputmulticasts"", ""type"": ""str""}, {""name"": ""inputunicasts"", ""type"": ""str""}, {""name"": ""inputerrors"", ""type"": ""str""}, {""name"": ""inputcrcerrors"", ""type"": ""str""}, {""name"": ""inputframeerrors"", ""type"": ""str""}, {""name"": ""inputignorederrors"", ""type"": ""str""}, {""name"": ""inputrunts"", ""type"": ""str""}, {""name"": ""inputgiants"", ""type"": ""str""}, {""name"": ""inputnpreceivedpackets"", ""type"": ""str""}, {""name"": ""inputsenttotmpackets"", ""type"": ""str""}, {""name"": ""inputnpingressdroppedpackets"", ""type"": ""str""}, {""name"": ""outputpacketstotal"", ""type"": ""str""}, {""name"": ""outputbytestotal"", ""type"": ""str""}, {""name"": ""outputunderruns"", ""type"": ""str""}, {""name"": ""outputbroadcasts"", ""type"": ""str""}, {""name"": ""outputmulticasts"", ""type"": ""str""}, {""name"": ""outputunicasts"", ""type"": ""str""}, {""name"": ""outputerrors"", ""type"": ""str""}, {""name"": ""outputcollisions"", ""type"": ""str""}, {""name"": ""outputnptransmittedpackets"", ""type"": ""str""}, {""name"": ""outputreceivedfromtmpackets"", ""type"": ""str""}, {""name"": ""l3mtubytes"", ""type"": ""str""}, {""name"": ""ipaddress"", ""type"": ""str""}, {""name"": ""ipencapsulation"", ""type"": ""str""}]",TextFSM template: brocade_netiron_show_interfaces.textfsm,2026-02-27T18:04:42.313900
textfsm,show interfaces brief,brocade_netiron,"[{""name"": ""interface"", ""type"": ""str""}, {""name"": ""linkstate"", ""type"": ""str""}, {""name"": ""portstate"", ""type"": ""str""}, {""name"": ""duplex"", ""type"": ""str""}, {""name"": ""speed"", ""type"": ""str""}, {""name"": ""trunkid"", ""type"": ""str""}, {""name"": ""tagonly"", ""type"": ""str""}, {""name"": ""priority"", ""type"": ""str""}, {""name"": ""mac"", ""type"": ""str""}]",TextFSM template: brocade_netiron_show_interfaces_brief.textfsm,2026-02-27T18:04:42.313900
textfsm,show lag brief,brocade_netiron,"[{""name"": ""lagnameshort"", ""type"": ""str""}, {""name"": ""lagtype"", ""type"": ""str""}, {""name"": ""deployed"", ""type"": ""str""}, {""name"": ""trunkid"", ""type"": ""str""}, {""name"": ""primaryinterface"", ""type"": ""str""}, {""name"": ""portlist"", ""type"": ""str""}, {""name"": ""portlistcont"", ""type"": ""str""}]",TextFSM template: brocade_netiron_show_lag_brief.textfsm,2026-02-27T18:04:42.313900
textfsm,show lldp neighbors detail,brocade_netiron,"[{""name"": ""local_interface"", ""type"": ""str""}, {""name"": ""neighbor_port_id"", ""type"": ""str""}, {""name"": ""holdtime"", ""type"": ""str""}, {""name"": ""neighbor_name"", ""type"": ""str""}, {""name"": ""neighbor_interface"", ""type"": ""str""}, {""name"": ""vlan_id"", ""type"": ""str""}, {""name"": ""mgmt_address"", ""type"": ""str""}, {""name"": ""neighbor_lacp_index"", ""type"": ""str""}, {""name"": ""neighbor_max_frame_size"", ""type"": ""str""}, {""name"": ""neighbor_mau"", ""type"": ""str""}, {""name"": ""capabilities"", ""type"": ""str""}]",TextFSM template: brocade_netiron_show_lldp_neighbors_detail.textfsm,2026-02-27T18:04:42.313900
textfsm,show metro,brocade_netiron,"[{""name"": ""ringid"", ""type"": ""str""}, {""name"": ""vlantype"", ""type"": ""str""}, {""name"": ""ringname"", ""type"": ""str""}, {""name"": ""ringstate"", ""type"": ""str""}, {""name"": ""ringrole"", ""type"": ""str""}, {""name"": ""mastervlan"", ""type"": ""str""}, {""name"": ""topogroup"", ""type"": ""str""}, {""name"": ""hellotime"", ""type"": ""str""}, {""name"": ""prefwingtime"", ""type"": ""str""}, {""name"": ""port1interface"", ""type"": ""str""}, {""name"": ""port1role"", ""type"": ""str""}, {""name"": ""port1state"", ""type"": ""str""}, {""name"": ""port1inttype"", ""type"": ""str""}, {""name"": ""port2interface"", ""type"": ""str""}, {""name"": ""port2role"", ""type"": ""str""}, {""name"": ""port2state"", ""type"": ""str""}, {""name"": ""port2inttype"", ""type"": ""str""}, {""name"": ""rhpssent"", ""type"": ""str""}, {""name"": ""rhpsrecvd"", ""type"": ""str""}, {""name"": ""tcrbpdusrecvd"", ""type"": ""str""}, {""name"": ""statechanges"", ""type"": ""str""}]",TextFSM template: brocade_netiron_show_metro.textfsm,2026-02-27T18:04:42.313900
textfsm,show monitor actual,brocade_netiron,"[{""name"": ""monitoredport"", ""type"": ""str""}, {""name"": ""inputmirror"", ""type"": ""str""}, {""name"": ""outputmirror"", ""type"": ""str""}]",TextFSM template: brocade_netiron_show_monitor_actual.textfsm,2026-02-27T18:04:42.313900
textfsm,show running-config interface,brocade_netiron,"[{""name"": ""interface_type"", ""type"": ""str""}, {""name"": ""interface"", ""type"": ""str""}, {""name"": ""portname"", ""type"": ""str""}, {""name"": ""qostostrust"", ""type"": ""str""}, {""name"": ""qostosmark"", ""type"": ""str""}, {""name"": ""ospfarea"", ""type"": ""str""}, {""name"": ""ospfpassive"", ""type"": ""str""}, {""name"": ""ospfcost"", ""type"": ""str""}, {""name"": ""vrf"", ""type"": ""str""}, {""name"": ""ippimsparse"", ""type"": ""str""}, {""name"": ""iprouterisis"", ""type"": ""str""}, {""name"": ""isismetric"", ""type"": ""str""}, {""name"": ""ip_helper"", ""type"": ""str""}, {""name"": ""ipredirect"", ""type"": ""str""}, {""name"": ""ip_address"", ""type"": ""str""}, {""name"": ""ip_addr_cidr"", ""type"": ""str""}, {""name"": ""ipv6_addr"", ""type"": ""str""}, {""name"": ""ipv6_addr_cidr"", ""type"": ""str""}, {""name"": ""admin_state"", ""type"": ""str""}, {""name"": ""acl_in"", ""type"": ""str""}, {""name"": ""acl_out"", ""type"": ""str""}, {""name"": ""vrid"", ""type"": ""str""}, {""name"": ""ip_addr_vrrpe"", ""type"": ""str""}]",TextFSM template: brocade_netiron_show_running-config_interface.textfsm,2026-02-27T18:04:42.313900
textfsm,show running-config vlan,brocade_netiron,"[{""name"": ""vlan_id"", ""type"": ""str""}, {""name"": ""vlan_name"", ""type"": ""str""}, {""name"": ""untaggedports"", ""type"": ""str""}, {""name"": ""taggedports"", ""type"": ""str""}, {""name"": ""associatedve"", ""type"": ""str""}, {""name"": ""metroid1"", ""type"": ""str""}, {""name"": ""metrointerfaces1"", ""type"": ""str""}, {""name"": ""metroconfenable1"", ""type"": ""str""}, {""name"": ""metroconfmaster1"", ""type"": ""str""}, {""name"": ""metroconfdiag1"", ""type"": ""str""}, {""name"": ""metroname1"", ""type"": ""str""}, {""name"": ""metroid2"", ""type"": ""str""}, {""name"": ""metrointerfaces2"", ""type"": ""str""}, {""name"": ""metroconfenable2"", ""type"": ""str""}, {""name"": ""metroconfmaster2"", ""type"": ""str""}, {""name"": ""metroconfdiag2"", ""type"": ""str""}, {""name"": ""metroname2"", ""type"": ""str""}, {""name"": ""metroid3"", ""type"": ""str""}, {""name"": ""metrointerfaces3"", ""type"": ""str""}, {""name"": ""metroconfenable3"", ""type"": ""str""}, {""name"": ""metroconfmaster3"", ""type"": ""str""}, {""name"": ""metroconfdiag3"", ""type"": ""str""}, {""name"": ""metroname3"", ""type"": ""str""}, {""name"": ""metroid4"", ""type"": ""str""}, {""name"": ""metrointerfaces4"", ""type"": ""str""}, {""name"": ""metroconfenable4"", ""type"": ""str""}, {""name"": ""metroconfmaster4"", ""type"": ""str""}, {""name"": ""metroconfdiag4"", ""type"": ""str""}, {""name"": ""metroname4"", ""type"": ""str""}]",TextFSM template: brocade_netiron_show_running-config_vlan.textfsm,2026-02-27T18:04:42.313900
textfsm,show span,brocade_netiron,"[{""name"": ""mastervlan"", ""type"": ""str""}, {""name"": ""instance"", ""type"": ""str""}, {""name"": ""bridgeid"", ""type"": ""str""}, {""name"": ""bridgemaxage"", ""type"": ""str""}, {""name"": ""bridgehello"", ""type"": ""str""}, {""name"": ""bridgefwddly"", ""type"": ""str""}, {""name"": ""holdtime"", ""type"": ""str""}, {""name"": ""lasttopochange"", ""type"": ""str""}, {""name"": ""topochangecount"", ""type"": ""str""}, {""name"": ""rootbridgeid"", ""type"": ""str""}, {""name"": ""rootpathcost"", ""type"": ""str""}, {""name"": ""designatedbridgeid"", ""type"": ""str""}, {""name"": ""rootport"", ""type"": ""str""}, {""name"": ""rbmaxage"", ""type"": ""str""}, {""name"": ""rbhello"", ""type"": ""str""}, {""name"": ""rbfwddly"", ""type"": ""str""}]",TextFSM template: brocade_netiron_show_span.textfsm,2026-02-27T18:04:42.313900
textfsm,show topo,brocade_netiron,"[{""name"": ""topogroup"", ""type"": ""str""}, {""name"": ""topohwindex"", ""type"": ""str""}, {""name"": ""mastervlan"", ""type"": ""str""}, {""name"": ""l2proto"", ""type"": ""str""}, {""name"": ""vplsvlanpresent"", ""type"": ""str""}, {""name"": ""membervlans"", ""type"": ""str""}, {""name"": ""membergroup"", ""type"": ""str""}, {""name"": ""controlports"", ""type"": ""str""}]",TextFSM template: brocade_netiron_show_topo.textfsm,2026-02-27T18:04:42.313900
textfsm,fw stat,checkpoint_gaia,"[{""name"": ""policy"", ""type"": ""str""}, {""name"": ""policy_install_date"", ""type"": ""str""}]",TextFSM template: checkpoint_gaia_fw_stat.textfsm,2026-02-27T18:04:42.313900
textfsm,show arp dynamic all,checkpoint_gaia,"[{""name"": ""ip_address"", ""type"": ""str""}, {""name"": ""mac_address"", ""type"": ""str""}]",TextFSM template: checkpoint_gaia_show_arp_dynamic_all.textfsm,2026-02-27T18:04:42.313900
textfsm,show asset all,checkpoint_gaia,"[{""name"": ""platform"", ""type"": ""str""}, {""name"": ""model"", ""type"": ""str""}, {""name"": ""serial"", ""type"": ""str""}, {""name"": ""slot"", ""type"": ""str""}, {""name"": ""descr"", ""type"": ""str""}, {""name"": ""lom_status"", ""type"": ""str""}, {""name"": ""lom_rev"", ""type"": ""str""}]",TextFSM template: checkpoint_gaia_show_asset_all.textfsm,2026-02-27T18:04:42.313900
textfsm,show dns,checkpoint_gaia,"[{""name"": ""domain"", ""type"": ""str""}, {""name"": ""dns_servers"", ""type"": ""str""}]",TextFSM template: checkpoint_gaia_show_dns.textfsm,2026-02-27T18:04:42.313900
textfsm,show domainname,checkpoint_gaia,"[{""name"": ""domainname"", ""type"": ""str""}]",TextFSM template: checkpoint_gaia_show_domainname.textfsm,2026-02-27T18:04:42.313900
textfsm,show interfaces all,checkpoint_gaia,"[{""name"": ""interface"", ""type"": ""str""}, {""name"": ""state"", ""type"": ""str""}, {""name"": ""mac_address"", ""type"": ""str""}, {""name"": ""type"", ""type"": ""str""}, {""name"": ""link_state"", ""type"": ""str""}, {""name"": ""mtu"", ""type"": ""str""}, {""name"": ""instance"", ""type"": ""str""}, {""name"": ""autoneg"", ""type"": ""str""}, {""name"": ""speed"", ""type"": ""str""}, {""name"": ""comment"", ""type"": ""str""}, {""name"": ""ipv4_address"", ""type"": ""str""}, {""name"": ""ipv6_address"", ""type"": ""str""}, {""name"": ""ipv6_ll_address"", ""type"": ""str""}, {""name"": ""ipv6_ll_mask"", ""type"": ""str""}]",TextFSM template: checkpoint_gaia_show_interfaces_all.textfsm,2026-02-27T18:04:42.313900
textfsm,show ipv6 route,checkpoint_gaia,"[{""name"": ""protocol"", ""type"": ""str""}, {""name"": ""network"", ""type"": ""str""}, {""name"": ""prefix_length"", ""type"": ""str""}, {""name"": ""nexthopip"", ""type"": ""str""}, {""name"": ""interface"", ""type"": ""str""}, {""name"": ""comment"", ""type"": ""str""}]",TextFSM template: checkpoint_gaia_show_ipv6_route.textfsm,2026-02-27T18:04:42.313900
textfsm,show lom,checkpoint_gaia,"[{""name"": ""version"", ""type"": ""str""}, {""name"": ""lomip"", ""type"": ""str""}]",TextFSM template: checkpoint_gaia_show_lom.textfsm,2026-02-27T18:04:42.313900
textfsm,show ntp servers,checkpoint_gaia,"[{""name"": ""ip_address"", ""type"": ""str""}, {""name"": ""type"", ""type"": ""str""}, {""name"": ""version"", ""type"": ""str""}]",TextFSM template: checkpoint_gaia_show_ntp_servers.textfsm,2026-02-27T18:04:42.313900
textfsm,show route,checkpoint_gaia,"[{""name"": ""protocol"", ""type"": ""str""}, {""name"": ""network"", ""type"": ""str""}, {""name"": ""mask"", ""type"": ""str""}, {""name"": ""nexthopip"", ""type"": ""str""}, {""name"": ""interface"", ""type"": ""str""}, {""name"": ""comment"", ""type"": ""str""}]",TextFSM template: checkpoint_gaia_show_route.textfsm,2026-02-27T18:04:42.313900
textfsm,show version all,checkpoint_gaia,"[{""name"": ""version"", ""type"": ""str""}, {""name"": ""build"", ""type"": ""str""}, {""name"": ""kernel"", ""type"": ""str""}, {""name"": ""architecture"", ""type"": ""str""}]",TextFSM template: checkpoint_gaia_show_version_all.textfsm,2026-02-27T18:04:42.313900
textfsm,show virtual-system all,checkpoint_gaia,"[{""name"": ""instance_id"", ""type"": ""str""}, {""name"": ""instance_name"", ""type"": ""str""}]",TextFSM template: checkpoint_gaia_show_virtual-system_all.textfsm,2026-02-27T18:04:42.313900
textfsm,chassis show temperature,ciena_saos,"[{""name"": ""current"", ""type"": ""str""}, {""name"": ""low"", ""type"": ""str""}, {""name"": ""high"", ""type"": ""str""}]",TextFSM template: ciena_saos_chassis_show_temperature.textfsm,2026-02-27T18:04:42.313900
textfsm,lldp show neighbors,ciena_saos,"[{""name"": ""list"", ""type"": ""str""}, {""name"": ""list"", ""type"": ""str""}, {""name"": ""system_name"", ""type"": ""str""}, {""name"": ""system_description"", ""type"": ""str""}, {""name"": ""local_port"", ""type"": ""str""}, {""name"": ""remote_port"", ""type"": ""str""}, {""name"": ""remote_chassis_id"", ""type"": ""str""}, {""name"": ""remote_mgmt_ipv4_address"", ""type"": ""str""}, {""name"": ""remote_mgmt_ipv6_address"", ""type"": ""str""}, {""name"": ""remote_system_name"", ""type"": ""str""}, {""name"": ""remote_system_description"", ""type"": ""str""}, {""name"": ""remote_synce_support"", ""type"": ""str""}, {""name"": ""remote_synce_config"", ""type"": ""str""}]",TextFSM template: ciena_saos_lldp_show_neighbors.textfsm,2026-02-27T18:04:42.313900
textfsm,port show,ciena_saos,"[{""name"": ""name"", ""type"": ""str""}, {""name"": ""type"", ""type"": ""str""}, {""name"": ""link"", ""type"": ""str""}, {""name"": ""duration"", ""type"": ""str""}, {""name"": ""xcvr"", ""type"": ""str""}, {""name"": ""stp"", ""type"": ""str""}, {""name"": ""mode"", ""type"": ""str""}, {""name"": ""autoneg"", ""type"": ""str""}, {""name"": ""admin_link"", ""type"": ""str""}, {""name"": ""admin_mode"", ""type"": ""str""}, {""name"": ""admin_autoneg"", ""type"": ""str""}]",TextFSM template: ciena_saos_port_show.textfsm,2026-02-27T18:04:42.313900
textfsm,port show ethernet-config,ciena_saos,"[{""name"": ""name"", ""type"": ""str""}, {""name"": ""type"", ""type"": ""str""}, {""name"": ""admin_status"", ""type"": ""str""}, {""name"": ""speed"", ""type"": ""str""}, {""name"": ""duplex"", ""type"": ""str""}, {""name"": ""flow_control"", ""type"": ""str""}, {""name"": ""flow_control_adv"", ""type"": ""str""}, {""name"": ""auto_negotiation"", ""type"": ""str""}, {""name"": ""mtu"", ""type"": ""str""}, {""name"": ""mirror_state"", ""type"": ""str""}, {""name"": ""mirror_eg"", ""type"": ""str""}, {""name"": ""mirror_ig"", ""type"": ""str""}]",TextFSM template: ciena_saos_port_show_ethernet-config.textfsm,2026-02-27T18:04:42.313900
textfsm,port show network-config,ciena_saos,"[{""name"": ""name"", ""type"": ""str""}, {""name"": ""private_vlan_id"", ""type"": ""str""}, {""name"": ""accept_frame_type"", ""type"": ""str""}, {""name"": ""untag_ingress_vlan_id"", ""type"": ""str""}, {""name"": ""vlan_ingress_filter"", ""type"": ""str""}, {""name"": ""vs_ingress_filter"", ""type"": ""str""}, {""name"": ""egress_untag_vlan"", ""type"": ""str""}, {""name"": ""vs_egress_filter"", ""type"": ""str""}, {""name"": ""ingress_cos_policy"", ""type"": ""str""}, {""name"": ""vpls_port_type"", ""type"": ""str""}, {""name"": ""eth_vc_ethertype"", ""type"": ""str""}]",TextFSM template: ciena_saos_port_show_network-config.textfsm,2026-02-27T18:04:42.313900
textfsm,port show status,ciena_saos,"[{""name"": ""name"", ""type"": ""str""}, {""name"": ""description"", ""type"": ""str""}, {""name"": ""link"", ""type"": ""str""}, {""name"": ""duration"", ""type"": ""str""}, {""name"": ""transceiver"", ""type"": ""str""}, {""name"": ""stp"", ""type"": ""str""}, {""name"": ""speed_duplex"", ""type"": ""str""}, {""name"": ""mtu"", ""type"": ""str""}, {""name"": ""flow_control"", ""type"": ""str""}]",TextFSM template: ciena_saos_port_show_status.textfsm,2026-02-27T18:04:42.313900
textfsm,port xcvr show,ciena_saos,"[{""name"": ""port"", ""type"": ""str""}, {""name"": ""admin_state"", ""type"": ""str""}, {""name"": ""operational_state"", ""type"": ""str""}, {""name"": ""vendor"", ""type"": ""str""}, {""name"": ""ciena_rev"", ""type"": ""str""}, {""name"": ""connector_type"", ""type"": ""str""}, {""name"": ""diagnostic"", ""type"": ""str""}]",TextFSM template: ciena_saos_port_xcvr_show.textfsm,2026-02-27T18:04:42.313900
textfsm,rstp show,ciena_saos,"[{""name"": ""name"", ""type"": ""str""}, {""name"": ""port_op"", ""type"": ""str""}, {""name"": ""port_stp"", ""type"": ""str""}, {""name"": ""port_role"", ""type"": ""str""}, {""name"": ""rstp_st"", ""type"": ""str""}, {""name"": ""stp_st"", ""type"": ""str""}, {""name"": ""pr"", ""type"": ""str""}, {""name"": ""path_cost_oper"", ""type"": ""str""}, {""name"": ""path_cost_d"", ""type"": ""str""}, {""name"": ""edgep_ad"", ""type"": ""str""}, {""name"": ""edgep_op"", ""type"": ""str""}, {""name"": ""p2p_mac_adm"", ""type"": ""str""}, {""name"": ""p2p_mac_op"", ""type"": ""str""}, {""name"": ""domain_adm"", ""type"": ""str""}, {""name"": ""domain_ef"", ""type"": ""str""}, {""name"": ""port_uptime"", ""type"": ""str""}]",TextFSM template: ciena_saos_rstp_show.textfsm,2026-02-27T18:04:42.313900
textfsm,software show,ciena_saos,"[{""name"": ""version_installed"", ""type"": ""str""}, {""name"": ""version_running"", ""type"": ""str""}, {""name"": ""kernel"", ""type"": ""str""}]",TextFSM template: ciena_saos_software_show.textfsm,2026-02-27T18:04:42.313900
textfsm,ssh server show key,ciena_saos,"[{""name"": ""username"", ""type"": ""str""}, {""name"": ""key_status"", ""type"": ""str""}]",TextFSM template: ciena_saos_ssh_server_show_key.textfsm,2026-02-27T18:04:42.313900
textfsm,traffic-profiling standard-profile show,ciena_saos,"[{""name"": ""port"", ""type"": ""str""}, {""name"": ""id"", ""type"": ""str""}, {""name"": ""profile_name"", ""type"": ""str""}, {""name"": ""role"", ""type"": ""str""}, {""name"": ""parent_child"", ""type"": ""str""}, {""name"": ""cir"", ""type"": ""str""}, {""name"": ""eir"", ""type"": ""str""}, {""name"": ""cbs"", ""type"": ""str""}, {""name"": ""ebs"", ""type"": ""str""}, {""name"": ""classifier_a"", ""type"": ""str""}, {""name"": ""classifier_b"", ""type"": ""str""}]",TextFSM template: ciena_saos_traffic-profiling_standard-profile_show.textfsm,2026-02-27T18:04:42.313900
textfsm,vlan show,ciena_saos,"[{""name"": ""vlan_id"", ""type"": ""str""}, {""name"": ""vlan_name"", ""type"": ""str""}]",TextFSM template: ciena_saos_vlan_show.textfsm,2026-02-27T18:04:42.313900
textfsm,fabric show vlan extended,cisco_apic,"[{""name"": ""vlan_id"", ""type"": ""str""}, {""name"": ""vlan_name"", ""type"": ""str""}, {""name"": ""vlan_encap"", ""type"": ""str""}, {""name"": ""vlan_ports"", ""type"": ""str""}, {""name"": ""node_number"", ""type"": ""str""}, {""name"": ""node_name"", ""type"": ""str""}]",TextFSM template: cisco_apic_fabric_show_vlan_extended.textfsm,2026-02-27T18:04:42.313900
textfsm,dir,cisco_asa,"[{""name"": ""file_system"", ""type"": ""str""}, {""name"": ""id"", ""type"": ""str""}, {""name"": ""permissions"", ""type"": ""str""}, {""name"": ""size"", ""type"": ""str""}, {""name"": ""total_size"", ""type"": ""str""}, {""name"": ""total_free"", ""type"": ""str""}, {""name"": ""total_percent_free"", ""type"": ""str""}, {""name"": ""date_time"", ""type"": ""str""}, {""name"": ""name"", ""type"": ""str""}]",TextFSM template: cisco_asa_dir.textfsm,2026-02-27T18:04:42.313900
textfsm,ping,cisco_asa,"[{""name"": ""sent_qty"", ""type"": ""str""}, {""name"": ""sent_type"", ""type"": ""str""}, {""name"": ""destination"", ""type"": ""str""}, {""name"": ""timeout"", ""type"": ""str""}, {""name"": ""response_stream"", ""type"": ""str""}, {""name"": ""success_pct"", ""type"": ""str""}, {""name"": ""success_qty"", ""type"": ""str""}, {""name"": ""rtt_min"", ""type"": ""str""}, {""name"": ""rtt_avg"", ""type"": ""str""}, {""name"": ""rtt_max"", ""type"": ""str""}]",TextFSM template: cisco_asa_ping.textfsm,2026-02-27T18:04:42.313900
textfsm,show access-list,cisco_asa,"[{""name"": ""acl_name"", ""type"": ""str""}, {""name"": ""acl_tot_elem"", ""type"": ""str""}, {""name"": ""acl_name_hash"", ""type"": ""str""}, {""name"": ""type"", ""type"": ""str""}, {""name"": ""line_num"", ""type"": ""str""}, {""name"": ""remark"", ""type"": ""str""}, {""name"": ""action"", ""type"": ""str""}, {""name"": ""protocol"", ""type"": ""str""}, {""name"": ""svc_object_grp"", ""type"": ""str""}, {""name"": ""svc_object"", ""type"": ""str""}, {""name"": ""src_intfc"", ""type"": ""str""}, {""name"": ""src_object_grp"", ""type"": ""str""}, {""name"": ""src_object"", ""type"": ""str""}, {""name"": ""src_host"", ""type"": ""str""}, {""name"": ""src_v6host"", ""type"": ""str""}, {""name"": ""src_network"", ""type"": ""str""}, {""name"": ""src_v6network"", ""type"": ""str""}, {""name"": ""src_mask"", ""type"": ""str""}, {""name"": ""src_v6mask"", ""type"": ""str""}, {""name"": ""src_any"", ""type"": ""str""}, {""name"": ""dst_intfc"", ""type"": ""str""}, {""name"": ""dst_object_grp"", ""type"": ""str""}, {""name"": ""dst_object"", ""type"": ""str""}, {""name"": ""dst_host"", ""type"": ""str""}, {""name"": ""dst_v6host"", ""type"": ""str""}, {""name"": ""dst_network"", ""type"": ""str""}, {""name"": ""dst_v6network"", ""type"": ""str""}, {""name"": ""dst_mask"", ""type"": ""str""}, {""name"": ""dst_v6mask"", ""type"": ""str""}, {""name"": ""dst_any"", ""type"": ""str""}, {""name"": ""dst_port"", ""type"": ""str""}, {""name"": ""dst_port_less_than"", ""type"": ""str""}, {""name"": ""dst_port_greater_than"", ""type"": ""str""}, {""name"": ""dst_port_range_start"", ""type"": ""str""}, {""name"": ""dst_port_range_end"", ""type"": ""str""}, {""name"": ""dst_port_grp"", ""type"": ""str""}, {""name"": ""dst_port_object"", ""type"": ""str""}, {""name"": ""log_level"", ""type"": ""str""}, {""name"": ""log_interval"", ""type"": ""str""}, {""name"": ""time_range"", ""type"": ""str""}, {""name"": ""state"", ""type"": ""str""}, {""name"": ""hit_count"", ""type"": ""str""}, {""name"": ""line_hash"", ""type"": ""str""}, {""name"": ""entry_protocol_icmp"", ""type"": ""str""}, {""name"": ""entry_protocol"", ""type"": ""str""}, {""name"": ""entry_src_fqdn"", ""type"": ""str""}, {""name"": ""entry_src_range_start"", ""type"": ""str""}, {""name"": ""entry_src_range_end"", ""type"": ""str""}, {""name"": ""entry_src_host"", ""type"": ""str""}, {""name"": ""entry_src_v6host"", ""type"": ""str""}, {""name"": ""entry_src_network"", ""type"": ""str""}, {""name"": ""entry_src_v6network"", ""type"": ""str""}, {""name"": ""entry_src_mask"", ""type"": ""str""}, {""name"": ""entry_src_v6mask"", ""type"": ""str""}, {""name"": ""entry_src_any"", ""type"": ""str""}, {""name"": ""entry_src_host_fqdn"", ""type"": ""str""}, {""name"": ""entry_src_fqdn_state"", ""type"": ""str""}, {""name"": ""entry_src_port"", ""type"": ""str""}, {""name"": ""entry_src_port_less_than"", ""type"": ""str""}, {""name"": ""entry_src_port_greater_than"", ""type"": ""str""}, {""name"": ""entry_src_port_range_start"", ""type"": ""str""}, {""name"": ""entry_src_port_range_end"", ""type"": ""str""}, {""name"": ""entry_dst_fqdn"", ""type"": ""str""}, {""name"": ""entry_dst_range_start"", ""type"": ""str""}, {""name"": ""entry_dst_range_end"", ""type"": ""str""}, {""name"": ""entry_dst_host"", ""type"": ""str""}, {""name"": ""entry_dst_v6host"", ""type"": ""str""}, {""name"": ""entry_dst_network"", ""type"": ""str""}, {""name"": ""entry_dst_v6network"", ""type"": ""str""}, {""name"": ""entry_dst_mask"", ""type"": ""str""}, {""name"": ""entry_dst_v6mask"", ""type"": ""str""}, {""name"": ""entry_dst_any"", ""type"": ""str""}, {""name"": ""entry_dst_host_fqdn"", ""type"": ""str""}, {""name"": ""entry_dst_fqdn_state"", ""type"": ""str""}, {""name"": ""entry_icmp_type"", ""type"": ""str""}, {""name"": ""entry_icmp_code"", ""type"": ""str""}, {""name"": ""entry_port"", ""type"": ""str""}, {""name"": ""entry_port_less_than"", ""type"": ""str""}, {""name"": ""entry_port_greater_than"", ""type"": ""str""}, {""name"": ""entry_port_range_start"", ""type"": ""str""}, {""name"": ""entry_port_range_end"", ""type"": ""str""}, {""name"": ""entry_hit_count"", ""type"": ""str""}, {""name"": ""entry_state"", ""type"": ""str""}, {""name"": ""entry_hash"", ""type"": ""str""}]",TextFSM template: cisco_asa_show_access-list.textfsm,2026-02-27T18:04:42.313900
textfsm,show access-list brief,cisco_asa,"[{""name"": ""acl_name"", ""type"": ""str""}, {""name"": ""acl_total_elements"", ""type"": ""str""}, {""name"": ""acl_name_hash"", ""type"": ""str""}, {""name"": ""line_hash"", ""type"": ""str""}, {""name"": ""group_hash"", ""type"": ""str""}, {""name"": ""counter"", ""type"": ""str""}, {""name"": ""last_hit"", ""type"": ""str""}]",TextFSM template: cisco_asa_show_access-list_brief.textfsm,2026-02-27T18:04:42.313900
textfsm,show arp,cisco_asa,"[{""name"": ""interface"", ""type"": ""str""}, {""name"": ""ip_address"", ""type"": ""str""}, {""name"": ""age"", ""type"": ""str""}, {""name"": ""mac_address"", ""type"": ""str""}]",TextFSM template: cisco_asa_show_arp.textfsm,2026-02-27T18:04:42.313900
textfsm,show asp drop,cisco_asa,"[{""name"": ""flow_drop_acl_drop"", ""type"": ""str""}, {""name"": ""flow_drop_shunned"", ""type"": ""str""}, {""name"": ""flow_drop_cluster_redirect"", ""type"": ""str""}, {""name"": ""flow_drop_inspect_fail"", ""type"": ""str""}, {""name"": ""flow_drop_ipsec_selector_failure"", ""type"": ""str""}, {""name"": ""flow_drop_nat_rpf_failed"", ""type"": ""str""}, {""name"": ""flow_drop_out_of_memory"", ""type"": ""str""}, {""name"": ""flow_drop_ssl_bad_record_detect"", ""type"": ""str""}, {""name"": ""flow_drop_ssl_handshake_failed"", ""type"": ""str""}, {""name"": ""flow_drop_vpn_overlap_conflict"", ""type"": ""str""}, {""name"": ""flow_drop_vpn_missing_decrypt"", ""type"": ""str""}, {""name"": ""flow_drop_svc_replacement_conn"", ""type"": ""str""}, {""name"": ""flow_drop_svc_selector_failure"", ""type"": ""str""}, {""name"": ""flow_drop_svc_failover"", ""type"": ""str""}, {""name"": ""flow_drop_ssl_record_decrypt_error"", ""type"": ""str""}, {""name"": ""flow_drop_ctm_crypto_request_error"", ""type"": ""str""}, {""name"": ""flow_drop_vpn_handle_not_found"", ""type"": ""str""}, {""name"": ""flow_drop_np_socket_data_move_failure"", ""type"": ""str""}, {""name"": ""flow_drop_dtls_hello_close"", ""type"": ""str""}, {""name"": ""flow_last_cleared"", ""type"": ""str""}, {""name"": ""acl_drop"", ""type"": ""str""}, {""name"": ""async_lock_queue_limit"", ""type"": ""str""}, {""name"": ""bad_ipsec_natt"", ""type"": ""str""}, {""name"": ""bad_tcp_cksum"", ""type"": ""str""}, {""name"": ""bad_tcp_flags"", ""type"": ""str""}, {""name"": ""cluster_bad_trailer"", ""type"": ""str""}, {""name"": ""cluster_ccl_backup"", ""type"": ""str""}, {""name"": ""cluster_ccl_unknown"", ""type"": ""str""}, {""name"": ""cluster_ccl_unknown_stub"", ""type"": ""str""}, {""name"": ""cluster_non_ip_pkt"", ""type"": ""str""}, {""name"": ""conn_limit"", ""type"": ""str""}, {""name"": ""connection_lock"", ""type"": ""str""}, {""name"": ""cp_event_queue_error"", ""type"": ""str""}, {""name"": ""cp_syslog_event_queue_error"", ""type"": ""str""}, {""name"": ""ctm_error"", ""type"": ""str""}, {""name"": ""dispatch_queue_limit"", ""type"": ""str""}, {""name"": ""dispatch_block_alloc"", ""type"": ""str""}, {""name"": ""flow_being_freed"", ""type"": ""str""}, {""name"": ""flow_expired"", ""type"": ""str""}, {""name"": ""fo_standby"", ""type"": ""str""}, {""name"": ""fragment_reassembly_failed"", ""type"": ""str""}, {""name"": ""host_limit"", ""type"": ""str""}, {""name"": ""ifc_classify"", ""type"": ""str""}, {""name"": ""inspect_dns_id_not_matched"", ""type"": ""str""}, {""name"": ""inspect_dns_invalid_domain_label"", ""type"": ""str""}, {""name"": ""inspect_dns_invalid_pak"", ""type"": ""str""}, {""name"": ""inspect_dns_pak_too_long"", ""type"": ""str""}, {""name"": ""inspect_dp_out_of_memory"", ""type"": ""str""}, {""name"": ""inspect_icmp_bad_code"", ""type"": ""str""}, {""name"": ""inspect_icmp_error_no_existing_conn"", ""type"": ""str""}, {""name"": ""inspect_icmp_invalid_pak"", ""type"": ""str""}, {""name"": ""inspect_icmp_seq_num_not_matched"", ""type"": ""str""}, {""name"": ""intercept_unexpected"", ""type"": ""str""}, {""name"": ""interface_down"", ""type"": ""str""}, {""name"": ""invalid_encap"", ""type"": ""str""}, {""name"": ""invalid_ip_header"", ""type"": ""str""}, {""name"": ""invalid_ip_length"", ""type"": ""str""}, {""name"": ""invalid_ip_option"", ""type"": ""str""}, {""name"": ""invalid_tcp_hdr_length"", ""type"": ""str""}, {""name"": ""invalid_udp_length"", ""type"": ""str""}, {""name"": ""ipsec_tun_down"", ""type"": ""str""}, {""name"": ""l2_acl"", ""type"": ""str""}, {""name"": ""last_cleared"", ""type"": ""str""}, {""name"": ""lu_invalid_pkt"", ""type"": ""str""}, {""name"": ""mcast_in_nonactive_device"", ""type"": ""str""}, {""name"": ""mp_svc_bad_length"", ""type"": ""str""}, {""name"": ""mp_svc_flow_control"", ""type"": ""str""}, {""name"": ""mp_svc_no_channel"", ""type"": ""str""}, {""name"": ""mp_svc_no_fragment"", ""type"": ""str""}, {""name"": ""mp_svc_no_session"", ""type"": ""str""}, {""name"": ""nat_failed"", ""type"": ""str""}, {""name"": ""nat_no_xlate_to_pat_pool"", ""type"": ""str""}, {""name"": ""nat_xlate_failed"", ""type"": ""str""}, {""name"": ""natt_keepalive"", ""type"": ""str""}, {""name"": ""no_adjacency"", ""type"": ""str""}, {""name"": ""no_inspect"", ""type"": ""str""}, {""name"": ""no_route"", ""type"": ""str""}, {""name"": ""np_socket_closed"", ""type"": ""str""}, {""name"": ""np_socket_lock_failure"", ""type"": ""str""}, {""name"": ""np_sp_invalid_spi"", ""type"": ""str""}, {""name"": ""object_group_search_threshold_exceeded"", ""type"": ""str""}, {""name"": ""punt_queue_limit"", ""type"": ""str""}, {""name"": ""punt_limit"", ""type"": ""str""}, {""name"": ""punt_no_mem"", ""type"": ""str""}, {""name"": ""punt_rate_limit"", ""type"": ""str""}, {""name"": ""rm_conn_rate_limit"", ""type"": ""str""}, {""name"": ""rm_inspect_rate_limit"", ""type"": ""str""}, {""name"": ""rpf_violated"", ""type"": ""str""}, {""name"": ""rule_transaction_in_progress"", ""type"": ""str""}, {""name"": ""security_failed"", ""type"": ""str""}, {""name"": ""shunned"", ""type"": ""str""}, {""name"": ""sp_security_failed"", ""type"": ""str""}, {""name"": ""ssl_first_record_invalid"", ""type"": ""str""}, {""name"": ""tcp_3whs_failed"", ""type"": ""str""}, {""name"": ""tcp_ack_syn_diff"", ""type"": ""str""}, {""name"": ""tcp_bad_option_list"", ""type"": ""str""}, {""name"": ""tcp_buffer_full"", ""type"": ""str""}, {""name"": ""tcp_buffer_timeout"", ""type"": ""str""}, {""name"": ""tcp_conn_limit"", ""type"": ""str""}, {""name"": ""tcp_data_past_fin"", ""type"": ""str""}, {""name"": ""tcp_dual_open"", ""type"": ""str""}, {""name"": ""tcp_dup_in_queue"", ""type"": ""str""}, {""name"": ""tcp_fo_drop"", ""type"": ""str""}, {""name"": ""tcp_global_buffer_full"", ""type"": ""str""}, {""name"": ""tcp_invalid_ack"", ""type"": ""str""}, {""name"": ""tcp_not_syn"", ""type"": ""str""}, {""name"": ""tcp_paws_fail"", ""type"": ""str""}, {""name"": ""tcp_rst_syn_in_win"", ""type"": ""str""}, {""name"": ""tcp_rstfin_ooo"", ""type"": ""str""}, {""name"": ""tcp_seq_past_win"", ""type"": ""str""}, {""name"": ""tcp_seq_syn_diff"", ""type"": ""str""}, {""name"": ""tcp_synack_ooo"", ""type"": ""str""}, {""name"": ""ttl_exceeded"", ""type"": ""str""}, {""name"": ""unable_to_add_flow"", ""type"": ""str""}, {""name"": ""unable_to_create_flow"", ""type"": ""str""}, {""name"": ""unsupported_ip_version"", ""type"": ""str""}]",TextFSM template: cisco_asa_show_asp_drop.textfsm,2026-02-27T18:04:42.313900
textfsm,show asp table vpn-context detail,cisco_asa,"[{""name"": ""vpn_ctx"", ""type"": ""str""}, {""name"": ""peer_ip"", ""type"": ""str""}, {""name"": ""pointer"", ""type"": ""str""}, {""name"": ""state"", ""type"": ""str""}, {""name"": ""flags"", ""type"": ""str""}, {""name"": ""sa"", ""type"": ""str""}, {""name"": ""spi"", ""type"": ""str""}, {""name"": ""group"", ""type"": ""str""}, {""name"": ""pkts"", ""type"": ""str""}, {""name"": ""bad_pkts"", ""type"": ""str""}, {""name"": ""bad_spi"", ""type"": ""str""}, {""name"": ""spoof"", ""type"": ""str""}, {""name"": ""bad_crypto"", ""type"": ""str""}, {""name"": ""rekey_pkt"", ""type"": ""str""}, {""name"": ""rekey_call"", ""type"": ""str""}, {""name"": ""vpn_filter"", ""type"": ""str""}]",TextFSM template: cisco_asa_show_asp_table_vpn-context_detail.textfsm,2026-02-27T18:04:42.313900
textfsm,show bgp summary,cisco_asa,"[{""name"": ""filldown"", ""type"": ""str""}, {""name"": ""local_as"", ""type"": ""str""}, {""name"": ""bgp_neigh"", ""type"": ""str""}, {""name"": ""neigh_as"", ""type"": ""str""}, {""name"": ""up_down"", ""type"": ""str""}, {""name"": ""state_pfxrcd"", ""type"": ""str""}]",TextFSM template: cisco_asa_show_bgp_summary.textfsm,2026-02-27T18:04:42.313900
textfsm,show cpu usage detailed,cisco_asa,"[{""name"": ""core"", ""type"": ""str""}, {""name"": ""cpu_5_sec"", ""type"": ""str""}, {""name"": ""cpu_5_sec_dp"", ""type"": ""str""}, {""name"": ""cpu_5_sec_cp"", ""type"": ""str""}, {""name"": ""cpu_1_min"", ""type"": ""str""}, {""name"": ""cpu_1_min_dp"", ""type"": ""str""}, {""name"": ""cpu_1_min_cp"", ""type"": ""str""}, {""name"": ""cpu_5_min"", ""type"": ""str""}, {""name"": ""cpu_5_min_dp"", ""type"": ""str""}, {""name"": ""cpu_5_min_cp"", ""type"": ""str""}]",TextFSM template: cisco_asa_show_cpu_usage_detailed.textfsm,2026-02-27T18:04:42.313900
textfsm,show crypto ikev1 sa detail,cisco_asa,"[{""name"": ""sequence"", ""type"": ""str""}, {""name"": ""peer"", ""type"": ""str""}, {""name"": ""type"", ""type"": ""str""}, {""name"": ""dir"", ""type"": ""str""}, {""name"": ""rekey"", ""type"": ""str""}, {""name"": ""state"", ""type"": ""str""}, {""name"": ""encryption"", ""type"": ""str""}, {""name"": ""hash"", ""type"": ""str""}, {""name"": ""authentication"", ""type"": ""str""}, {""name"": ""lifetime"", ""type"": ""str""}]",TextFSM template: cisco_asa_show_crypto_ikev1_sa_detail.textfsm,2026-02-27T18:04:42.313900
textfsm,show crypto ipsec sa,cisco_asa,"[{""name"": ""interface"", ""type"": ""str""}, {""name"": ""crypto_map_tag"", ""type"": ""str""}, {""name"": ""sequence_number"", ""type"": ""str""}, {""name"": ""local_address"", ""type"": ""str""}, {""name"": ""local_address_name"", ""type"": ""str""}, {""name"": ""local_identity_addr"", ""type"": ""str""}, {""name"": ""local_identity_mask"", ""type"": ""str""}, {""name"": ""local_identity_protocol"", ""type"": ""str""}, {""name"": ""local_identity_port"", ""type"": ""str""}, {""name"": ""remote_identity_addr"", ""type"": ""str""}, {""name"": ""remote_identity_mask"", ""type"": ""str""}, {""name"": ""remote_identity_protocol"", ""type"": ""str""}, {""name"": ""remote_identity_port"", ""type"": ""str""}, {""name"": ""current_peer"", ""type"": ""str""}, {""name"": ""dynamic_peer"", ""type"": ""str""}, {""name"": ""current_peer_name"", ""type"": ""str""}, {""name"": ""dynamic_peer_name"", ""type"": ""str""}, {""name"": ""packets_encapsulated"", ""type"": ""str""}, {""name"": ""packets_encrypted"", ""type"": ""str""}, {""name"": ""packets_digested"", ""type"": ""str""}, {""name"": ""packets_decapsulated"", ""type"": ""str""}, {""name"": ""packets_decrypted"", ""type"": ""str""}, {""name"": ""packets_verified"", ""type"": ""str""}, {""name"": ""packets_compressed"", ""type"": ""str""}, {""name"": ""packets_decompressed"", ""type"": ""str""}, {""name"": ""packets_not_compressed"", ""type"": ""str""}, {""name"": ""packets_compress_failed"", ""type"": ""str""}, {""name"": ""packets_decompress_failed"", ""type"": ""str""}, {""name"": ""pre_fragment_success"", ""type"": ""str""}, {""name"": ""pre_fragment_failures"", ""type"": ""str""}, {""name"": ""fragments_created"", ""type"": ""str""}, {""name"": ""pmtus_sent"", ""type"": ""str""}, {""name"": ""pmtus_received"", ""type"": ""str""}, {""name"": ""decap_frags_needing_reassembly"", ""type"": ""str""}, {""name"": ""send_errors"", ""type"": ""str""}, {""name"": ""receive_errors"", ""type"": ""str""}, {""name"": ""local_crypto_endpoint"", ""type"": ""str""}, {""name"": ""remote_crypto_endpoint"", ""type"": ""str""}, {""name"": ""local_crypto_endpoint_name"", ""type"": ""str""}, {""name"": ""remote_crypto_endpoint_name"", ""type"": ""str""}, {""name"": ""path_mtu"", ""type"": ""str""}, {""name"": ""ipsec_overhead"", ""type"": ""str""}, {""name"": ""media_mtu"", ""type"": ""str""}, {""name"": ""current_inbound_spi"", ""type"": ""str""}, {""name"": ""current_outbound_spi"", ""type"": ""str""}, {""name"": ""inbound_spi_hex"", ""type"": ""str""}, {""name"": ""inbound_spi_integer"", ""type"": ""str""}, {""name"": ""inbound_encryption"", ""type"": ""str""}, {""name"": ""inbound_authentication"", ""type"": ""str""}, {""name"": ""inbound_settings_in_use"", ""type"": ""str""}, {""name"": ""inbound_slot"", ""type"": ""str""}, {""name"": ""inbound_connection_id"", ""type"": ""str""}, {""name"": ""inbound_crypto_map"", ""type"": ""str""}, {""name"": ""inbound_remaining_lifetime"", ""type"": ""str""}, {""name"": ""inbound_remaining_lifetime_kilobytes"", ""type"": ""str""}, {""name"": ""inbound_iv_size"", ""type"": ""str""}, {""name"": ""inbound_replay_detection"", ""type"": ""str""}, {""name"": ""outbound_spi_hex"", ""type"": ""str""}, {""name"": ""outbound_spi_integer"", ""type"": ""str""}, {""name"": ""outbound_encryption"", ""type"": ""str""}, {""name"": ""outbound_authentication"", ""type"": ""str""}, {""name"": ""outbound_settings_in_use"", ""type"": ""str""}, {""name"": ""outbound_slot"", ""type"": ""str""}, {""name"": ""outbound_connection_id"", ""type"": ""str""}, {""name"": ""outbound_crypto_map"", ""type"": ""str""}, {""name"": ""outbound_remaining_lifetime"", ""type"": ""str""}, {""name"": ""outbound_remaining_lifetime_kilobytes"", ""type"": ""str""}, {""name"": ""outbound_iv_size"", ""type"": ""str""}, {""name"": ""outbound_replay_detection"", ""type"": ""str""}]",TextFSM template: cisco_asa_show_crypto_ipsec_sa.textfsm,2026-02-27T18:04:42.313900
textfsm,show failover,cisco_asa,"[{""name"": ""state"", ""type"": ""str""}, {""name"": ""role"", ""type"": ""str""}, {""name"": ""lan_intf_name"", ""type"": ""str""}, {""name"": ""lan_intf"", ""type"": ""str""}, {""name"": ""lan_intf_state"", ""type"": ""str""}, {""name"": ""sw_version"", ""type"": ""str""}, {""name"": ""sw_version_mate"", ""type"": ""str""}, {""name"": ""failover_group"", ""type"": ""str""}, {""name"": ""last_failover_time"", ""type"": ""str""}, {""name"": ""last_failover_timezone"", ""type"": ""str""}, {""name"": ""last_failover_month"", ""type"": ""str""}, {""name"": ""last_failover_day"", ""type"": ""str""}, {""name"": ""last_failover_year"", ""type"": ""str""}, {""name"": ""service_state"", ""type"": ""str""}, {""name"": ""service_state_mate"", ""type"": ""str""}, {""name"": ""ssp_slot"", ""type"": ""str""}, {""name"": ""ssp_model"", ""type"": ""str""}, {""name"": ""ssp_status"", ""type"": ""str""}, {""name"": ""ssp_slot_mate"", ""type"": ""str""}, {""name"": ""ssp_model_mate"", ""type"": ""str""}, {""name"": ""ssp_status_mate"", ""type"": ""str""}, {""name"": ""interfaces_context"", ""type"": ""str""}, {""name"": ""interfaces"", ""type"": ""str""}, {""name"": ""interfaces_status"", ""type"": ""str""}, {""name"": ""interfaces_state"", ""type"": ""str""}, {""name"": ""interfaces_context_mate"", ""type"": ""str""}, {""name"": ""interfaces_mate"", ""type"": ""str""}, {""name"": ""interfaces_status_mate"", ""type"": ""str""}, {""name"": ""interfaces_state_mate"", ""type"": ""str""}]",TextFSM template: cisco_asa_show_failover.textfsm,2026-02-27T18:04:42.313900
textfsm,show interface,cisco_asa,"[{""name"": ""interface"", ""type"": ""str""}, {""name"": ""interface_zone"", ""type"": ""str""}, {""name"": ""link_status"", ""type"": ""str""}, {""name"": ""protocol_status"", ""type"": ""str""}, {""name"": ""hardware_type"", ""type"": ""str""}, {""name"": ""bandwidth"", ""type"": ""str""}, {""name"": ""delay"", ""type"": ""str""}, {""name"": ""duplex"", ""type"": ""str""}, {""name"": ""speed"", ""type"": ""str""}, {""name"": ""description"", ""type"": ""str""}, {""name"": ""bonded_port"", ""type"": ""str""}, {""name"": ""bonded_port_members"", ""type"": ""str""}, {""name"": ""mac_address"", ""type"": ""str""}, {""name"": ""mtu"", ""type"": ""str""}, {""name"": ""vlan_id"", ""type"": ""str""}, {""name"": ""ip_address"", ""type"": ""str""}, {""name"": ""netmask"", ""type"": ""str""}, {""name"": ""onemin_in_pps"", ""type"": ""str""}, {""name"": ""onemin_in_rate"", ""type"": ""str""}, {""name"": ""onemin_out_pps"", ""type"": ""str""}, {""name"": ""onemin_out_rate"", ""type"": ""str""}, {""name"": ""onemin_drop_rate"", ""type"": ""str""}, {""name"": ""fivemin_in_pps"", ""type"": ""str""}, {""name"": ""fivemin_in_rate"", ""type"": ""str""}, {""name"": ""fivemin_out_pps"", ""type"": ""str""}, {""name"": ""fivemin_out_rate"", ""type"": ""str""}, {""name"": ""fivemin_drop_rate"", ""type"": ""str""}, {""name"": ""tunnel_source_interface"", ""type"": ""str""}, {""name"": ""tunnel_source_ip"", ""type"": ""str""}, {""name"": ""tunnel_destination_ip"", ""type"": ""str""}, {""name"": ""tunnel_mode"", ""type"": ""str""}, {""name"": ""tunnel_ipsec_profile"", ""type"": ""str""}]",TextFSM template: cisco_asa_show_interface.textfsm,2026-02-27T18:04:42.313900
textfsm,show interface detail,cisco_asa,"[{""name"": ""interface"", ""type"": ""str""}, {""name"": ""interface_name"", ""type"": ""str""}, {""name"": ""link_status"", ""type"": ""str""}, {""name"": ""protocol_status"", ""type"": ""str""}, {""name"": ""hardware_type"", ""type"": ""str""}, {""name"": ""bandwidth"", ""type"": ""str""}, {""name"": ""delay"", ""type"": ""str""}, {""name"": ""duplex"", ""type"": ""str""}, {""name"": ""speed"", ""type"": ""str""}, {""name"": ""flowcontrol_in"", ""type"": ""str""}, {""name"": ""flowcontrol_out"", ""type"": ""str""}, {""name"": ""bonded_port"", ""type"": ""str""}, {""name"": ""description"", ""type"": ""str""}, {""name"": ""mac_address"", ""type"": ""str""}, {""name"": ""mtu"", ""type"": ""str""}, {""name"": ""ip_address"", ""type"": ""str""}, {""name"": ""netmask"", ""type"": ""str""}, {""name"": ""in_packets"", ""type"": ""str""}, {""name"": ""in_bytes"", ""type"": ""str""}, {""name"": ""no_buffer"", ""type"": ""str""}, {""name"": ""broadcasts"", ""type"": ""str""}, {""name"": ""runts"", ""type"": ""str""}, {""name"": ""giants"", ""type"": ""str""}, {""name"": ""in_errors"", ""type"": ""str""}, {""name"": ""crc"", ""type"": ""str""}, {""name"": ""frame"", ""type"": ""str""}, {""name"": ""overrun"", ""type"": ""str""}, {""name"": ""ignored"", ""type"": ""str""}, {""name"": ""abort"", ""type"": ""str""}, {""name"": ""in_pause_resume"", ""type"": ""str""}, {""name"": ""in_pause"", ""type"": ""str""}, {""name"": ""in_resume"", ""type"": ""str""}, {""name"": ""l2_decode_drops"", ""type"": ""str""}, {""name"": ""switch_ingress_policy_drops"", ""type"": ""str""}, {""name"": ""out_packets"", ""type"": ""str""}, {""name"": ""out_bytes"", ""type"": ""str""}, {""name"": ""underruns"", ""type"": ""str""}, {""name"": ""out_pause_resume"", ""type"": ""str""}, {""name"": ""out_pause"", ""type"": ""str""}, {""name"": ""out_resume"", ""type"": ""str""}, {""name"": ""out_errors"", ""type"": ""str""}, {""name"": ""collisions"", ""type"": ""str""}, {""name"": ""interface_resets"", ""type"": ""str""}, {""name"": ""late_collisions"", ""type"": ""str""}, {""name"": ""deferred"", ""type"": ""str""}, {""name"": ""out_decode_drops"", ""type"": ""str""}, {""name"": ""rate_limit_drops"", ""type"": ""str""}, {""name"": ""switch_egress_policy_drops"", ""type"": ""str""}, {""name"": ""in_reset_drops"", ""type"": ""str""}, {""name"": ""out_reset_drops"", ""type"": ""str""}, {""name"": ""vlan_id"", ""type"": ""str""}, {""name"": ""control_interface_number"", ""type"": ""str""}, {""name"": ""control_interface_config_status"", ""type"": ""str""}, {""name"": ""control_interface_state"", ""type"": ""str""}, {""name"": ""rxring_number"", ""type"": ""str""}, {""name"": ""rxring_packets"", ""type"": ""str""}, {""name"": ""rxring_bytes"", ""type"": ""str""}, {""name"": ""rxring_overrun"", ""type"": ""str""}, {""name"": ""rxring_blocks_free_curr"", ""type"": ""str""}, {""name"": ""rxring_blocks_free_low"", ""type"": ""str""}, {""name"": ""rxring_interface"", ""type"": ""str""}, {""name"": ""txring_number"", ""type"": ""str""}, {""name"": ""txring_packets"", ""type"": ""str""}, {""name"": ""txring_bytes"", ""type"": ""str""}, {""name"": ""txring_underrun"", ""type"": ""str""}, {""name"": ""txring_blocks_free_curr"", ""type"": ""str""}, {""name"": ""txring_blocks_free_low"", ""type"": ""str""}, {""name"": ""txring_interface"", ""type"": ""str""}]",TextFSM template: cisco_asa_show_interface_detail.textfsm,2026-02-27T18:04:42.313900
textfsm,show interface ip brief,cisco_asa,"[{""name"": ""interface"", ""type"": ""str""}, {""name"": ""ip_address"", ""type"": ""str""}, {""name"": ""status"", ""type"": ""str""}, {""name"": ""proto"", ""type"": ""str""}]",TextFSM template: cisco_asa_show_interface_ip_brief.textfsm,2026-02-27T18:04:42.313900
textfsm,show inventory,cisco_asa,"[{""name"": ""name"", ""type"": ""str""}, {""name"": ""descr"", ""type"": ""str""}, {""name"": ""pid"", ""type"": ""str""}, {""name"": ""vid"", ""type"": ""str""}, {""name"": ""sn"", ""type"": ""str""}]",TextFSM template: cisco_asa_show_inventory.textfsm,2026-02-27T18:04:42.313900
textfsm,show license all,cisco_asa,"[{""name"": ""smart_status"", ""type"": ""str""}, {""name"": ""registration_status"", ""type"": ""str""}, {""name"": ""smart_account"", ""type"": ""str""}, {""name"": ""virtual_account"", ""type"": ""str""}, {""name"": ""export_controlled"", ""type"": ""str""}, {""name"": ""registration_initial_status"", ""type"": ""str""}, {""name"": ""registration_initial_date"", ""type"": ""str""}, {""name"": ""registration_last_renewal"", ""type"": ""str""}, {""name"": ""registration_last_renewal_date"", ""type"": ""str""}, {""name"": ""registration_last_renewal_error"", ""type"": ""str""}, {""name"": ""registration_next_renewal_date"", ""type"": ""str""}, {""name"": ""registration_expiration_date"", ""type"": ""str""}, {""name"": ""auth_status"", ""type"": ""str""}, {""name"": ""auth_date"", ""type"": ""str""}, {""name"": ""eval_remaining"", ""type"": ""str""}, {""name"": ""auth_last_communication"", ""type"": ""str""}, {""name"": ""auth_last_communication_date"", ""type"": ""str""}, {""name"": ""auth_fail_error"", ""type"": ""str""}, {""name"": ""auth_next_communication_date"", ""type"": ""str""}, {""name"": ""auth_deadline"", ""type"": ""str""}, {""name"": ""license"", ""type"": ""str""}, {""name"": ""license_pid"", ""type"": ""str""}, {""name"": ""license_description"", ""type"": ""str""}, {""name"": ""license_count"", ""type"": ""str""}, {""name"": ""license_version"", ""type"": ""str""}, {""name"": ""license_status"", ""type"": ""str""}, {""name"": ""license_export_status"", ""type"": ""str""}, {""name"": ""pid"", ""type"": ""str""}, {""name"": ""sn"", ""type"": ""str""}, {""name"": ""smart_agent_version"", ""type"": ""str""}, {""name"": ""utility_status"", ""type"": ""str""}, {""name"": ""privacy_sending_hostname"", ""type"": ""str""}, {""name"": ""privacy_callhome_hostname_privacy"", ""type"": ""str""}, {""name"": ""privacy_smart_licensing_hostname_privacy"", ""type"": ""str""}, {""name"": ""privacy_version_privacy"", ""type"": ""str""}, {""name"": ""transport_type"", ""type"": ""str""}, {""name"": ""license_reservation"", ""type"": ""str""}]",TextFSM template: cisco_asa_show_license_all.textfsm,2026-02-27T18:04:42.313900
textfsm,show logging,cisco_asa,"[{""name"": ""month"", ""type"": ""str""}, {""name"": ""day"", ""type"": ""str""}, {""name"": ""year"", ""type"": ""str""}, {""name"": ""time"", ""type"": ""str""}, {""name"": ""hostname"", ""type"": ""str""}, {""name"": ""facility"", ""type"": ""str""}, {""name"": ""severity"", ""type"": ""str""}, {""name"": ""mnemonic"", ""type"": ""str""}, {""name"": ""message"", ""type"": ""str""}]",TextFSM template: cisco_asa_show_logging.textfsm,2026-02-27T18:04:42.313900
textfsm,show module,cisco_asa,"[{""name"": ""key"", ""type"": ""str""}, {""name"": ""cardtype"", ""type"": ""str""}, {""name"": ""model"", ""type"": ""str""}, {""name"": ""serial"", ""type"": ""str""}]",TextFSM template: cisco_asa_show_module.textfsm,2026-02-27T18:04:42.313900
textfsm,show module details,cisco_asa,"[{""name"": ""key"", ""type"": ""str""}, {""name"": ""mac_address"", ""type"": ""str""}, {""name"": ""mod_hw"", ""type"": ""str""}, {""name"": ""mod_fw"", ""type"": ""str""}, {""name"": ""mod_sw"", ""type"": ""str""}]",TextFSM template: cisco_asa_show_module_details.textfsm,2026-02-27T18:04:42.313900
textfsm,show module status,cisco_asa,"[{""name"": ""key"", ""type"": ""str""}, {""name"": ""status"", ""type"": ""str""}]",TextFSM template: cisco_asa_show_module_status.textfsm,2026-02-27T18:04:42.313900
textfsm,show name,cisco_asa,"[{""name"": ""ip_address"", ""type"": ""str""}, {""name"": ""name"", ""type"": ""str""}]",TextFSM template: cisco_asa_show_name.textfsm,2026-02-27T18:04:42.313900
textfsm,show nat,cisco_asa,"[{""name"": ""nat_section_number"", ""type"": ""str""}, {""name"": ""line_number"", ""type"": ""str""}, {""name"": ""source_interface"", ""type"": ""str""}, {""name"": ""destination_interface"", ""type"": ""str""}, {""name"": ""source_type"", ""type"": ""str""}, {""name"": ""source_real"", ""type"": ""str""}, {""name"": ""source_mapped"", ""type"": ""str""}, {""name"": ""destination_real"", ""type"": ""str""}, {""name"": ""destination_mapped"", ""type"": ""str""}, {""name"": ""service_protocol"", ""type"": ""str""}, {""name"": ""service_real"", ""type"": ""str""}, {""name"": ""service_mapped"", ""type"": ""str""}, {""name"": ""extended"", ""type"": ""str""}, {""name"": ""flat"", ""type"": ""str""}, {""name"": ""include_reserve"", ""type"": ""str""}, {""name"": ""round_robin"", ""type"": ""str""}, {""name"": ""net_to_net"", ""type"": ""str""}, {""name"": ""dns"", ""type"": ""str""}, {""name"": ""unidirectional"", ""type"": ""str""}, {""name"": ""no_proxy_arp"", ""type"": ""str""}, {""name"": ""route_lookup"", ""type"": ""str""}, {""name"": ""inactive"", ""type"": ""str""}, {""name"": ""description"", ""type"": ""str""}, {""name"": ""translate_hits"", ""type"": ""str""}, {""name"": ""untranslate_hits"", ""type"": ""str""}]",TextFSM template: cisco_asa_show_nat.textfsm,2026-02-27T18:04:42.313900
textfsm,show object-group network,cisco_asa,"[{""name"": ""name"", ""type"": ""str""}, {""name"": ""description"", ""type"": ""str""}, {""name"": ""type"", ""type"": ""str""}, {""name"": ""host"", ""type"": ""str""}, {""name"": ""net_object"", ""type"": ""str""}, {""name"": ""network"", ""type"": ""str""}, {""name"": ""netmask"", ""type"": ""str""}, {""name"": ""grp_object"", ""type"": ""str""}]",TextFSM template: cisco_asa_show_object-group_network.textfsm,2026-02-27T18:04:42.313900
textfsm,show ospf interface brief,cisco_asa,"[{""name"": ""interface"", ""type"": ""str""}, {""name"": ""process"", ""type"": ""str""}, {""name"": ""area"", ""type"": ""str""}, {""name"": ""ip_address"", ""type"": ""str""}, {""name"": ""netmask"", ""type"": ""str""}, {""name"": ""cost"", ""type"": ""str""}, {""name"": ""state"", ""type"": ""str""}, {""name"": ""neighbors_fc"", ""type"": ""str""}]",TextFSM template: cisco_asa_show_ospf_interface_brief.textfsm,2026-02-27T18:04:42.313900
textfsm,show ospf neighbor,cisco_asa,"[{""name"": ""neighbor_id"", ""type"": ""str""}, {""name"": ""priority"", ""type"": ""str""}, {""name"": ""state"", ""type"": ""str""}, {""name"": ""dead_time"", ""type"": ""str""}, {""name"": ""ip_address"", ""type"": ""str""}, {""name"": ""interface"", ""type"": ""str""}]",TextFSM template: cisco_asa_show_ospf_neighbor.textfsm,2026-02-27T18:04:42.313900
textfsm,show port-channel summary,cisco_asa,"[{""name"": ""group"", ""type"": ""str""}, {""name"": ""bundle_name"", ""type"": ""str""}, {""name"": ""bundle_status"", ""type"": ""str""}, {""name"": ""bundle_protocol"", ""type"": ""str""}, {""name"": ""member_interface"", ""type"": ""str""}, {""name"": ""member_interface_status"", ""type"": ""str""}]",TextFSM template: cisco_asa_show_port-channel_summary.textfsm,2026-02-27T18:04:42.313900
textfsm,show resource usage,cisco_asa,"[{""name"": ""resource"", ""type"": ""str""}, {""name"": ""current"", ""type"": ""str""}, {""name"": ""peak"", ""type"": ""str""}, {""name"": ""limit"", ""type"": ""str""}, {""name"": ""denied"", ""type"": ""str""}, {""name"": ""context"", ""type"": ""str""}]",TextFSM template: cisco_asa_show_resource_usage.textfsm,2026-02-27T18:04:42.313900
textfsm,show route,cisco_asa,"[{""name"": ""protocol"", ""type"": ""str""}, {""name"": ""type"", ""type"": ""str""}, {""name"": ""required"", ""type"": ""str""}, {""name"": ""netmask"", ""type"": ""str""}, {""name"": ""distance"", ""type"": ""str""}, {""name"": ""metric"", ""type"": ""str""}, {""name"": ""nexthopip"", ""type"": ""str""}, {""name"": ""nexthopif"", ""type"": ""str""}, {""name"": ""uptime"", ""type"": ""str""}]",TextFSM template: cisco_asa_show_route.textfsm,2026-02-27T18:04:42.313900
textfsm,show running-config access-group,cisco_asa,"[{""name"": ""access_list"", ""type"": ""str""}, {""name"": ""interface"", ""type"": ""str""}]",TextFSM template: cisco_asa_show_running-config_access-group.textfsm,2026-02-27T18:04:42.313900
textfsm,show running-config all crypto map,cisco_asa,"[{""name"": ""matched_address"", ""type"": ""str""}, {""name"": ""connection_type"", ""type"": ""str""}, {""name"": ""map"", ""type"": ""str""}, {""name"": ""seq"", ""type"": ""str""}, {""name"": ""pfs"", ""type"": ""str""}, {""name"": ""peer"", ""type"": ""str""}, {""name"": ""ikev1_phase1_mode"", ""type"": ""str""}, {""name"": ""ikev1_transform_set"", ""type"": ""str""}, {""name"": ""ikev2_mode"", ""type"": ""str""}, {""name"": ""isakmp_dynamic"", ""type"": ""str""}, {""name"": ""interface"", ""type"": ""str""}, {""name"": ""sa_sec"", ""type"": ""str""}, {""name"": ""sa_kb"", ""type"": ""str""}, {""name"": ""tfc_packets"", ""type"": ""str""}]",TextFSM template: cisco_asa_show_running-config_all_crypto_map.textfsm,2026-02-27T18:04:42.313900
textfsm,show running-config crypto ikev1,cisco_asa,"[{""name"": ""ike_version"", ""type"": ""str""}, {""name"": ""policy_id"", ""type"": ""str""}, {""name"": ""auth_method"", ""type"": ""str""}, {""name"": ""encryption"", ""type"": ""str""}, {""name"": ""auth_algorithm"", ""type"": ""str""}, {""name"": ""dh_group"", ""type"": ""str""}, {""name"": ""lifetime"", ""type"": ""str""}]",TextFSM template: cisco_asa_show_running-config_crypto_ikev1.textfsm,2026-02-27T18:04:42.313900
textfsm,show running-config crypto map,cisco_asa,"[{""name"": ""matched_address"", ""type"": ""str""}, {""name"": ""key"", ""type"": ""str""}, {""name"": ""key"", ""type"": ""str""}, {""name"": ""pfs"", ""type"": ""str""}, {""name"": ""peer"", ""type"": ""str""}, {""name"": ""ike"", ""type"": ""str""}, {""name"": ""transform"", ""type"": ""str""}, {""name"": ""sa"", ""type"": ""str""}]",TextFSM template: cisco_asa_show_running-config_crypto_map.textfsm,2026-02-27T18:04:42.313900
textfsm,show running-config ipsec,cisco_asa,"[{""name"": ""ike_version"", ""type"": ""str""}, {""name"": ""name"", ""type"": ""str""}, {""name"": ""encryption"", ""type"": ""str""}, {""name"": ""auth"", ""type"": ""str""}]",TextFSM template: cisco_asa_show_running-config_ipsec.textfsm,2026-02-27T18:04:42.313900
textfsm,show running-config object-group service,cisco_asa,"[{""name"": ""name"", ""type"": ""str""}, {""name"": ""grp_protocol"", ""type"": ""str""}, {""name"": ""description"", ""type"": ""str""}, {""name"": ""svc_obj_name"", ""type"": ""str""}, {""name"": ""svc_protocol"", ""type"": ""str""}, {""name"": ""icmp_type"", ""type"": ""str""}, {""name"": ""icmp_code"", ""type"": ""str""}, {""name"": ""src_operator"", ""type"": ""str""}, {""name"": ""src_port_start"", ""type"": ""str""}, {""name"": ""src_port_end"", ""type"": ""str""}, {""name"": ""dst_operator"", ""type"": ""str""}, {""name"": ""dst_port_start"", ""type"": ""str""}, {""name"": ""dst_port_end"", ""type"": ""str""}, {""name"": ""port_operator"", ""type"": ""str""}, {""name"": ""port_start"", ""type"": ""str""}, {""name"": ""port_end"", ""type"": ""str""}, {""name"": ""grp_obj_name"", ""type"": ""str""}]",TextFSM template: cisco_asa_show_running-config_object-group_service.textfsm,2026-02-27T18:04:42.313900
textfsm,show running-config object network,cisco_asa,"[{""name"": ""name"", ""type"": ""str""}, {""name"": ""description"", ""type"": ""str""}, {""name"": ""type"", ""type"": ""str""}, {""name"": ""host"", ""type"": ""str""}, {""name"": ""network"", ""type"": ""str""}, {""name"": ""netmask"", ""type"": ""str""}, {""name"": ""prefix_length"", ""type"": ""str""}, {""name"": ""start_ip"", ""type"": ""str""}, {""name"": ""end_ip"", ""type"": ""str""}, {""name"": ""fqdn"", ""type"": ""str""}]",TextFSM template: cisco_asa_show_running-config_object_network.textfsm,2026-02-27T18:04:42.313900
textfsm,show running-config object service,cisco_asa,"[{""name"": ""name"", ""type"": ""str""}, {""name"": ""description"", ""type"": ""str""}, {""name"": ""protocol"", ""type"": ""str""}, {""name"": ""src_operator"", ""type"": ""str""}, {""name"": ""src_port_start"", ""type"": ""str""}, {""name"": ""src_port_end"", ""type"": ""str""}, {""name"": ""dst_operator"", ""type"": ""str""}, {""name"": ""dst_port_start"", ""type"": ""str""}, {""name"": ""dst_port_end"", ""type"": ""str""}, {""name"": ""icmp_type"", ""type"": ""str""}, {""name"": ""icmp_code"", ""type"": ""str""}]",TextFSM template: cisco_asa_show_running-config_object_service.textfsm,2026-02-27T18:04:42.313900
textfsm,show running-config tunnel-group,cisco_asa,"[{""name"": ""name"", ""type"": ""str""}, {""name"": ""type"", ""type"": ""str""}, {""name"": ""dhcp_selection"", ""type"": ""str""}, {""name"": ""dhcp_server"", ""type"": ""str""}, {""name"": ""authorization"", ""type"": ""str""}, {""name"": ""authorization_intfc"", ""type"": ""str""}, {""name"": ""authorization_grp"", ""type"": ""str""}, {""name"": ""accounting_grp"", ""type"": ""str""}, {""name"": ""ipv4_pool_intfc"", ""type"": ""str""}, {""name"": ""ipv4_pool_name"", ""type"": ""str""}, {""name"": ""authentication_intfc"", ""type"": ""str""}, {""name"": ""authentication_pri_grp"", ""type"": ""str""}, {""name"": ""authentication_sec_grp"", ""type"": ""str""}, {""name"": ""authentication_svr"", ""type"": ""str""}, {""name"": ""authenticated_user"", ""type"": ""str""}, {""name"": ""group_policy"", ""type"": ""str""}, {""name"": ""ipv6_pool_intfc"", ""type"": ""str""}, {""name"": ""ipv6_pool_name"", ""type"": ""str""}, {""name"": ""nat_intfc"", ""type"": ""str""}, {""name"": ""scep_enroll"", ""type"": ""str""}, {""name"": ""sec_authentication_grp_intfc"", ""type"": ""str""}, {""name"": ""sec_authentication_pri_grp"", ""type"": ""str""}, {""name"": ""sec_authentication_sec_grp"", ""type"": ""str""}, {""name"": ""sec_authentication_use_pri_user"", ""type"": ""str""}, {""name"": ""sec_cert_codes"", ""type"": ""str""}, {""name"": ""sec_cert_fallback"", ""type"": ""str""}, {""name"": ""pri_cert_codes"", ""type"": ""str""}, {""name"": ""pri_cert_fallback"", ""type"": ""str""}, {""name"": ""strip_grp"", ""type"": ""str""}, {""name"": ""strip_realm"", ""type"": ""str""}, {""name"": ""ikev1_psk"", ""type"": ""str""}, {""name"": ""chain"", ""type"": ""str""}, {""name"": ""client_os"", ""type"": ""str""}, {""name"": ""update_url"", ""type"": ""str""}, {""name"": ""revs"", ""type"": ""str""}, {""name"": ""trust_point"", ""type"": ""str""}, {""name"": ""ikev1_user_auth_intfc"", ""type"": ""str""}, {""name"": ""ikev1_user_auth_type"", ""type"": ""str""}, {""name"": ""ikev2_local_auth_cert"", ""type"": ""str""}, {""name"": ""ikev2_remote_auth_type"", ""type"": ""str""}, {""name"": ""peer_id_validate"", ""type"": ""str""}, {""name"": ""radius_with_expiry"", ""type"": ""str""}, {""name"": ""ppp_auth_type"", ""type"": ""str""}, {""name"": ""webvpn_auth"", ""type"": ""str""}, {""name"": ""webvpn_custom"", ""type"": ""str""}, {""name"": ""dns_grp"", ""type"": ""str""}, {""name"": ""webvpn_grp_alias"", ""type"": ""str""}, {""name"": ""webvpn_grp_alias_state"", ""type"": ""str""}, {""name"": ""webvpn_grp_url"", ""type"": ""str""}, {""name"": ""webvpn_grp_url_state"", ""type"": ""str""}, {""name"": ""nbns_svr"", ""type"": ""str""}, {""name"": ""nbns_master"", ""type"": ""str""}, {""name"": ""nbns_timeout"", ""type"": ""str""}, {""name"": ""nbns_retry"", ""type"": ""str""}, {""name"": ""override_svc_download"", ""type"": ""str""}, {""name"": ""pri_prefill_user_type"", ""type"": ""str""}, {""name"": ""sec_prefill_user_type"", ""type"": ""str""}, {""name"": ""proxy_auth"", ""type"": ""str""}, {""name"": ""radius_reject_msg"", ""type"": ""str""}, {""name"": ""saml_id_provider"", ""type"": ""str""}, {""name"": ""without_csd"", ""type"": ""str""}]",TextFSM template: cisco_asa_show_running-config_tunnel-group.textfsm,2026-02-27T18:04:42.313900
textfsm,show version,cisco_asa,"[{""name"": ""version"", ""type"": ""str""}, {""name"": ""device_mgr_version"", ""type"": ""str""}, {""name"": ""compile_date"", ""type"": ""str""}, {""name"": ""image"", ""type"": ""str""}, {""name"": ""hostname"", ""type"": ""str""}, {""name"": ""uptime"", ""type"": ""str""}, {""name"": ""hardware"", ""type"": ""str""}, {""name"": ""model"", ""type"": ""str""}, {""name"": ""flash"", ""type"": ""str""}, {""name"": ""interfaces"", ""type"": ""str""}, {""name"": ""license_mode"", ""type"": ""str""}, {""name"": ""license_state"", ""type"": ""str""}, {""name"": ""max_intf"", ""type"": ""str""}, {""name"": ""max_vlans"", ""type"": ""str""}, {""name"": ""failover"", ""type"": ""str""}, {""name"": ""cluster"", ""type"": ""str""}, {""name"": ""serial"", ""type"": ""str""}, {""name"": ""last_mod"", ""type"": ""str""}]",TextFSM template: cisco_asa_show_version.textfsm,2026-02-27T18:04:42.313900
textfsm,show vpn-sessiondb,cisco_asa,"[{""name"": ""vpn_session_name"", ""type"": ""str""}, {""name"": ""vpn_session_active"", ""type"": ""str""}, {""name"": ""vpn_session_cumulative"", ""type"": ""str""}, {""name"": ""vpn_session_peak_concurrent"", ""type"": ""str""}, {""name"": ""vpn_session_inactive"", ""type"": ""str""}, {""name"": ""total_active_and_inactive"", ""type"": ""str""}, {""name"": ""total_cumulative"", ""type"": ""str""}, {""name"": ""device_total_vpn_capacity"", ""type"": ""str""}, {""name"": ""device_load_percent"", ""type"": ""str""}, {""name"": ""tunnels_summary_name"", ""type"": ""str""}, {""name"": ""tunnels_summary_active"", ""type"": ""str""}, {""name"": ""tunnels_summary_cumulative"", ""type"": ""str""}, {""name"": ""tunnels_summary_peak_concurrent"", ""type"": ""str""}, {""name"": ""totals_active"", ""type"": ""str""}, {""name"": ""totals_cumulative"", ""type"": ""str""}]",TextFSM template: cisco_asa_show_vpn-sessiondb.textfsm,2026-02-27T18:04:42.313900
textfsm,show vpn-sessiondb anyconnect,cisco_asa,"[{""name"": ""filldown"", ""type"": ""str""}, {""name"": ""username"", ""type"": ""str""}, {""name"": ""index"", ""type"": ""str""}, {""name"": ""assigned_ip"", ""type"": ""str""}, {""name"": ""public_ip"", ""type"": ""str""}, {""name"": ""assigned_ipv6"", ""type"": ""str""}, {""name"": ""protocol"", ""type"": ""str""}, {""name"": ""license"", ""type"": ""str""}, {""name"": ""encryption"", ""type"": ""str""}, {""name"": ""hashing"", ""type"": ""str""}, {""name"": ""bytes_tx"", ""type"": ""str""}, {""name"": ""bytes_rx"", ""type"": ""str""}, {""name"": ""group_policy"", ""type"": ""str""}, {""name"": ""tunnel_group"", ""type"": ""str""}, {""name"": ""login_time"", ""type"": ""str""}, {""name"": ""login_time_zone"", ""type"": ""str""}, {""name"": ""login_weekday"", ""type"": ""str""}, {""name"": ""login_month"", ""type"": ""str""}, {""name"": ""login_day"", ""type"": ""str""}, {""name"": ""login_year"", ""type"": ""str""}, {""name"": ""duration"", ""type"": ""str""}, {""name"": ""inactivity"", ""type"": ""str""}, {""name"": ""vlan_mapping"", ""type"": ""str""}, {""name"": ""vlan_id"", ""type"": ""str""}, {""name"": ""audt_sess_id"", ""type"": ""str""}, {""name"": ""security_grp"", ""type"": ""str""}]",TextFSM template: cisco_asa_show_vpn-sessiondb_anyconnect.textfsm,2026-02-27T18:04:42.313900
textfsm,show vpn-sessiondb detail l2l,cisco_asa,"[{""name"": ""filldown"", ""type"": ""str""}, {""name"": ""connection"", ""type"": ""str""}, {""name"": ""index"", ""type"": ""str""}, {""name"": ""ip_address"", ""type"": ""str""}, {""name"": ""protocol"", ""type"": ""str""}, {""name"": ""encryption"", ""type"": ""str""}, {""name"": ""hashing"", ""type"": ""str""}, {""name"": ""total_bytes_transmitted"", ""type"": ""str""}, {""name"": ""total_bytes_received"", ""type"": ""str""}, {""name"": ""login_time"", ""type"": ""str""}, {""name"": ""login_time_zone"", ""type"": ""str""}, {""name"": ""login_weekday"", ""type"": ""str""}, {""name"": ""login_month"", ""type"": ""str""}, {""name"": ""login_day"", ""type"": ""str""}, {""name"": ""login_year"", ""type"": ""str""}, {""name"": ""duration"", ""type"": ""str""}, {""name"": ""filter_name"", ""type"": ""str""}, {""name"": ""total_ike_sessions"", ""type"": ""str""}, {""name"": ""total_ipsec_sessions"", ""type"": ""str""}, {""name"": ""connection_type"", ""type"": ""str""}, {""name"": ""session_id"", ""type"": ""str""}, {""name"": ""udp_src_port"", ""type"": ""str""}, {""name"": ""udp_dst_port"", ""type"": ""str""}, {""name"": ""negotiaion_mode"", ""type"": ""str""}, {""name"": ""authentication_mode"", ""type"": ""str""}, {""name"": ""remote_authentication_mode"", ""type"": ""str""}, {""name"": ""local_authentication_mode"", ""type"": ""str""}, {""name"": ""encryption_method"", ""type"": ""str""}, {""name"": ""hash_method"", ""type"": ""str""}, {""name"": ""rekey_interval"", ""type"": ""str""}, {""name"": ""rekey_interval_unit"", ""type"": ""str""}, {""name"": ""rekey_time_left"", ""type"": ""str""}, {""name"": ""rekey_time_left_unit"", ""type"": ""str""}, {""name"": ""rekey_data_interval"", ""type"": ""str""}, {""name"": ""rekey_data_interval_unit"", ""type"": ""str""}, {""name"": ""rekey_data_remaining"", ""type"": ""str""}, {""name"": ""rekey_data_remaining_unit"", ""type"": ""str""}, {""name"": ""idle_timeout_interval"", ""type"": ""str""}, {""name"": ""idle_timeout_interval_unit"", ""type"": ""str""}, {""name"": ""idle_timeout_remaining"", ""type"": ""str""}, {""name"": ""idle_timeout_remaining_unit"", ""type"": ""str""}, {""name"": ""prf"", ""type"": ""str""}, {""name"": ""dh_group"", ""type"": ""str""}, {""name"": ""ipv6_filter_name"", ""type"": ""str""}, {""name"": ""local_address_network"", ""type"": ""str""}, {""name"": ""local_address_mask"", ""type"": ""str""}, {""name"": ""remote_address_network"", ""type"": ""str""}, {""name"": ""remote_address_mask"", ""type"": ""str""}, {""name"": ""encapsulation"", ""type"": ""str""}, {""name"": ""pfs_group"", ""type"": ""str""}, {""name"": ""bytes_transmitted"", ""type"": ""str""}, {""name"": ""bytes_received"", ""type"": ""str""}, {""name"": ""packets_transmitted"", ""type"": ""str""}, {""name"": ""packets_received"", ""type"": ""str""}, {""name"": ""reval_timeout"", ""type"": ""str""}, {""name"": ""reval_timout_unit"", ""type"": ""str""}, {""name"": ""reval_timeout_remaining"", ""type"": ""str""}, {""name"": ""reval_timeout_remaining_unit"", ""type"": ""str""}, {""name"": ""status_query_interval"", ""type"": ""str""}, {""name"": ""status_query_interval_unit"", ""type"": ""str""}, {""name"": ""eap_over_udp_timer"", ""type"": ""str""}, {""name"": ""eap_over_udp_timer_unit"", ""type"": ""str""}, {""name"": ""posture_holdtime_remaining"", ""type"": ""str""}, {""name"": ""posture_holdtime_remaining_unit"", ""type"": ""str""}, {""name"": ""posture_token"", ""type"": ""str""}, {""name"": ""redirect_url"", ""type"": ""str""}]",TextFSM template: cisco_asa_show_vpn-sessiondb_detail_l2l.textfsm,2026-02-27T18:04:42.313900
textfsm,show xlate,cisco_asa,"[{""name"": ""source_intf"", ""type"": ""str""}, {""name"": ""source"", ""type"": ""str""}, {""name"": ""destination_intf"", ""type"": ""str""}, {""name"": ""destination"", ""type"": ""str""}]",TextFSM template: cisco_asa_show_xlate.textfsm,2026-02-27T18:04:42.313900
textfsm,show vpn-sessiondb anyconnect,cisco_ftd,"[{""name"": ""filldown"", ""type"": ""str""}, {""name"": ""username"", ""type"": ""str""}, {""name"": ""index"", ""type"": ""str""}, {""name"": ""assigned_ip"", ""type"": ""str""}, {""name"": ""public_ip"", ""type"": ""str""}, {""name"": ""assigned_ipv6"", ""type"": ""str""}, {""name"": ""protocol"", ""type"": ""str""}, {""name"": ""license"", ""type"": ""str""}, {""name"": ""encryption"", ""type"": ""str""}, {""name"": ""hashing"", ""type"": ""str""}, {""name"": ""bytes_tx"", ""type"": ""str""}, {""name"": ""bytes_rx"", ""type"": ""str""}, {""name"": ""group_policy"", ""type"": ""str""}, {""name"": ""tunnel_group"", ""type"": ""str""}, {""name"": ""login_time"", ""type"": ""str""}, {""name"": ""login_time_zone"", ""type"": ""str""}, {""name"": ""login_weekday"", ""type"": ""str""}, {""name"": ""login_month"", ""type"": ""str""}, {""name"": ""login_day"", ""type"": ""str""}, {""name"": ""login_year"", ""type"": ""str""}, {""name"": ""duration"", ""type"": ""str""}, {""name"": ""inactivity"", ""type"": ""str""}, {""name"": ""vlan_mapping"", ""type"": ""str""}, {""name"": ""vlan_id"", ""type"": ""str""}, {""name"": ""audt_sess_id"", ""type"": ""str""}, {""name"": ""security_grp"", ""type"": ""str""}, {""name"": ""tunnel_zone"", ""type"": ""str""}]",TextFSM template: cisco_ftd_show_vpn-sessiondb_anyconnect.textfsm,2026-02-27T18:04:42.313900
textfsm,show system firmware,cisco_fxos,"[{""name"": ""version"", ""type"": ""str""}, {""name"": ""startup_version"", ""type"": ""str""}]",TextFSM template: cisco_fxos_show_system_firmware.textfsm,2026-02-27T18:04:42.313900
textfsm,dir,cisco_ios,"[{""name"": ""file_system"", ""type"": ""str""}, {""name"": ""id"", ""type"": ""str""}, {""name"": ""permissions"", ""type"": ""str""}, {""name"": ""size"", ""type"": ""str""}, {""name"": ""total_size"", ""type"": ""str""}, {""name"": ""total_free"", ""type"": ""str""}, {""name"": ""date_time"", ""type"": ""str""}, {""name"": ""name"", ""type"": ""str""}]",TextFSM template: cisco_ios_dir.textfsm,2026-02-27T18:04:42.313900
textfsm,ping,cisco_ios,"[{""name"": ""sent_qty"", ""type"": ""str""}, {""name"": ""sent_type"", ""type"": ""str""}, {""name"": ""destination"", ""type"": ""str""}, {""name"": ""timeout"", ""type"": ""str""}, {""name"": ""source"", ""type"": ""str""}, {""name"": ""response_stream"", ""type"": ""str""}, {""name"": ""success_pct"", ""type"": ""str""}, {""name"": ""success_qty"", ""type"": ""str""}, {""name"": ""rtt_min"", ""type"": ""str""}, {""name"": ""rtt_avg"", ""type"": ""str""}, {""name"": ""rtt_max"", ""type"": ""str""}, {""name"": ""responders"", ""type"": ""str""}]",TextFSM template: cisco_ios_ping.textfsm,2026-02-27T18:04:42.313900
textfsm,show access-list,cisco_ios,"[{""name"": ""name"", ""type"": ""str""}, {""name"": ""type"", ""type"": ""str""}, {""name"": ""sn"", ""type"": ""str""}, {""name"": ""action"", ""type"": ""str""}, {""name"": ""protocol"", ""type"": ""str""}, {""name"": ""source"", ""type"": ""str""}, {""name"": ""operator_source_port"", ""type"": ""str""}, {""name"": ""operator_destination_port"", ""type"": ""str""}, {""name"": ""source_port"", ""type"": ""str""}, {""name"": ""destination_port"", ""type"": ""str""}, {""name"": ""destination"", ""type"": ""str""}, {""name"": ""modifier"", ""type"": ""str""}, {""name"": ""matches"", ""type"": ""str""}]",TextFSM template: cisco_ios_show_access-list.textfsm,2026-02-27T18:04:42.313900
textfsm,show access-session,cisco_ios,"[{""name"": ""interface"", ""type"": ""str""}, {""name"": ""mac_address"", ""type"": ""str""}, {""name"": ""method"", ""type"": ""str""}, {""name"": ""domain"", ""type"": ""str""}, {""name"": ""status"", ""type"": ""str""}, {""name"": ""session"", ""type"": ""str""}]",TextFSM template: cisco_ios_show_access-session.textfsm,2026-02-27T18:04:42.313900
textfsm,show adjacency,cisco_ios,"[{""name"": ""interface"", ""type"": ""str""}, {""name"": ""endpoint"", ""type"": ""str""}, {""name"": ""rewrite_headers"", ""type"": ""str""}, {""name"": ""recursive_interface"", ""type"": ""str""}, {""name"": ""recursive_nexthop"", ""type"": ""str""}]",TextFSM template: cisco_ios_show_adjacency.textfsm,2026-02-27T18:04:42.313900
textfsm,show alert counters,cisco_ios,"[{""name"": ""interface"", ""type"": ""str""}, {""name"": ""errorcode"", ""type"": ""str""}, {""name"": ""timestamp"", ""type"": ""str""}, {""name"": ""description"", ""type"": ""str""}, {""name"": ""recommendation"", ""type"": ""str""}]",TextFSM template: cisco_ios_show_alert_counters.textfsm,2026-02-27T18:04:42.313900
textfsm,show aliases,cisco_ios,"[{""name"": ""mode"", ""type"": ""str""}, {""name"": ""alias"", ""type"": ""str""}, {""name"": ""command"", ""type"": ""str""}]",TextFSM template: cisco_ios_show_aliases.textfsm,2026-02-27T18:04:42.313900
textfsm,show ap cdp neighbors,cisco_ios,"[{""name"": ""ap_name"", ""type"": ""str""}, {""name"": ""ap_ip"", ""type"": ""str""}, {""name"": ""neighbor_name"", ""type"": ""str""}, {""name"": ""neighbor_ip"", ""type"": ""str""}, {""name"": ""neighbor_port"", ""type"": ""str""}]",TextFSM template: cisco_ios_show_ap_cdp_neighbors.textfsm,2026-02-27T18:04:42.313900
textfsm,show ap summary,cisco_ios,"[{""name"": ""ap_name"", ""type"": ""str""}, {""name"": ""slot"", ""type"": ""str""}, {""name"": ""ap_model"", ""type"": ""str""}, {""name"": ""mac_address"", ""type"": ""str""}, {""name"": ""radio_mac"", ""type"": ""str""}, {""name"": ""location"", ""type"": ""str""}, {""name"": ""country"", ""type"": ""str""}, {""name"": ""regulatory_domain"", ""type"": ""str""}, {""name"": ""ip_address"", ""type"": ""str""}, {""name"": ""state"", ""type"": ""str""}]",TextFSM template: cisco_ios_show_ap_summary.textfsm,2026-02-27T18:04:42.313900
textfsm,show archive,cisco_ios,"[{""name"": ""state"", ""type"": ""str""}, {""name"": ""next_filename"", ""type"": ""str""}, {""name"": ""filenames"", ""type"": ""str""}, {""name"": ""current_index"", ""type"": ""str""}]",TextFSM template: cisco_ios_show_archive.textfsm,2026-02-27T18:04:42.313900
textfsm,show arp,cisco_ios,"[{""name"": ""protocol"", ""type"": ""str""}, {""name"": ""address"", ""type"": ""str""}, {""name"": ""age_min"", ""type"": ""str""}, {""name"": ""hardware_address"", ""type"": ""str""}, {""name"": ""type"", ""type"": ""str""}, {""name"": ""interface"", ""type"": ""str""}]",TextFSM template: cisco_ios_show_arp.textfsm,2026-02-27T18:04:42.313900
textfsm,show authentication sessions,cisco_ios,"[{""name"": ""interface"", ""type"": ""str""}, {""name"": ""mac_address"", ""type"": ""str""}, {""name"": ""method"", ""type"": ""str""}, {""name"": ""domain"", ""type"": ""str""}, {""name"": ""status"", ""type"": ""str""}, {""name"": ""session"", ""type"": ""str""}]",TextFSM template: cisco_ios_show_authentication_sessions.textfsm,2026-02-27T18:04:42.313900
textfsm,show authentication sessions method details,cisco_ios,"[{""name"": ""interface"", ""type"": ""str""}, {""name"": ""mac_address"", ""type"": ""str""}, {""name"": ""ipv4_address"", ""type"": ""str""}, {""name"": ""ipv6_address"", ""type"": ""str""}, {""name"": ""username"", ""type"": ""str""}, {""name"": ""device_type"", ""type"": ""str""}, {""name"": ""device_name"", ""type"": ""str""}, {""name"": ""status"", ""type"": ""str""}, {""name"": ""domain"", ""type"": ""str""}, {""name"": ""operational_host_mode"", ""type"": ""str""}, {""name"": ""operational_control_dir"", ""type"": ""str""}, {""name"": ""session_timeout"", ""type"": ""str""}, {""name"": ""timeout_action"", ""type"": ""str""}, {""name"": ""accounting_update_seconds"", ""type"": ""str""}, {""name"": ""accounting_update_remaining_seconds"", ""type"": ""str""}, {""name"": ""current_policy"", ""type"": ""str""}, {""name"": ""server_policy_vlan_group"", ""type"": ""str""}, {""name"": ""server_policy_sgt"", ""type"": ""str""}, {""name"": ""server_policy_vn"", ""type"": ""str""}, {""name"": ""server_session_timeout"", ""type"": ""str""}, {""name"": ""server_template"", ""type"": ""str""}, {""name"": ""resultant_policy_vlan_group"", ""type"": ""str""}, {""name"": ""resultant_policy_sgt"", ""type"": ""str""}, {""name"": ""resultant_policy_vn"", ""type"": ""str""}, {""name"": ""method_type_list"", ""type"": ""str""}, {""name"": ""method_state_list"", ""type"": ""str""}]",TextFSM template: cisco_ios_show_authentication_sessions_method_details.textfsm,2026-02-27T18:04:42.313900
textfsm,show bfd neighbors details,cisco_ios,"[{""name"": ""our_addr"", ""type"": ""str""}, {""name"": ""neighbor_addr"", ""type"": ""str""}, {""name"": ""local_discrim"", ""type"": ""str""}, {""name"": ""remote_discrim"", ""type"": ""str""}, {""name"": ""remote_heard"", ""type"": ""str""}, {""name"": ""holddown"", ""type"": ""str""}, {""name"": ""multiplier"", ""type"": ""str""}, {""name"": ""state"", ""type"": ""str""}, {""name"": ""interface"", ""type"": ""str""}, {""name"": ""echo_function"", ""type"": ""str""}, {""name"": ""echo_interval"", ""type"": ""str""}, {""name"": ""diagnostic_bit"", ""type"": ""str""}, {""name"": ""demand_bit"", ""type"": ""str""}, {""name"": ""poll_bit"", ""type"": ""str""}, {""name"": ""min_tx_interval"", ""type"": ""str""}, {""name"": ""min_rx_interval"", ""type"": ""str""}, {""name"": ""received_min_rx_interval"", ""type"": ""str""}, {""name"": ""received_multiplier"", ""type"": ""str""}, {""name"": ""holddown_hits"", ""type"": ""str""}, {""name"": ""hello_interval"", ""type"": ""str""}, {""name"": ""hello_hits"", ""type"": ""str""}, {""name"": ""rx_count"", ""type"": ""str""}, {""name"": ""rx_last"", ""type"": ""str""}, {""name"": ""tx_count"", ""type"": ""str""}, {""name"": ""tx_last"", ""type"": ""str""}, {""name"": ""echo_rx_count"", ""type"": ""str""}, {""name"": ""echo_rx_last"", ""type"": ""str""}, {""name"": ""echo_tx_count"", ""type"": ""str""}, {""name"": ""echo_tx_last"", ""type"": ""str""}, {""name"": ""registered_protocols"", ""type"": ""str""}, {""name"": ""template"", ""type"": ""str""}, {""name"": ""uptime"", ""type"": ""str""}, {""name"": ""downtime"", ""type"": ""str""}, {""name"": ""version"", ""type"": ""str""}]",TextFSM template: cisco_ios_show_bfd_neighbors_details.textfsm,2026-02-27T18:04:42.313900
textfsm,show boot,cisco_ios,"[{""name"": ""switch_number"", ""type"": ""str""}, {""name"": ""boot_path"", ""type"": ""str""}, {""name"": ""config_file"", ""type"": ""str""}, {""name"": ""priv_config_file"", ""type"": ""str""}, {""name"": ""enable_break"", ""type"": ""str""}, {""name"": ""manual_boot"", ""type"": ""str""}, {""name"": ""allow_dev_key"", ""type"": ""str""}, {""name"": ""auto_upgrade"", ""type"": ""str""}, {""name"": ""buffer_size"", ""type"": ""str""}, {""name"": ""timeout_config_download"", ""type"": ""str""}, {""name"": ""config_download_dhcp"", ""type"": ""str""}, {""name"": ""config_download_dhcp_next_boot"", ""type"": ""str""}, {""name"": ""boot_mode"", ""type"": ""str""}, {""name"": ""boot_optimization"", ""type"": ""str""}, {""name"": ""current_boot_variables"", ""type"": ""str""}]",TextFSM template: cisco_ios_show_boot.textfsm,2026-02-27T18:04:42.313900
textfsm,show capability feature routing,cisco_ios,"[{""name"": ""feature"", ""type"": ""str""}, {""name"": ""state"", ""type"": ""str""}]",TextFSM template: cisco_ios_show_capability_feature_routing.textfsm,2026-02-27T18:04:42.313900
textfsm,show cdp neighbors,cisco_ios,"[{""name"": ""neighbor_name"", ""type"": ""str""}, {""name"": ""local_interface"", ""type"": ""str""}, {""name"": ""capabilities"", ""type"": ""str""}, {""name"": ""platform"", ""type"": ""str""}, {""name"": ""neighbor_interface"", ""type"": ""str""}]",TextFSM template: cisco_ios_show_cdp_neighbors.textfsm,2026-02-27T18:04:42.313900
textfsm,show cdp neighbors detail,cisco_ios,"[{""name"": ""neighbor_name"", ""type"": ""str""}, {""name"": ""mgmt_address"", ""type"": ""str""}, {""name"": ""platform"", ""type"": ""str""}, {""name"": ""neighbor_interface"", ""type"": ""str""}, {""name"": ""local_interface"", ""type"": ""str""}, {""name"": ""neighbor_description"", ""type"": ""str""}, {""name"": ""capabilities"", ""type"": ""str""}]",TextFSM template: cisco_ios_show_cdp_neighbors_detail.textfsm,2026-02-27T18:04:42.313900
textfsm,show clock,cisco_ios,"[{""name"": ""time"", ""type"": ""str""}, {""name"": ""timezone"", ""type"": ""str""}, {""name"": ""dayweek"", ""type"": ""str""}, {""name"": ""month"", ""type"": ""str""}, {""name"": ""day"", ""type"": ""str""}, {""name"": ""year"", ""type"": ""str""}]",TextFSM template: cisco_ios_show_clock.textfsm,2026-02-27T18:04:42.313900
textfsm,show controller t1,cisco_ios,"[{""name"": ""interface"", ""type"": ""str""}, {""name"": ""link_status"", ""type"": ""str""}, {""name"": ""ais_state"", ""type"": ""str""}, {""name"": ""los_state"", ""type"": ""str""}, {""name"": ""lof_state"", ""type"": ""str""}, {""name"": ""framing"", ""type"": ""str""}, {""name"": ""line_code"", ""type"": ""str""}, {""name"": ""clock_source"", ""type"": ""str""}, {""name"": ""curr_interval_elapsed_seconds"", ""type"": ""str""}, {""name"": ""curr_line_code_violations"", ""type"": ""str""}, {""name"": ""curr_path_code_violations"", ""type"": ""str""}, {""name"": ""curr_slip_secs"", ""type"": ""str""}, {""name"": ""curr_fr_loss_secs"", ""type"": ""str""}, {""name"": ""curr_line_err_secs"", ""type"": ""str""}, {""name"": ""curr_degraded_mins"", ""type"": ""str""}, {""name"": ""curr_err_secs"", ""type"": ""str""}, {""name"": ""curr_bursty_err_secs"", ""type"": ""str""}, {""name"": ""curr_sev_err_secs"", ""type"": ""str""}, {""name"": ""curr_unavail_secs"", ""type"": ""str""}, {""name"": ""total_line_code_violations"", ""type"": ""str""}, {""name"": ""total_path_code_violations"", ""type"": ""str""}, {""name"": ""total_slip_secs"", ""type"": ""str""}, {""name"": ""total_fr_loss_secs"", ""type"": ""str""}, {""name"": ""total_line_err_secs"", ""type"": ""str""}, {""name"": ""total_degraded_mins"", ""type"": ""str""}, {""name"": ""total_err_secs"", ""type"": ""str""}, {""name"": ""total_bursty_err_secs"", ""type"": ""str""}, {""name"": ""total_sev_err_secs"", ""type"": ""str""}, {""name"": ""total_unavail_secs"", ""type"": ""str""}]",TextFSM template: cisco_ios_show_controller_t1.textfsm,2026-02-27T18:04:42.313900
textfsm,show crypto ipsec sa detail,cisco_ios,"[{""name"": ""interface"", ""type"": ""str""}, {""name"": ""crypto_map_tag"", ""type"": ""str""}, {""name"": ""local_addr"", ""type"": ""str""}, {""name"": ""protected_vrf"", ""type"": ""str""}, {""name"": ""local_ident_addr"", ""type"": ""str""}, {""name"": ""local_ident_mask"", ""type"": ""str""}, {""name"": ""local_ident_prot"", ""type"": ""str""}, {""name"": ""local_ident_port"", ""type"": ""str""}, {""name"": ""remote_ident_addr"", ""type"": ""str""}, {""name"": ""remote_ident_mask"", ""type"": ""str""}, {""name"": ""remote_ident_prot"", ""type"": ""str""}, {""name"": ""remote_ident_port"", ""type"": ""str""}, {""name"": ""current_peer"", ""type"": ""str""}, {""name"": ""port"", ""type"": ""str""}, {""name"": ""action"", ""type"": ""str""}, {""name"": ""flags"", ""type"": ""str""}, {""name"": ""pkts_encaps"", ""type"": ""str""}, {""name"": ""pkts_encrypt"", ""type"": ""str""}, {""name"": ""pkts_digest"", ""type"": ""str""}, {""name"": ""pkts_decaps"", ""type"": ""str""}, {""name"": ""pkts_decrypt"", ""type"": ""str""}, {""name"": ""pkts_verify"", ""type"": ""str""}, {""name"": ""pkts_compressed"", ""type"": ""str""}, {""name"": ""pkts_decompressed"", ""type"": ""str""}, {""name"": ""pkts_not_compressed"", ""type"": ""str""}, {""name"": ""pkts_not_decompressed"", ""type"": ""str""}, {""name"": ""pkts_compress_failed"", ""type"": ""str""}, {""name"": ""pkts_decompress_failed"", ""type"": ""str""}, {""name"": ""pkts_no_sa"", ""type"": ""str""}, {""name"": ""pkts_invalid_sa"", ""type"": ""str""}, {""name"": ""pkts_encaps_failed"", ""type"": ""str""}, {""name"": ""pkts_decaps_failed"", ""type"": ""str""}, {""name"": ""pkts_invalid_prot"", ""type"": ""str""}, {""name"": ""pkts_verify_failed"", ""type"": ""str""}, {""name"": ""pkts_invalid_identity"", ""type"": ""str""}, {""name"": ""pkts_invalid_len"", ""type"": ""str""}, {""name"": ""pkts_replay_rollover_send"", ""type"": ""str""}, {""name"": ""pkts_replay_rollover_recv"", ""type"": ""str""}, {""name"": ""pkts_replay_failed"", ""type"": ""str""}, {""name"": ""pkts_tagged"", ""type"": ""str""}, {""name"": ""pkts_untagged"", ""type"": ""str""}, {""name"": ""pkts_not_tagged"", ""type"": ""str""}, {""name"": ""pkts_not_untagged"", ""type"": ""str""}, {""name"": ""pkts_internal_err_send"", ""type"": ""str""}, {""name"": ""pkts_internal_err_recv"", ""type"": ""str""}, {""name"": ""local_crypto_endpt"", ""type"": ""str""}, {""name"": ""remote_crypto_endpt"", ""type"": ""str""}, {""name"": ""plaintext_mtu"", ""type"": ""str""}, {""name"": ""path_mtu"", ""type"": ""str""}, {""name"": ""ip_mtu"", ""type"": ""str""}, {""name"": ""ip_mtu_idb"", ""type"": ""str""}, {""name"": ""current_outbound_spi_hex"", ""type"": ""str""}, {""name"": ""current_outbound_spi_dec"", ""type"": ""str""}, {""name"": ""pfs"", ""type"": ""str""}, {""name"": ""dh_group"", ""type"": ""str""}, {""name"": ""sa_orientation"", ""type"": ""str""}, {""name"": ""sa_type"", ""type"": ""str""}, {""name"": ""sa_spi_hex"", ""type"": ""str""}, {""name"": ""sa_spi_dec"", ""type"": ""str""}, {""name"": ""sa_transform"", ""type"": ""str""}, {""name"": ""sa_in_use_settings"", ""type"": ""str""}, {""name"": ""sa_conn_id"", ""type"": ""str""}, {""name"": ""sa_flow_id"", ""type"": ""str""}, {""name"": ""sa_sibling_flags"", ""type"": ""str""}, {""name"": ""sa_crypto_map"", ""type"": ""str""}, {""name"": ""sa_lifetime_kbytes"", ""type"": ""str""}, {""name"": ""sa_lifetime_sec"", ""type"": ""str""}, {""name"": ""sa_iv_size"", ""type"": ""str""}, {""name"": ""sa_replay_detection_support"", ""type"": ""str""}, {""name"": ""sa_replay_window_size"", ""type"": ""str""}, {""name"": ""sa_status"", ""type"": ""str""}]",TextFSM template: cisco_ios_show_crypto_ipsec_sa_detail.textfsm,2026-02-27T18:04:42.313900
textfsm,show crypto pki certificates,cisco_ios,"[{""name"": ""certificate_type"", ""type"": ""str""}, {""name"": ""status"", ""type"": ""str""}, {""name"": ""serial_number"", ""type"": ""str""}, {""name"": ""certificate_usage"", ""type"": ""str""}, {""name"": ""issuer_e"", ""type"": ""str""}, {""name"": ""issuer_cn"", ""type"": ""str""}, {""name"": ""issuer_ou"", ""type"": ""str""}, {""name"": ""issuer_o"", ""type"": ""str""}, {""name"": ""issuer_l"", ""type"": ""str""}, {""name"": ""issuer_st"", ""type"": ""str""}, {""name"": ""issuer_c"", ""type"": ""str""}, {""name"": ""subject_e"", ""type"": ""str""}, {""name"": ""subject_cn"", ""type"": ""str""}, {""name"": ""subject_ou"", ""type"": ""str""}, {""name"": ""subject_o"", ""type"": ""str""}, {""name"": ""subject_l"", ""type"": ""str""}, {""name"": ""subject_st"", ""type"": ""str""}, {""name"": ""subject_c"", ""type"": ""str""}, {""name"": ""subject_name"", ""type"": ""str""}, {""name"": ""subject_serial_number"", ""type"": ""str""}, {""name"": ""subject_hostname"", ""type"": ""str""}, {""name"": ""crl_distribution_point"", ""type"": ""str""}, {""name"": ""start_date"", ""type"": ""str""}, {""name"": ""end_date"", ""type"": ""str""}, {""name"": ""renew_date"", ""type"": ""str""}, {""name"": ""associated_trustpoints"", ""type"": ""str""}, {""name"": ""storage"", ""type"": ""str""}]",TextFSM template: cisco_ios_show_crypto_pki_certificates.textfsm,2026-02-27T18:04:42.313900
textfsm,show crypto session detail,cisco_ios,"[{""name"": ""interface"", ""type"": ""str""}, {""name"": ""session_status"", ""type"": ""str""}, {""name"": ""profile"", ""type"": ""str""}, {""name"": ""uptime"", ""type"": ""str""}, {""name"": ""peer"", ""type"": ""str""}, {""name"": ""port"", ""type"": ""str""}, {""name"": ""fvrf"", ""type"": ""str""}, {""name"": ""ivrf"", ""type"": ""str""}, {""name"": ""description"", ""type"": ""str""}, {""name"": ""phase1_id"", ""type"": ""str""}, {""name"": ""session_id"", ""type"": ""str""}, {""name"": ""local_ip"", ""type"": ""str""}, {""name"": ""local_port"", ""type"": ""str""}, {""name"": ""remote_ip"", ""type"": ""str""}, {""name"": ""remote_port"", ""type"": ""str""}, {""name"": ""ikev1_status"", ""type"": ""str""}, {""name"": ""capabilities"", ""type"": ""str""}, {""name"": ""conn_id"", ""type"": ""str""}, {""name"": ""lifetime"", ""type"": ""str""}, {""name"": ""permit"", ""type"": ""str""}, {""name"": ""src_host"", ""type"": ""str""}, {""name"": ""src_mask"", ""type"": ""str""}, {""name"": ""dst_host"", ""type"": ""str""}, {""name"": ""dst_mask"", ""type"": ""str""}, {""name"": ""active_sa"", ""type"": ""str""}, {""name"": ""origin"", ""type"": ""str""}]",TextFSM template: cisco_ios_show_crypto_session_detail.textfsm,2026-02-27T18:04:42.313900
textfsm,show cts credentials,cisco_ios,"[{""name"": ""device_id"", ""type"": ""str""}, {""name"": ""error"", ""type"": ""str""}]",TextFSM template: cisco_ios_show_cts_credentials.textfsm,2026-02-27T18:04:42.313900
textfsm,show cts pacs,cisco_ios,"[{""name"": ""aid"", ""type"": ""str""}, {""name"": ""pac_type"", ""type"": ""str""}, {""name"": ""initiator_id"", ""type"": ""str""}, {""name"": ""authenticator_id_info"", ""type"": ""str""}, {""name"": ""time"", ""type"": ""str""}, {""name"": ""timezone"", ""type"": ""str""}, {""name"": ""weekday"", ""type"": ""str""}, {""name"": ""month"", ""type"": ""str""}, {""name"": ""day"", ""type"": ""str""}, {""name"": ""year"", ""type"": ""str""}, {""name"": ""pac_opaque"", ""type"": ""str""}, {""name"": ""refresh_timer"", ""type"": ""str""}, {""name"": ""refresh_timer_stopped"", ""type"": ""str""}, {""name"": ""error"", ""type"": ""str""}, {""name"": ""seconds_waiting_for_server"", ""type"": ""str""}]",TextFSM template: cisco_ios_show_cts_pacs.textfsm,2026-02-27T18:04:42.313900
textfsm,show dhcp lease,cisco_ios,"[{""name"": ""ip_address"", ""type"": ""str""}, {""name"": ""netmask"", ""type"": ""str""}, {""name"": ""interface"", ""type"": ""str""}, {""name"": ""server"", ""type"": ""str""}, {""name"": ""state_id"", ""type"": ""str""}, {""name"": ""state"", ""type"": ""str""}, {""name"": ""transaction_id"", ""type"": ""str""}, {""name"": ""time_lease"", ""type"": ""str""}, {""name"": ""time_renewal"", ""type"": ""str""}, {""name"": ""time_rebound"", ""type"": ""str""}, {""name"": ""time_next_fire"", ""type"": ""str""}, {""name"": ""gateway"", ""type"": ""str""}, {""name"": ""retry_count"", ""type"": ""str""}, {""name"": ""client_id"", ""type"": ""str""}, {""name"": ""hostname"", ""type"": ""str""}]",TextFSM template: cisco_ios_show_dhcp_lease.textfsm,2026-02-27T18:04:42.313900
textfsm,show dmvpn,cisco_ios,"[{""name"": ""peer_nbma"", ""type"": ""str""}, {""name"": ""peer_tunnel"", ""type"": ""str""}, {""name"": ""state"", ""type"": ""str""}, {""name"": ""uptime"", ""type"": ""str""}, {""name"": ""attribute"", ""type"": ""str""}]",TextFSM template: cisco_ios_show_dmvpn.textfsm,2026-02-27T18:04:42.313900
textfsm,show dot1x all,cisco_ios,"[{""name"": ""sysauthcontrol"", ""type"": ""str""}, {""name"": ""dot1xversion"", ""type"": ""str""}, {""name"": ""critical_recovery_delay"", ""type"": ""str""}, {""name"": ""critical_eapol"", ""type"": ""str""}, {""name"": ""interface"", ""type"": ""str""}, {""name"": ""pae"", ""type"": ""str""}, {""name"": ""portcontrol"", ""type"": ""str""}, {""name"": ""controldirection"", ""type"": ""str""}, {""name"": ""hostmode"", ""type"": ""str""}, {""name"": ""reauthentication"", ""type"": ""str""}, {""name"": ""quietperiod"", ""type"": ""str""}, {""name"": ""servertimeout"", ""type"": ""str""}, {""name"": ""supptimeout"", ""type"": ""str""}, {""name"": ""reauthperiod"", ""type"": ""str""}, {""name"": ""reauthmax"", ""type"": ""str""}, {""name"": ""masreq"", ""type"": ""str""}, {""name"": ""txperiod"", ""type"": ""str""}, {""name"": ""ratelimitperiod"", ""type"": ""str""}]",TextFSM template: cisco_ios_show_dot1x_all.textfsm,2026-02-27T18:04:42.313900
textfsm,show environment power all,cisco_ios,"[{""name"": ""ps_module"", ""type"": ""str""}, {""name"": ""pid"", ""type"": ""str""}, {""name"": ""serial"", ""type"": ""str""}, {""name"": ""status"", ""type"": ""str""}, {""name"": ""sys_pwr"", ""type"": ""str""}, {""name"": ""poe_pwr"", ""type"": ""str""}, {""name"": ""watts"", ""type"": ""str""}]",TextFSM template: cisco_ios_show_environment_power_all.textfsm,2026-02-27T18:04:42.313900
textfsm,show environment temperature,cisco_ios,"[{""name"": ""switch"", ""type"": ""str""}, {""name"": ""switch_temperature"", ""type"": ""str""}, {""name"": ""inlet_temperature_value"", ""type"": ""str""}, {""name"": ""inlet_temperature_state"", ""type"": ""str""}, {""name"": ""inlet_yellow_threshold"", ""type"": ""str""}, {""name"": ""inlet_red_threshold"", ""type"": ""str""}, {""name"": ""hotspot_temperature_value"", ""type"": ""str""}, {""name"": ""hotspot_temperature_state"", ""type"": ""str""}, {""name"": ""hotspot_yellow_threshold"", ""type"": ""str""}, {""name"": ""hotspot_red_threshold"", ""type"": ""str""}]",TextFSM template: cisco_ios_show_environment_temperature.textfsm,2026-02-27T18:04:42.313900
textfsm,show etherchannel summary,cisco_ios,"[{""name"": ""group"", ""type"": ""str""}, {""name"": ""bundle_name"", ""type"": ""str""}, {""name"": ""bundle_status"", ""type"": ""str""}, {""name"": ""bundle_protocol"", ""type"": ""str""}, {""name"": ""member_interface"", ""type"": ""str""}, {""name"": ""member_interface_status"", ""type"": ""str""}]",TextFSM template: cisco_ios_show_etherchannel_summary.textfsm,2026-02-27T18:04:42.313900
textfsm,show file systems,cisco_ios,"[{""name"": ""size"", ""type"": ""str""}, {""name"": ""free"", ""type"": ""str""}, {""name"": ""type"", ""type"": ""str""}, {""name"": ""flags"", ""type"": ""str""}, {""name"": ""prefixes"", ""type"": ""str""}]",TextFSM template: cisco_ios_show_file_systems.textfsm,2026-02-27T18:04:42.313900
textfsm,show hosts summary,cisco_ios,"[{""name"": ""default_domain"", ""type"": ""str""}, {""name"": ""name_servers"", ""type"": ""str""}, {""name"": ""local_cache_entries"", ""type"": ""str""}, {""name"": ""dynamic_cache_entries"", ""type"": ""str""}]",TextFSM template: cisco_ios_show_hosts_summary.textfsm,2026-02-27T18:04:42.313900
textfsm,show interface link,cisco_ios,"[{""name"": ""port"", ""type"": ""str""}, {""name"": ""name"", ""type"": ""str""}, {""name"": ""downtime"", ""type"": ""str""}, {""name"": ""since"", ""type"": ""str""}, {""name"": ""uptime"", ""type"": ""str""}]",TextFSM template: cisco_ios_show_interface_link.textfsm,2026-02-27T18:04:42.313900
textfsm,show interface transceiver,cisco_ios,"[{""name"": ""interface"", ""type"": ""str""}, {""name"": ""temperature"", ""type"": ""str""}, {""name"": ""voltage"", ""type"": ""str""}, {""name"": ""current"", ""type"": ""str""}, {""name"": ""tx_pwr"", ""type"": ""str""}, {""name"": ""rx_pwr"", ""type"": ""str""}]",TextFSM template: cisco_ios_show_interface_transceiver.textfsm,2026-02-27T18:04:42.313900
textfsm,show interfaces,cisco_ios,"[{""name"": ""interface"", ""type"": ""str""}, {""name"": ""link_status"", ""type"": ""str""}, {""name"": ""protocol_status"", ""type"": ""str""}, {""name"": ""hardware_type"", ""type"": ""str""}, {""name"": ""mac_address"", ""type"": ""str""}, {""name"": ""bia"", ""type"": ""str""}, {""name"": ""description"", ""type"": ""str""}, {""name"": ""ip_address"", ""type"": ""str""}, {""name"": ""prefix_length"", ""type"": ""str""}, {""name"": ""mtu"", ""type"": ""str""}, {""name"": ""duplex"", ""type"": ""str""}, {""name"": ""speed"", ""type"": ""str""}, {""name"": ""media_type"", ""type"": ""str""}, {""name"": ""bandwidth"", ""type"": ""str""}, {""name"": ""delay"", ""type"": ""str""}, {""name"": ""encapsulation"", ""type"": ""str""}, {""name"": ""last_input"", ""type"": ""str""}, {""name"": ""last_output"", ""type"": ""str""}, {""name"": ""last_output_hang"", ""type"": ""str""}, {""name"": ""queue_strategy"", ""type"": ""str""}, {""name"": ""input_rate"", ""type"": ""str""}, {""name"": ""output_rate"", ""type"": ""str""}, {""name"": ""input_pps"", ""type"": ""str""}, {""name"": ""output_pps"", ""type"": ""str""}, {""name"": ""input_packets"", ""type"": ""str""}, {""name"": ""output_packets"", ""type"": ""str""}, {""name"": ""runts"", ""type"": ""str""}, {""name"": ""giants"", ""type"": ""str""}, {""name"": ""input_errors"", ""type"": ""str""}, {""name"": ""crc"", ""type"": ""str""}, {""name"": ""frame"", ""type"": ""str""}, {""name"": ""overrun"", ""type"": ""str""}, {""name"": ""abort"", ""type"": ""str""}, {""name"": ""output_errors"", ""type"": ""str""}, {""name"": ""vlan_id"", ""type"": ""str""}, {""name"": ""vlan_id_inner"", ""type"": ""str""}, {""name"": ""vlan_id_outer"", ""type"": ""str""}, {""name"": ""queue_size"", ""type"": ""str""}, {""name"": ""queue_max"", ""type"": ""str""}, {""name"": ""queue_drops"", ""type"": ""str""}, {""name"": ""queue_flushes"", ""type"": ""str""}, {""name"": ""queue_output_drops"", ""type"": ""str""}]",TextFSM template: cisco_ios_show_interfaces.textfsm,2026-02-27T18:04:42.313900
textfsm,show interfaces description,cisco_ios,"[{""name"": ""port"", ""type"": ""str""}, {""name"": ""status"", ""type"": ""str""}, {""name"": ""protocol"", ""type"": ""str""}, {""name"": ""description"", ""type"": ""str""}]",TextFSM template: cisco_ios_show_interfaces_description.textfsm,2026-02-27T18:04:42.313900
textfsm,show interfaces status,cisco_ios,"[{""name"": ""port"", ""type"": ""str""}, {""name"": ""name"", ""type"": ""str""}, {""name"": ""status"", ""type"": ""str""}, {""name"": ""vlan_id"", ""type"": ""str""}, {""name"": ""duplex"", ""type"": ""str""}, {""name"": ""speed"", ""type"": ""str""}, {""name"": ""type"", ""type"": ""str""}, {""name"": ""fc_mode"", ""type"": ""str""}]",TextFSM template: cisco_ios_show_interfaces_status.textfsm,2026-02-27T18:04:42.313900
textfsm,show interfaces switchport,cisco_ios,"[{""name"": ""interface"", ""type"": ""str""}, {""name"": ""switchport"", ""type"": ""str""}, {""name"": ""switchport_monitor"", ""type"": ""str""}, {""name"": ""switchport_negotiation"", ""type"": ""str""}, {""name"": ""mode"", ""type"": ""str""}, {""name"": ""admin_mode"", ""type"": ""str""}, {""name"": ""access_vlan"", ""type"": ""str""}, {""name"": ""native_vlan"", ""type"": ""str""}, {""name"": ""voice_vlan"", ""type"": ""str""}, {""name"": ""trunking_vlans"", ""type"": ""str""}]",TextFSM template: cisco_ios_show_interfaces_switchport.textfsm,2026-02-27T18:04:42.313900
textfsm,show inventory,cisco_ios,"[{""name"": ""name"", ""type"": ""str""}, {""name"": ""descr"", ""type"": ""str""}, {""name"": ""pid"", ""type"": ""str""}, {""name"": ""vid"", ""type"": ""str""}, {""name"": ""sn"", ""type"": ""str""}]",TextFSM template: cisco_ios_show_inventory.textfsm,2026-02-27T18:04:42.313900
textfsm,show ip access-lists,cisco_ios,"[{""name"": ""required"", ""type"": ""str""}, {""name"": ""required"", ""type"": ""str""}, {""name"": ""line_num"", ""type"": ""str""}, {""name"": ""action"", ""type"": ""str""}, {""name"": ""protocol"", ""type"": ""str""}, {""name"": ""src_host"", ""type"": ""str""}, {""name"": ""src_any"", ""type"": ""str""}, {""name"": ""src_network"", ""type"": ""str""}, {""name"": ""src_wildcard"", ""type"": ""str""}, {""name"": ""src_network_object_group_name"", ""type"": ""str""}, {""name"": ""src_port_match"", ""type"": ""str""}, {""name"": ""src_port"", ""type"": ""str""}, {""name"": ""src_port_range_start"", ""type"": ""str""}, {""name"": ""src_port_range_end"", ""type"": ""str""}, {""name"": ""dst_host"", ""type"": ""str""}, {""name"": ""dst_any"", ""type"": ""str""}, {""name"": ""dst_network"", ""type"": ""str""}, {""name"": ""dst_wildcard"", ""type"": ""str""}, {""name"": ""dst_network_object_group_name"", ""type"": ""str""}, {""name"": ""dst_port_match"", ""type"": ""str""}, {""name"": ""dst_port"", ""type"": ""str""}, {""name"": ""dst_port_range_start"", ""type"": ""str""}, {""name"": ""dst_port_range_end"", ""type"": ""str""}, {""name"": ""service_object_group_name"", ""type"": ""str""}, {""name"": ""flags_match"", ""type"": ""str""}, {""name"": ""tcp_flag"", ""type"": ""str""}, {""name"": ""log"", ""type"": ""str""}, {""name"": ""log_tag"", ""type"": ""str""}, {""name"": ""icmp_type"", ""type"": ""str""}, {""name"": ""time"", ""type"": ""str""}, {""name"": ""state"", ""type"": ""str""}, {""name"": ""matches"", ""type"": ""str""}]",TextFSM template: cisco_ios_show_ip_access-lists.textfsm,2026-02-27T18:04:42.313900
textfsm,show ip arp,cisco_ios,"[{""name"": ""protocol"", ""type"": ""str""}, {""name"": ""ip_address"", ""type"": ""str""}, {""name"": ""age"", ""type"": ""str""}, {""name"": ""mac_address"", ""type"": ""str""}, {""name"": ""type"", ""type"": ""str""}, {""name"": ""interface"", ""type"": ""str""}]",TextFSM template: cisco_ios_show_ip_arp.textfsm,2026-02-27T18:04:42.313900
textfsm,show ip bgp,cisco_ios,"[{""name"": ""status"", ""type"": ""str""}, {""name"": ""path_selection"", ""type"": ""str""}, {""name"": ""route_source"", ""type"": ""str""}, {""name"": ""network"", ""type"": ""str""}, {""name"": ""next_hop"", ""type"": ""str""}, {""name"": ""metric"", ""type"": ""str""}, {""name"": ""local_pref"", ""type"": ""str""}, {""name"": ""weight"", ""type"": ""str""}, {""name"": ""as_path"", ""type"": ""str""}, {""name"": ""origin"", ""type"": ""str""}]",TextFSM template: cisco_ios_show_ip_bgp.textfsm,2026-02-27T18:04:42.313900
textfsm,show ip bgp neighbors,cisco_ios,"[{""name"": ""neighbor"", ""type"": ""str""}, {""name"": ""vrf"", ""type"": ""str""}, {""name"": ""remote_as"", ""type"": ""str""}, {""name"": ""peer_group"", ""type"": ""str""}, {""name"": ""remote_router_id"", ""type"": ""str""}, {""name"": ""bgp_state"", ""type"": ""str""}, {""name"": ""localhost_ip"", ""type"": ""str""}, {""name"": ""localhost_port"", ""type"": ""str""}, {""name"": ""remote_ip"", ""type"": ""str""}, {""name"": ""remote_port"", ""type"": ""str""}, {""name"": ""inbound_routemap"", ""type"": ""str""}, {""name"": ""outbound_routemap"", ""type"": ""str""}]",TextFSM template: cisco_ios_show_ip_bgp_neighbors.textfsm,2026-02-27T18:04:42.313900
textfsm,show ip bgp neighbors advertised-routes,cisco_ios,"[{""name"": ""status"", ""type"": ""str""}, {""name"": ""path_selection"", ""type"": ""str""}, {""name"": ""route_source"", ""type"": ""str""}, {""name"": ""network"", ""type"": ""str""}, {""name"": ""next_hop"", ""type"": ""str""}, {""name"": ""metric"", ""type"": ""str""}, {""name"": ""local_pref"", ""type"": ""str""}, {""name"": ""weight"", ""type"": ""str""}, {""name"": ""as_path"", ""type"": ""str""}, {""name"": ""origin"", ""type"": ""str""}]",TextFSM template: cisco_ios_show_ip_bgp_neighbors_advertised-routes.textfsm,2026-02-27T18:04:42.313900
textfsm,show ip bgp summary,cisco_ios,"[{""name"": ""filldown"", ""type"": ""str""}, {""name"": ""local_as"", ""type"": ""str""}, {""name"": ""address_family"", ""type"": ""str""}, {""name"": ""bgp_neighbor"", ""type"": ""str""}, {""name"": ""bgp_version"", ""type"": ""str""}, {""name"": ""neighbor_as"", ""type"": ""str""}, {""name"": ""messages_received"", ""type"": ""str""}, {""name"": ""messages_sent"", ""type"": ""str""}, {""name"": ""table_version"", ""type"": ""str""}, {""name"": ""input_queue"", ""type"": ""str""}, {""name"": ""output_queue"", ""type"": ""str""}, {""name"": ""up_down"", ""type"": ""str""}, {""name"": ""state_or_prefixes_received"", ""type"": ""str""}]",TextFSM template: cisco_ios_show_ip_bgp_summary.textfsm,2026-02-27T18:04:42.313900
textfsm,show ip bgp vpnv4 all neighbors,cisco_ios,"[{""name"": ""neighbor"", ""type"": ""str""}, {""name"": ""vrf"", ""type"": ""str""}, {""name"": ""remote_as"", ""type"": ""str""}, {""name"": ""local_as"", ""type"": ""str""}, {""name"": ""description"", ""type"": ""str""}, {""name"": ""peer_group"", ""type"": ""str""}, {""name"": ""remote_router_id"", ""type"": ""str""}, {""name"": ""bgp_state"", ""type"": ""str""}, {""name"": ""localhost_ip"", ""type"": ""str""}, {""name"": ""localhost_port"", ""type"": ""str""}, {""name"": ""remote_ip"", ""type"": ""str""}, {""name"": ""remote_port"", ""type"": ""str""}, {""name"": ""inbound_routemap"", ""type"": ""str""}, {""name"": ""outbound_routemap"", ""type"": ""str""}]",TextFSM template: cisco_ios_show_ip_bgp_vpnv4_all_neighbors.textfsm,2026-02-27T18:04:42.313900
textfsm,show ip cef,cisco_ios,"[{""name"": ""ip_address"", ""type"": ""str""}, {""name"": ""prefix_length"", ""type"": ""str""}, {""name"": ""nexthop"", ""type"": ""str""}, {""name"": ""interface"", ""type"": ""str""}]",TextFSM template: cisco_ios_show_ip_cef.textfsm,2026-02-27T18:04:42.313900
textfsm,show ip cef detail,cisco_ios,"[{""name"": ""ip_address"", ""type"": ""str""}, {""name"": ""prefix_length"", ""type"": ""str""}, {""name"": ""nexthop"", ""type"": ""str""}, {""name"": ""interface"", ""type"": ""str""}]",TextFSM template: cisco_ios_show_ip_cef_detail.textfsm,2026-02-27T18:04:42.313900
textfsm,show ip device tracking all,cisco_ios,"[{""name"": ""ip_address"", ""type"": ""str""}, {""name"": ""mac_address"", ""type"": ""str""}, {""name"": ""vlan_id"", ""type"": ""str""}, {""name"": ""interface"", ""type"": ""str""}, {""name"": ""probe_timeout"", ""type"": ""str""}, {""name"": ""state"", ""type"": ""str""}, {""name"": ""source"", ""type"": ""str""}]",TextFSM template: cisco_ios_show_ip_device_tracking_all.textfsm,2026-02-27T18:04:42.313900
textfsm,show ip dhcp binding,cisco_ios,"[{""name"": ""ip_address"", ""type"": ""str""}, {""name"": ""hardware_address"", ""type"": ""str""}, {""name"": ""expiration"", ""type"": ""str""}, {""name"": ""type"", ""type"": ""str""}]",TextFSM template: cisco_ios_show_ip_dhcp_binding.textfsm,2026-02-27T18:04:42.313900
textfsm,show ip dhcp snooping binding,cisco_ios,"[{""name"": ""ip_address"", ""type"": ""str""}, {""name"": ""mac_address"", ""type"": ""str""}, {""name"": ""vlan_id"", ""type"": ""str""}, {""name"": ""interface"", ""type"": ""str""}, {""name"": ""type"", ""type"": ""str""}, {""name"": ""lease"", ""type"": ""str""}]",TextFSM template: cisco_ios_show_ip_dhcp_snooping_binding.textfsm,2026-02-27T18:04:42.313900
textfsm,show ip eigrp interfaces detail,cisco_ios,"[{""name"": ""as"", ""type"": ""str""}, {""name"": ""interface"", ""type"": ""str""}, {""name"": ""peers"", ""type"": ""str""}, {""name"": ""xmit_q_unreliable"", ""type"": ""str""}, {""name"": ""xmit_q_reliable"", ""type"": ""str""}, {""name"": ""peer_q_unreliable"", ""type"": ""str""}, {""name"": ""peer_q_reliable"", ""type"": ""str""}, {""name"": ""mean_srtt"", ""type"": ""str""}, {""name"": ""pacing_time_unreliable"", ""type"": ""str""}, {""name"": ""pacing_time_reliable"", ""type"": ""str""}, {""name"": ""mcast_flow_timer"", ""type"": ""str""}, {""name"": ""pending_routes"", ""type"": ""str""}, {""name"": ""hello_interval"", ""type"": ""str""}, {""name"": ""hold_time"", ""type"": ""str""}, {""name"": ""split_horizon"", ""type"": ""str""}, {""name"": ""next_xmit_serial"", ""type"": ""str""}, {""name"": ""packetized_sent"", ""type"": ""str""}, {""name"": ""packetized_expedited"", ""type"": ""str""}, {""name"": ""hellos_sent"", ""type"": ""str""}, {""name"": ""hellos_expedited"", ""type"": ""str""}, {""name"": ""mcasts_unreliable"", ""type"": ""str""}, {""name"": ""mcasts_reliable"", ""type"": ""str""}, {""name"": ""ucasts_unreliable"", ""type"": ""str""}, {""name"": ""ucasts_reliable"", ""type"": ""str""}, {""name"": ""mcast_exceptions"", ""type"": ""str""}, {""name"": ""cr_packets"", ""type"": ""str""}, {""name"": ""acks_suppressed"", ""type"": ""str""}, {""name"": ""retransmissions_sent"", ""type"": ""str""}, {""name"": ""out_of_sequence_rcvd"", ""type"": ""str""}, {""name"": ""topology_ids"", ""type"": ""str""}, {""name"": ""authentication_mode"", ""type"": ""str""}, {""name"": ""topologies_advertised"", ""type"": ""str""}, {""name"": ""topologies_not_advertised"", ""type"": ""str""}]",TextFSM template: cisco_ios_show_ip_eigrp_interfaces_detail.textfsm,2026-02-27T18:04:42.313900
textfsm,show ip eigrp neighbors,cisco_ios,"[{""name"": ""as"", ""type"": ""str""}, {""name"": ""ip_address"", ""type"": ""str""}, {""name"": ""interface"", ""type"": ""str""}, {""name"": ""hold"", ""type"": ""str""}, {""name"": ""uptime"", ""type"": ""str""}, {""name"": ""srtt"", ""type"": ""str""}, {""name"": ""rto"", ""type"": ""str""}, {""name"": ""q_cnt"", ""type"": ""str""}, {""name"": ""seq_num"", ""type"": ""str""}]",TextFSM template: cisco_ios_show_ip_eigrp_neighbors.textfsm,2026-02-27T18:04:42.313900
textfsm,show ip eigrp neighbors detail,cisco_ios,"[{""name"": ""as"", ""type"": ""str""}, {""name"": ""h"", ""type"": ""str""}, {""name"": ""ip_address"", ""type"": ""str""}, {""name"": ""interface"", ""type"": ""str""}, {""name"": ""hold"", ""type"": ""str""}, {""name"": ""uptime"", ""type"": ""str""}, {""name"": ""srtt"", ""type"": ""str""}, {""name"": ""rto"", ""type"": ""str""}, {""name"": ""q_cnt"", ""type"": ""str""}, {""name"": ""seq_num"", ""type"": ""str""}, {""name"": ""version"", ""type"": ""str""}, {""name"": ""retrans"", ""type"": ""str""}, {""name"": ""retries"", ""type"": ""str""}, {""name"": ""prefixes"", ""type"": ""str""}, {""name"": ""topology_ids_from_peer"", ""type"": ""str""}, {""name"": ""max_neighbors"", ""type"": ""str""}, {""name"": ""current_neighbors"", ""type"": ""str""}]",TextFSM template: cisco_ios_show_ip_eigrp_neighbors_detail.textfsm,2026-02-27T18:04:42.313900
textfsm,show ip eigrp topology,cisco_ios,"[{""name"": ""process_id"", ""type"": ""str""}, {""name"": ""router_id"", ""type"": ""str""}, {""name"": ""code"", ""type"": ""str""}, {""name"": ""network"", ""type"": ""str""}, {""name"": ""prefix_length"", ""type"": ""str""}, {""name"": ""successors"", ""type"": ""str""}, {""name"": ""fd"", ""type"": ""str""}, {""name"": ""tag"", ""type"": ""str""}, {""name"": ""adv_router"", ""type"": ""str""}, {""name"": ""adv_fd"", ""type"": ""str""}, {""name"": ""adv_rd"", ""type"": ""str""}, {""name"": ""out_interface"", ""type"": ""str""}, {""name"": ""source"", ""type"": ""str""}]",TextFSM template: cisco_ios_show_ip_eigrp_topology.textfsm,2026-02-27T18:04:42.313900
textfsm,show ip flow toptalkers,cisco_ios,"[{""name"": ""src_intf"", ""type"": ""str""}, {""name"": ""src_ipaddr"", ""type"": ""str""}, {""name"": ""src_port"", ""type"": ""str""}, {""name"": ""dst_intf"", ""type"": ""str""}, {""name"": ""dst_ipaddr"", ""type"": ""str""}, {""name"": ""proto"", ""type"": ""str""}, {""name"": ""dst_port"", ""type"": ""str""}, {""name"": ""pkt"", ""type"": ""str""}]",TextFSM template: cisco_ios_show_ip_flow_toptalkers.textfsm,2026-02-27T18:04:42.313900
textfsm,show ip http server status,cisco_ios,"[{""name"": ""server_status"", ""type"": ""str""}, {""name"": ""server_port"", ""type"": ""str""}, {""name"": ""auth_method"", ""type"": ""str""}, {""name"": ""auth_retry"", ""type"": ""str""}, {""name"": ""time_window"", ""type"": ""str""}, {""name"": ""server_digest"", ""type"": ""str""}, {""name"": ""access_class"", ""type"": ""str""}, {""name"": ""ipv4_access_class"", ""type"": ""str""}, {""name"": ""ipv6_access_class"", ""type"": ""str""}, {""name"": ""file_upload_status"", ""type"": ""str""}, {""name"": ""concurrent_connections_allowed"", ""type"": ""str""}, {""name"": ""secondary_connections_allowed"", ""type"": ""str""}, {""name"": ""server_idle_timeout"", ""type"": ""str""}, {""name"": ""server_life_timeout"", ""type"": ""str""}, {""name"": ""server_session_timeout"", ""type"": ""str""}, {""name"": ""max_requests_per_connection"", ""type"": ""str""}, {""name"": ""server_linger_time"", ""type"": ""str""}, {""name"": ""active_session_modules"", ""type"": ""str""}, {""name"": ""secure_server_capability"", ""type"": ""str""}, {""name"": ""secure_server_status"", ""type"": ""str""}, {""name"": ""secure_server_port"", ""type"": ""str""}, {""name"": ""secure_ciphersuite"", ""type"": ""str""}, {""name"": ""tls_versions"", ""type"": ""str""}, {""name"": ""secure_client_auth"", ""type"": ""str""}, {""name"": ""secure_piv_authn"", ""type"": ""str""}, {""name"": ""secure_piv_authz"", ""type"": ""str""}, {""name"": ""secure_ecdhe_curve"", ""type"": ""str""}, {""name"": ""secure_active_session_modules"", ""type"": ""str""}]",TextFSM template: cisco_ios_show_ip_http_server_status.textfsm,2026-02-27T18:04:42.313900
textfsm,show ip interface,cisco_ios,"[{""name"": ""interface"", ""type"": ""str""}, {""name"": ""link_status"", ""type"": ""str""}, {""name"": ""protocol_status"", ""type"": ""str""}, {""name"": ""ip_address"", ""type"": ""str""}, {""name"": ""prefix_length"", ""type"": ""str""}, {""name"": ""vrf"", ""type"": ""str""}, {""name"": ""mtu"", ""type"": ""str""}, {""name"": ""ip_helper"", ""type"": ""str""}, {""name"": ""outgoing_acl"", ""type"": ""str""}, {""name"": ""inbound_acl"", ""type"": ""str""}]",TextFSM template: cisco_ios_show_ip_interface.textfsm,2026-02-27T18:04:42.313900
textfsm,show ip interface brief,cisco_ios,"[{""name"": ""interface"", ""type"": ""str""}, {""name"": ""ip_address"", ""type"": ""str""}, {""name"": ""status"", ""type"": ""str""}, {""name"": ""proto"", ""type"": ""str""}]",TextFSM template: cisco_ios_show_ip_interface_brief.textfsm,2026-02-27T18:04:42.313900
textfsm,show ip mroute,cisco_ios,"[{""name"": ""multicast_source_ip"", ""type"": ""str""}, {""name"": ""multicast_group_ip"", ""type"": ""str""}, {""name"": ""up_time"", ""type"": ""str""}, {""name"": ""expiration_time"", ""type"": ""str""}, {""name"": ""rendezvous_point"", ""type"": ""str""}, {""name"": ""flags"", ""type"": ""str""}, {""name"": ""incoming_interface"", ""type"": ""str""}, {""name"": ""reverse_path_forwarding_neighbour_ip"", ""type"": ""str""}, {""name"": ""registering"", ""type"": ""str""}, {""name"": ""outgoing_interface"", ""type"": ""str""}, {""name"": ""forward_mode"", ""type"": ""str""}, {""name"": ""outgoing_multicast_up_time"", ""type"": ""str""}, {""name"": ""outgoing_multicast_expiration_time"", ""type"": ""str""}]",TextFSM template: cisco_ios_show_ip_mroute.textfsm,2026-02-27T18:04:42.313900
textfsm,show ip nat translations,cisco_ios,"[{""name"": ""protocol"", ""type"": ""str""}, {""name"": ""inside_global_ip"", ""type"": ""str""}, {""name"": ""inside_global_port"", ""type"": ""str""}, {""name"": ""inside_local_ip"", ""type"": ""str""}, {""name"": ""inside_local_port"", ""type"": ""str""}, {""name"": ""outside_local_ip"", ""type"": ""str""}, {""name"": ""outside_local_port"", ""type"": ""str""}, {""name"": ""outside_global_ip"", ""type"": ""str""}, {""name"": ""outside_global_port"", ""type"": ""str""}]",TextFSM template: cisco_ios_show_ip_nat_translations.textfsm,2026-02-27T18:04:42.313900
textfsm,show ip ospf database,cisco_ios,"[{""name"": ""router_id"", ""type"": ""str""}, {""name"": ""process_id"", ""type"": ""str""}, {""name"": ""area"", ""type"": ""str""}, {""name"": ""link_id"", ""type"": ""str""}, {""name"": ""adv_router"", ""type"": ""str""}, {""name"": ""age"", ""type"": ""str""}, {""name"": ""link_count"", ""type"": ""str""}, {""name"": ""tag"", ""type"": ""str""}]",TextFSM template: cisco_ios_show_ip_ospf_database.textfsm,2026-02-27T18:04:42.313900
textfsm,show ip ospf database network,cisco_ios,"[{""name"": ""router_id"", ""type"": ""str""}, {""name"": ""process_id"", ""type"": ""str""}, {""name"": ""area"", ""type"": ""str""}, {""name"": ""lsa_age"", ""type"": ""str""}, {""name"": ""lsa_options"", ""type"": ""str""}, {""name"": ""lsa_type"", ""type"": ""str""}, {""name"": ""lsa_id"", ""type"": ""str""}, {""name"": ""lsa_adv_router"", ""type"": ""str""}, {""name"": ""lsa_seq_number"", ""type"": ""str""}, {""name"": ""lsa_checksum"", ""type"": ""str""}, {""name"": ""lsa_length"", ""type"": ""str""}, {""name"": ""lsa_network_mask"", ""type"": ""str""}, {""name"": ""lsa_abr"", ""type"": ""str""}, {""name"": ""lsa_asbr"", ""type"": ""str""}, {""name"": ""ls_att_router"", ""type"": ""str""}]",TextFSM template: cisco_ios_show_ip_ospf_database_network.textfsm,2026-02-27T18:04:42.313900
textfsm,show ip ospf database router,cisco_ios,"[{""name"": ""router_id"", ""type"": ""str""}, {""name"": ""process_id"", ""type"": ""str""}, {""name"": ""area"", ""type"": ""str""}, {""name"": ""lsa_age"", ""type"": ""str""}, {""name"": ""lsa_options"", ""type"": ""str""}, {""name"": ""lsa_type"", ""type"": ""str""}, {""name"": ""lsa_id"", ""type"": ""str""}, {""name"": ""lsa_adv_router"", ""type"": ""str""}, {""name"": ""lsa_seq_number"", ""type"": ""str""}, {""name"": ""lsa_checksum"", ""type"": ""str""}, {""name"": ""lsa_length"", ""type"": ""str""}, {""name"": ""lsa_num_links"", ""type"": ""str""}, {""name"": ""lsa_abr"", ""type"": ""str""}, {""name"": ""lsa_asbr"", ""type"": ""str""}, {""name"": ""ls_link_type"", ""type"": ""str""}, {""name"": ""ls_link_id"", ""type"": ""str""}, {""name"": ""ls_link_data"", ""type"": ""str""}, {""name"": ""ls_mtid_metrics"", ""type"": ""str""}, {""name"": ""ls_tos_0_metrics"", ""type"": ""str""}]",TextFSM template: cisco_ios_show_ip_ospf_database_router.textfsm,2026-02-27T18:04:42.313900
textfsm,show ip ospf interface brief,cisco_ios,"[{""name"": ""interface"", ""type"": ""str""}, {""name"": ""process"", ""type"": ""str""}, {""name"": ""area"", ""type"": ""str""}, {""name"": ""ip_address"", ""type"": ""str""}, {""name"": ""prefix_length"", ""type"": ""str""}, {""name"": ""cost"", ""type"": ""str""}, {""name"": ""state"", ""type"": ""str""}, {""name"": ""neighbors_fc"", ""type"": ""str""}]",TextFSM template: cisco_ios_show_ip_ospf_interface_brief.textfsm,2026-02-27T18:04:42.313900
textfsm,show ip ospf neighbor,cisco_ios,"[{""name"": ""neighbor_id"", ""type"": ""str""}, {""name"": ""priority"", ""type"": ""str""}, {""name"": ""state"", ""type"": ""str""}, {""name"": ""dead_time"", ""type"": ""str""}, {""name"": ""ip_address"", ""type"": ""str""}, {""name"": ""interface"", ""type"": ""str""}]",TextFSM template: cisco_ios_show_ip_ospf_neighbor.textfsm,2026-02-27T18:04:42.313900
textfsm,show ip ospf neighbor detail,cisco_ios,"[{""name"": ""neighbor_id"", ""type"": ""str""}, {""name"": ""address"", ""type"": ""str""}, {""name"": ""area"", ""type"": ""str""}, {""name"": ""interface"", ""type"": ""str""}, {""name"": ""priority"", ""type"": ""str""}, {""name"": ""state"", ""type"": ""str""}, {""name"": ""state_changes"", ""type"": ""str""}, {""name"": ""dr"", ""type"": ""str""}, {""name"": ""bdr"", ""type"": ""str""}, {""name"": ""options"", ""type"": ""str""}, {""name"": ""lls_options"", ""type"": ""str""}, {""name"": ""last_oob_resync"", ""type"": ""str""}, {""name"": ""dead_time"", ""type"": ""str""}, {""name"": ""up_time"", ""type"": ""str""}, {""name"": ""rq_index"", ""type"": ""str""}, {""name"": ""rq_length"", ""type"": ""str""}, {""name"": ""retransmission_number"", ""type"": ""str""}, {""name"": ""first_packet"", ""type"": ""str""}, {""name"": ""next_packet"", ""type"": ""str""}, {""name"": ""last_retransmission_scan_length"", ""type"": ""str""}, {""name"": ""max_retransmission_scan_length"", ""type"": ""str""}, {""name"": ""last_retransmission_scan_time"", ""type"": ""str""}, {""name"": ""max_retransmission_scan_time"", ""type"": ""str""}]",TextFSM template: cisco_ios_show_ip_ospf_neighbor_detail.textfsm,2026-02-27T18:04:42.313900
textfsm,show ip prefix-list,cisco_ios,"[{""name"": ""required"", ""type"": ""str""}, {""name"": ""seq"", ""type"": ""str""}, {""name"": ""action"", ""type"": ""str""}, {""name"": ""network"", ""type"": ""str""}, {""name"": ""netmask"", ""type"": ""str""}, {""name"": ""le"", ""type"": ""str""}, {""name"": ""ge"", ""type"": ""str""}]",TextFSM template: cisco_ios_show_ip_prefix-list.textfsm,2026-02-27T18:04:42.313900
textfsm,show ip route,cisco_ios,"[{""name"": ""vrf"", ""type"": ""str""}, {""name"": ""protocol"", ""type"": ""str""}, {""name"": ""type"", ""type"": ""str""}, {""name"": ""required"", ""type"": ""str""}, {""name"": ""prefix_length"", ""type"": ""str""}, {""name"": ""distance"", ""type"": ""str""}, {""name"": ""metric"", ""type"": ""str""}, {""name"": ""nexthop_ip"", ""type"": ""str""}, {""name"": ""nexthop_vrf"", ""type"": ""str""}, {""name"": ""nexthop_if"", ""type"": ""str""}, {""name"": ""uptime"", ""type"": ""str""}, {""name"": ""flag"", ""type"": ""str""}]",TextFSM template: cisco_ios_show_ip_route.textfsm,2026-02-27T18:04:42.313900
textfsm,show ip route summary,cisco_ios,"[{""name"": ""route_source"", ""type"": ""str""}, {""name"": ""name"", ""type"": ""str""}, {""name"": ""networks"", ""type"": ""str""}, {""name"": ""subnets"", ""type"": ""str""}, {""name"": ""replicates"", ""type"": ""str""}, {""name"": ""overhead"", ""type"": ""str""}, {""name"": ""memory"", ""type"": ""str""}]",TextFSM template: cisco_ios_show_ip_route_summary.textfsm,2026-02-27T18:04:42.313900
textfsm,show ip source binding,cisco_ios,"[{""name"": ""mac_address"", ""type"": ""str""}, {""name"": ""ip_address"", ""type"": ""str""}, {""name"": ""lease"", ""type"": ""str""}, {""name"": ""type"", ""type"": ""str""}, {""name"": ""vlan_id"", ""type"": ""str""}, {""name"": ""interface"", ""type"": ""str""}]",TextFSM template: cisco_ios_show_ip_source_binding.textfsm,2026-02-27T18:04:42.313900
textfsm,show ip vrf interfaces,cisco_ios,"[{""name"": ""interface"", ""type"": ""str""}, {""name"": ""ip_address"", ""type"": ""str""}, {""name"": ""vrf"", ""type"": ""str""}, {""name"": ""proto_state"", ""type"": ""str""}]",TextFSM template: cisco_ios_show_ip_vrf_interfaces.textfsm,2026-02-27T18:04:42.313900
textfsm,show ipv6 access-lists,cisco_ios,"[{""name"": ""required"", ""type"": ""str""}, {""name"": ""action"", ""type"": ""str""}, {""name"": ""protocol"", ""type"": ""str""}, {""name"": ""ipv6_source"", ""type"": ""str""}, {""name"": ""ipv6_destination"", ""type"": ""str""}, {""name"": ""src_port_match"", ""type"": ""str""}, {""name"": ""sequence"", ""type"": ""str""}, {""name"": ""port_number"", ""type"": ""str""}, {""name"": ""log"", ""type"": ""str""}, {""name"": ""authentification"", ""type"": ""str""}, {""name"": ""routing"", ""type"": ""str""}, {""name"": ""src_port_range_start"", ""type"": ""str""}, {""name"": ""src_port_range_end"", ""type"": ""str""}]",TextFSM template: cisco_ios_show_ipv6_access-lists.textfsm,2026-02-27T18:04:42.313900
textfsm,show ipv6 interface brief,cisco_ios,"[{""name"": ""interface"", ""type"": ""str""}, {""name"": ""ipv6_address"", ""type"": ""str""}, {""name"": ""admin"", ""type"": ""str""}, {""name"": ""protocol"", ""type"": ""str""}]",TextFSM template: cisco_ios_show_ipv6_interface_brief.textfsm,2026-02-27T18:04:42.313900
textfsm,show ipv6 neighbors,cisco_ios,"[{""name"": ""address"", ""type"": ""str""}, {""name"": ""age"", ""type"": ""str""}, {""name"": ""mac_address"", ""type"": ""str""}, {""name"": ""type"", ""type"": ""str""}, {""name"": ""interface"", ""type"": ""str""}]",TextFSM template: cisco_ios_show_ipv6_neighbors.textfsm,2026-02-27T18:04:42.313900
textfsm,show ipv6 route,cisco_ios,"[{""name"": ""protocol"", ""type"": ""str""}, {""name"": ""network"", ""type"": ""str""}, {""name"": ""distance"", ""type"": ""str""}, {""name"": ""metric"", ""type"": ""str""}, {""name"": ""nexthop_ip"", ""type"": ""str""}, {""name"": ""nexthop_if"", ""type"": ""str""}]",TextFSM template: cisco_ios_show_ipv6_route.textfsm,2026-02-27T18:04:42.313900
textfsm,show isdn status,cisco_ios,"[{""name"": ""isdn_switchtype"", ""type"": ""str""}, {""name"": ""interface"", ""type"": ""str""}, {""name"": ""l1_status"", ""type"": ""str""}, {""name"": ""tei"", ""type"": ""str""}, {""name"": ""ces"", ""type"": ""str""}, {""name"": ""sapi"", ""type"": ""str""}, {""name"": ""l2_state"", ""type"": ""str""}, {""name"": ""l3_active_calls"", ""type"": ""str""}, {""name"": ""active_dsl_ccbs"", ""type"": ""str""}, {""name"": ""free_channel_mask"", ""type"": ""str""}, {""name"": ""l2_discards"", ""type"": ""str""}, {""name"": ""l2_session_id"", ""type"": ""str""}]",TextFSM template: cisco_ios_show_isdn_status.textfsm,2026-02-27T18:04:42.313900
textfsm,show isis neighbors,cisco_ios,"[{""name"": ""system_id"", ""type"": ""str""}, {""name"": ""type"", ""type"": ""str""}, {""name"": ""interface"", ""type"": ""str""}, {""name"": ""ip_address"", ""type"": ""str""}, {""name"": ""state"", ""type"": ""str""}, {""name"": ""hold_time"", ""type"": ""str""}, {""name"": ""circuit_id"", ""type"": ""str""}]",TextFSM template: cisco_ios_show_isis_neighbors.textfsm,2026-02-27T18:04:42.313900
textfsm,show license,cisco_ios,"[{""name"": ""feature"", ""type"": ""str""}, {""name"": ""period_left"", ""type"": ""str""}, {""name"": ""period_used"", ""type"": ""str""}, {""name"": ""license_type"", ""type"": ""str""}, {""name"": ""license_state"", ""type"": ""str""}, {""name"": ""license_count"", ""type"": ""str""}, {""name"": ""license_priority"", ""type"": ""str""}]",TextFSM template: cisco_ios_show_license.textfsm,2026-02-27T18:04:42.313900
textfsm,show license status,cisco_ios,"[{""name"": ""sl_enabled"", ""type"": ""str""}, {""name"": ""transport_type"", ""type"": ""str""}, {""name"": ""url"", ""type"": ""str""}, {""name"": ""proxy_address"", ""type"": ""str""}, {""name"": ""proxy_port"", ""type"": ""str""}, {""name"": ""proxy_username"", ""type"": ""str""}, {""name"": ""proxy_password"", ""type"": ""str""}, {""name"": ""vrf"", ""type"": ""str""}, {""name"": ""reg_status"", ""type"": ""str""}, {""name"": ""virt_acct"", ""type"": ""str""}, {""name"": ""smart_acct"", ""type"": ""str""}, {""name"": ""license_auth"", ""type"": ""str""}, {""name"": ""last_ack_received"", ""type"": ""str""}, {""name"": ""next_ack_deadline"", ""type"": ""str""}, {""name"": ""rpt_push_interval"", ""type"": ""str""}, {""name"": ""next_ack_push_check"", ""type"": ""str""}, {""name"": ""next_rpt_push"", ""type"": ""str""}, {""name"": ""last_rpt_push"", ""type"": ""str""}, {""name"": ""last_rpt_file_write"", ""type"": ""str""}]",TextFSM template: cisco_ios_show_license_status.textfsm,2026-02-27T18:04:42.313900
textfsm,show lldp neighbors,cisco_ios,"[{""name"": ""neighbor_name"", ""type"": ""str""}, {""name"": ""local_interface"", ""type"": ""str""}, {""name"": ""capabilities"", ""type"": ""str""}, {""name"": ""neighbor_interface"", ""type"": ""str""}]",TextFSM template: cisco_ios_show_lldp_neighbors.textfsm,2026-02-27T18:04:42.313900
textfsm,show lldp neighbors detail,cisco_ios,"[{""name"": ""local_interface"", ""type"": ""str""}, {""name"": ""chassis_id"", ""type"": ""str""}, {""name"": ""neighbor_port_id"", ""type"": ""str""}, {""name"": ""neighbor_interface"", ""type"": ""str""}, {""name"": ""neighbor_name"", ""type"": ""str""}, {""name"": ""neighbor_description"", ""type"": ""str""}, {""name"": ""capabilities"", ""type"": ""str""}, {""name"": ""mgmt_address"", ""type"": ""str""}, {""name"": ""vlan_id"", ""type"": ""str""}, {""name"": ""mac_address"", ""type"": ""str""}, {""name"": ""serial"", ""type"": ""str""}, {""name"": ""manufacturer"", ""type"": ""str""}, {""name"": ""hw_revision"", ""type"": ""str""}, {""name"": ""fw_revision"", ""type"": ""str""}, {""name"": ""sw_revision"", ""type"": ""str""}, {""name"": ""platform"", ""type"": ""str""}, {""name"": ""power_pair"", ""type"": ""str""}, {""name"": ""power_class"", ""type"": ""str""}, {""name"": ""power_device_type"", ""type"": ""str""}, {""name"": ""power_priority"", ""type"": ""str""}, {""name"": ""power_source"", ""type"": ""str""}, {""name"": ""power_requested"", ""type"": ""str""}]",TextFSM template: cisco_ios_show_lldp_neighbors_detail.textfsm,2026-02-27T18:04:42.313900
textfsm,show logging,cisco_ios,"[{""name"": ""number"", ""type"": ""str""}, {""name"": ""month"", ""type"": ""str""}, {""name"": ""day"", ""type"": ""str""}, {""name"": ""time"", ""type"": ""str""}, {""name"": ""timezone"", ""type"": ""str""}, {""name"": ""facility"", ""type"": ""str""}, {""name"": ""severity"", ""type"": ""str""}, {""name"": ""mnemonic"", ""type"": ""str""}, {""name"": ""message"", ""type"": ""str""}]",TextFSM template: cisco_ios_show_logging.textfsm,2026-02-27T18:04:42.313900
textfsm,show mac-address-table,cisco_ios,"[{""name"": ""destination_address"", ""type"": ""str""}, {""name"": ""type"", ""type"": ""str""}, {""name"": ""vlan_id"", ""type"": ""str""}, {""name"": ""destination_port"", ""type"": ""str""}]",TextFSM template: cisco_ios_show_mac-address-table.textfsm,2026-02-27T18:04:42.313900
textfsm,show module,cisco_ios,"[{""name"": ""key"", ""type"": ""str""}, {""name"": ""switch_number"", ""type"": ""str""}, {""name"": ""port"", ""type"": ""str""}, {""name"": ""cardtype"", ""type"": ""str""}, {""name"": ""model"", ""type"": ""str""}, {""name"": ""serial"", ""type"": ""str""}]",TextFSM template: cisco_ios_show_module.textfsm,2026-02-27T18:04:42.313900
textfsm,show module online diag,cisco_ios,"[{""name"": ""key"", ""type"": ""str""}, {""name"": ""online_diag"", ""type"": ""str""}]",TextFSM template: cisco_ios_show_module_online_diag.textfsm,2026-02-27T18:04:42.313900
textfsm,show module status,cisco_ios,"[{""name"": ""key"", ""type"": ""str""}, {""name"": ""mac_address"", ""type"": ""str""}, {""name"": ""mod_hw"", ""type"": ""str""}, {""name"": ""mod_fw"", ""type"": ""str""}, {""name"": ""mod_sw"", ""type"": ""str""}, {""name"": ""status"", ""type"": ""str""}]",TextFSM template: cisco_ios_show_module_status.textfsm,2026-02-27T18:04:42.313900
textfsm,show module submodule,cisco_ios,"[{""name"": ""key"", ""type"": ""str""}, {""name"": ""submodule"", ""type"": ""str""}, {""name"": ""submodule_model"", ""type"": ""str""}, {""name"": ""submodule_serial"", ""type"": ""str""}, {""name"": ""submodule_hw"", ""type"": ""str""}, {""name"": ""submodule_status"", ""type"": ""str""}]",TextFSM template: cisco_ios_show_module_submodule.textfsm,2026-02-27T18:04:42.313900
textfsm,show mpls interfaces,cisco_ios,"[{""name"": ""interface"", ""type"": ""str""}, {""name"": ""mpls_ip"", ""type"": ""str""}, {""name"": ""protocol"", ""type"": ""str""}, {""name"": ""tunnel"", ""type"": ""str""}, {""name"": ""bgp"", ""type"": ""str""}, {""name"": ""static"", ""type"": ""str""}, {""name"": ""operational"", ""type"": ""str""}]",TextFSM template: cisco_ios_show_mpls_interfaces.textfsm,2026-02-27T18:04:42.313900
textfsm,show mpls l2transport vc,cisco_ios,"[{""name"": ""interface"", ""type"": ""str""}, {""name"": ""local_circuit"", ""type"": ""str""}, {""name"": ""dest_address"", ""type"": ""str""}, {""name"": ""vc_id"", ""type"": ""str""}, {""name"": ""status"", ""type"": ""str""}]",TextFSM template: cisco_ios_show_mpls_l2transport_vc.textfsm,2026-02-27T18:04:42.313900
textfsm,show nve peers,cisco_ios,"[{""name"": ""interface"", ""type"": ""str""}, {""name"": ""vni"", ""type"": ""str""}, {""name"": ""type"", ""type"": ""str""}, {""name"": ""peer"", ""type"": ""str""}, {""name"": ""mac_address"", ""type"": ""str""}, {""name"": ""state"", ""type"": ""str""}]",TextFSM template: cisco_ios_show_nve_peers.textfsm,2026-02-27T18:04:42.313900
textfsm,show nve vni,cisco_ios,"[{""name"": ""interface"", ""type"": ""str""}, {""name"": ""vni"", ""type"": ""str""}, {""name"": ""mcast_group"", ""type"": ""str""}, {""name"": ""state"", ""type"": ""str""}, {""name"": ""mode"", ""type"": ""str""}, {""name"": ""bd"", ""type"": ""str""}, {""name"": ""vrf"", ""type"": ""str""}]",TextFSM template: cisco_ios_show_nve_vni.textfsm,2026-02-27T18:04:42.313900
textfsm,show object-group,cisco_ios,"[{""name"": ""required"", ""type"": ""str""}, {""name"": ""required"", ""type"": ""str""}, {""name"": ""description"", ""type"": ""str""}, {""name"": ""nested_groups"", ""type"": ""str""}, {""name"": ""any"", ""type"": ""str""}, {""name"": ""host"", ""type"": ""str""}, {""name"": ""host_range_start"", ""type"": ""str""}, {""name"": ""host_range_end"", ""type"": ""str""}, {""name"": ""network"", ""type"": ""str""}, {""name"": ""netmask"", ""type"": ""str""}, {""name"": ""protocol"", ""type"": ""str""}, {""name"": ""port_match"", ""type"": ""str""}, {""name"": ""port"", ""type"": ""str""}, {""name"": ""port_range_start"", ""type"": ""str""}, {""name"": ""port_range_end"", ""type"": ""str""}, {""name"": ""icmp_type"", ""type"": ""str""}, {""name"": ""icmp6_type"", ""type"": ""str""}]",TextFSM template: cisco_ios_show_object-group.textfsm,2026-02-27T18:04:42.313900
textfsm,show platform,cisco_ios,"[{""name"": ""index"", ""type"": ""str""}, {""name"": ""ports"", ""type"": ""str""}, {""name"": ""model"", ""type"": ""str""}, {""name"": ""serial"", ""type"": ""str""}, {""name"": ""mac"", ""type"": ""str""}, {""name"": ""hardware_version"", ""type"": ""str""}, {""name"": ""software_version"", ""type"": ""str""}]",TextFSM template: cisco_ios_show_platform.textfsm,2026-02-27T18:04:42.313900
textfsm,show platform diag,cisco_ios,"[{""name"": ""chassis_type"", ""type"": ""str""}, {""name"": ""slot_number"", ""type"": ""str""}, {""name"": ""module_sku"", ""type"": ""str""}, {""name"": ""state"", ""type"": ""str""}, {""name"": ""running_state"", ""type"": ""str""}, {""name"": ""internal_state"", ""type"": ""str""}, {""name"": ""internal_operational_state"", ""type"": ""str""}, {""name"": ""insert_time"", ""type"": ""str""}, {""name"": ""uptime"", ""type"": ""str""}, {""name"": ""hardware_signal"", ""type"": ""str""}, {""name"": ""packet_signal"", ""type"": ""str""}, {""name"": ""cpld_version"", ""type"": ""str""}, {""name"": ""firmware_version"", ""type"": ""str""}]",TextFSM template: cisco_ios_show_platform_diag.textfsm,2026-02-27T18:04:42.313900
textfsm,show policy-map,cisco_ios,"[{""name"": ""required"", ""type"": ""str""}, {""name"": ""class"", ""type"": ""str""}, {""name"": ""class_bw_ratio"", ""type"": ""str""}, {""name"": ""class_bw_account"", ""type"": ""str""}, {""name"": ""class_service_policy"", ""type"": ""str""}, {""name"": ""class_queue_limit"", ""type"": ""str""}, {""name"": ""class_police_cir"", ""type"": ""str""}, {""name"": ""class_police_bc"", ""type"": ""str""}, {""name"": ""class_police_action_conform"", ""type"": ""str""}, {""name"": ""class_police_action_exceed"", ""type"": ""str""}, {""name"": ""class_police_account"", ""type"": ""str""}, {""name"": ""class_police_priority"", ""type"": ""str""}, {""name"": ""class_shape_cir"", ""type"": ""str""}, {""name"": ""class_shape_account"", ""type"": ""str""}, {""name"": ""class_shape_rate_type"", ""type"": ""str""}]",TextFSM template: cisco_ios_show_policy-map.textfsm,2026-02-27T18:04:42.313900
textfsm,show port-security interface interface,cisco_ios,"[{""name"": ""port_security"", ""type"": ""str""}, {""name"": ""port_status"", ""type"": ""str""}, {""name"": ""violation_mode"", ""type"": ""str""}, {""name"": ""aging_time"", ""type"": ""str""}, {""name"": ""aging_type"", ""type"": ""str""}, {""name"": ""ss_addr_aging"", ""type"": ""str""}, {""name"": ""max_mac_addrs"", ""type"": ""str""}, {""name"": ""total_mac_addrs"", ""type"": ""str""}, {""name"": ""config_mac_addrs"", ""type"": ""str""}, {""name"": ""sticky_mac_addrs"", ""type"": ""str""}, {""name"": ""last_src_mac_addr_vlan"", ""type"": ""str""}, {""name"": ""violation_count"", ""type"": ""str""}]",TextFSM template: cisco_ios_show_port-security_interface_interface.textfsm,2026-02-27T18:04:42.313900
textfsm,show power available,cisco_ios,"[{""name"": ""sys_used_watts"", ""type"": ""str""}, {""name"": ""sys_avail_watts"", ""type"": ""str""}, {""name"": ""inline_used_watts"", ""type"": ""str""}, {""name"": ""inline_avail_watts"", ""type"": ""str""}, {""name"": ""backplane_used_watts"", ""type"": ""str""}, {""name"": ""backplane_avail_watts"", ""type"": ""str""}, {""name"": ""total_used_watts"", ""type"": ""str""}, {""name"": ""max_avail_watts"", ""type"": ""str""}]",TextFSM template: cisco_ios_show_power_available.textfsm,2026-02-27T18:04:42.313900
textfsm,show power inline,cisco_ios,"[{""name"": ""interface"", ""type"": ""str""}, {""name"": ""admin_status"", ""type"": ""str""}, {""name"": ""operational_status"", ""type"": ""str""}, {""name"": ""power"", ""type"": ""str""}, {""name"": ""device"", ""type"": ""str""}, {""name"": ""class"", ""type"": ""str""}, {""name"": ""max"", ""type"": ""str""}]",TextFSM template: cisco_ios_show_power_inline.textfsm,2026-02-27T18:04:42.313900
textfsm,show power status,cisco_ios,"[{""name"": ""ps"", ""type"": ""str""}, {""name"": ""input_type"", ""type"": ""str""}, {""name"": ""input_status"", ""type"": ""str""}, {""name"": ""model"", ""type"": ""str""}, {""name"": ""type"", ""type"": ""str""}, {""name"": ""status"", ""type"": ""str""}, {""name"": ""fan_sensor"", ""type"": ""str""}, {""name"": ""inline_status"", ""type"": ""str""}]",TextFSM template: cisco_ios_show_power_status.textfsm,2026-02-27T18:04:42.313900
textfsm,show power supplies,cisco_ios,"[{""name"": ""ps_needed"", ""type"": ""str""}, {""name"": ""ps_avail"", ""type"": ""str""}]",TextFSM template: cisco_ios_show_power_supplies.textfsm,2026-02-27T18:04:42.313900
textfsm,show power used,cisco_ios,"[{""name"": ""watts"", ""type"": ""str""}, {""name"": ""amps"", ""type"": ""str""}, {""name"": ""volts"", ""type"": ""str""}]",TextFSM template: cisco_ios_show_power_used.textfsm,2026-02-27T18:04:42.313900
textfsm,show processes cpu,cisco_ios,"[{""name"": ""cpu_usage_5_sec"", ""type"": ""str""}, {""name"": ""cpu_interruption_5_sec"", ""type"": ""str""}, {""name"": ""cpu_usage_1_min"", ""type"": ""str""}, {""name"": ""cpu_usage_5_min"", ""type"": ""str""}, {""name"": ""process_pid"", ""type"": ""str""}, {""name"": ""process_runtime"", ""type"": ""str""}, {""name"": ""process_invoked"", ""type"": ""str""}, {""name"": ""process_cpu_time_for_invocation"", ""type"": ""str""}, {""name"": ""process_cpu_usage_5_sec"", ""type"": ""str""}, {""name"": ""process_cpu_usage_1_min"", ""type"": ""str""}, {""name"": ""process_cpu_usage_5_min"", ""type"": ""str""}, {""name"": ""process_tty"", ""type"": ""str""}, {""name"": ""process_name"", ""type"": ""str""}]",TextFSM template: cisco_ios_show_processes_cpu.textfsm,2026-02-27T18:04:42.313900
textfsm,show processes memory sorted,cisco_ios,"[{""name"": ""memory_total"", ""type"": ""str""}, {""name"": ""memory_used"", ""type"": ""str""}, {""name"": ""memory_free"", ""type"": ""str""}, {""name"": ""process_id"", ""type"": ""str""}, {""name"": ""process_allocated"", ""type"": ""str""}, {""name"": ""process_freed"", ""type"": ""str""}, {""name"": ""process_holding"", ""type"": ""str""}, {""name"": ""process"", ""type"": ""str""}]",TextFSM template: cisco_ios_show_processes_memory_sorted.textfsm,2026-02-27T18:04:42.313900
textfsm,show redundancy,cisco_ios,"[{""name"": ""system_uptime_years"", ""type"": ""str""}, {""name"": ""system_uptime_weeks"", ""type"": ""str""}, {""name"": ""system_uptime_days"", ""type"": ""str""}, {""name"": ""system_uptime_hours"", ""type"": ""str""}, {""name"": ""system_uptime_minutes"", ""type"": ""str""}, {""name"": ""switchovers"", ""type"": ""str""}, {""name"": ""standby_failures"", ""type"": ""str""}, {""name"": ""last_switchover_reason"", ""type"": ""str""}, {""name"": ""hardware_mode"", ""type"": ""str""}, {""name"": ""configured_redundancy_mode"", ""type"": ""str""}, {""name"": ""operating_redundancy_mode"", ""type"": ""str""}, {""name"": ""maintenance_mode"", ""type"": ""str""}, {""name"": ""communication_status"", ""type"": ""str""}, {""name"": ""active_slot"", ""type"": ""str""}, {""name"": ""active_software_state"", ""type"": ""str""}, {""name"": ""active_uptime_years"", ""type"": ""str""}, {""name"": ""active_uptime_weeks"", ""type"": ""str""}, {""name"": ""active_uptime_days"", ""type"": ""str""}, {""name"": ""active_uptime_hours"", ""type"": ""str""}, {""name"": ""active_uptime_minutes"", ""type"": ""str""}, {""name"": ""active_major_release"", ""type"": ""str""}, {""name"": ""active_minor_release"", ""type"": ""str""}, {""name"": ""active_maintenance_release"", ""type"": ""str""}, {""name"": ""active_boot_directory"", ""type"": ""str""}, {""name"": ""active_boot_file"", ""type"": ""str""}, {""name"": ""active_config_register"", ""type"": ""str""}, {""name"": ""standby_slot"", ""type"": ""str""}, {""name"": ""standby_software_state"", ""type"": ""str""}, {""name"": ""standby_uptime_years"", ""type"": ""str""}, {""name"": ""standby_uptime_weeks"", ""type"": ""str""}, {""name"": ""standby_uptime_days"", ""type"": ""str""}, {""name"": ""standby_uptime_hours"", ""type"": ""str""}, {""name"": ""standby_uptime_minutes"", ""type"": ""str""}, {""name"": ""standby_major_release"", ""type"": ""str""}, {""name"": ""standby_minor_release"", ""type"": ""str""}, {""name"": ""standby_maintenance_release"", ""type"": ""str""}, {""name"": ""standby_boot_directory"", ""type"": ""str""}, {""name"": ""standby_boot_file"", ""type"": ""str""}, {""name"": ""standby_config_register"", ""type"": ""str""}, {""name"": ""standby_status"", ""type"": ""str""}]",TextFSM template: cisco_ios_show_redundancy.textfsm,2026-02-27T18:04:42.313900
textfsm,show rep topology,cisco_ios,"[{""name"": ""switch"", ""type"": ""str""}, {""name"": ""interface"", ""type"": ""str""}, {""name"": ""edge"", ""type"": ""str""}, {""name"": ""role"", ""type"": ""str""}]",TextFSM template: cisco_ios_show_rep_topology.textfsm,2026-02-27T18:04:42.313900
textfsm,show route-map,cisco_ios,"[{""name"": ""name"", ""type"": ""str""}, {""name"": ""action"", ""type"": ""str""}, {""name"": ""seq"", ""type"": ""str""}, {""name"": ""match_clauses"", ""type"": ""str""}, {""name"": ""set_clauses"", ""type"": ""str""}]",TextFSM template: cisco_ios_show_route-map.textfsm,2026-02-27T18:04:42.313900
textfsm,show running-config partition access-list,cisco_ios,"[{""name"": ""required"", ""type"": ""str""}, {""name"": ""acl_type"", ""type"": ""str""}, {""name"": ""line_num"", ""type"": ""str""}, {""name"": ""comment"", ""type"": ""str""}, {""name"": ""action"", ""type"": ""str""}, {""name"": ""protocol"", ""type"": ""str""}, {""name"": ""src_host"", ""type"": ""str""}, {""name"": ""src_any"", ""type"": ""str""}, {""name"": ""src_network"", ""type"": ""str""}, {""name"": ""src_wildcard"", ""type"": ""str""}, {""name"": ""src_port_match"", ""type"": ""str""}, {""name"": ""src_port"", ""type"": ""str""}, {""name"": ""src_port_range_start"", ""type"": ""str""}, {""name"": ""src_port_range_end"", ""type"": ""str""}, {""name"": ""dst_host"", ""type"": ""str""}, {""name"": ""dst_any"", ""type"": ""str""}, {""name"": ""dst_network"", ""type"": ""str""}, {""name"": ""dst_wildcard"", ""type"": ""str""}, {""name"": ""dst_port_match"", ""type"": ""str""}, {""name"": ""dst_port"", ""type"": ""str""}, {""name"": ""dst_port_range_start"", ""type"": ""str""}, {""name"": ""dst_port_range_end"", ""type"": ""str""}, {""name"": ""flags_match"", ""type"": ""str""}, {""name"": ""tcp_flag"", ""type"": ""str""}, {""name"": ""log"", ""type"": ""str""}, {""name"": ""icmp_type"", ""type"": ""str""}, {""name"": ""time"", ""type"": ""str""}]",TextFSM template: cisco_ios_show_running-config_partition_access-list.textfsm,2026-02-27T18:04:42.313900
textfsm,show running-config partition route-map,cisco_ios,"[{""name"": ""route_map_name"", ""type"": ""str""}, {""name"": ""sequence"", ""type"": ""str""}, {""name"": ""match_metric_value"", ""type"": ""str""}, {""name"": ""match_prefix_list"", ""type"": ""str""}, {""name"": ""match_community_value"", ""type"": ""str""}, {""name"": ""set_community_value"", ""type"": ""str""}, {""name"": ""set_local_pref_value"", ""type"": ""str""}, {""name"": ""set_prepend_as_path"", ""type"": ""str""}]",TextFSM template: cisco_ios_show_running-config_partition_route-map.textfsm,2026-02-27T18:04:42.313900
textfsm,show snmp community,cisco_ios,"[{""name"": ""name"", ""type"": ""str""}, {""name"": ""index"", ""type"": ""str""}, {""name"": ""security_name"", ""type"": ""str""}, {""name"": ""storage_type"", ""type"": ""str""}, {""name"": ""access_list_number"", ""type"": ""str""}]",TextFSM template: cisco_ios_show_snmp_community.textfsm,2026-02-27T18:04:42.313900
textfsm,show snmp group,cisco_ios,"[{""name"": ""groupname"", ""type"": ""str""}, {""name"": ""security_model"", ""type"": ""str""}, {""name"": ""contextname"", ""type"": ""str""}, {""name"": ""storage_type"", ""type"": ""str""}, {""name"": ""readview"", ""type"": ""str""}, {""name"": ""writeview"", ""type"": ""str""}, {""name"": ""notifyview"", ""type"": ""str""}, {""name"": ""row_status"", ""type"": ""str""}, {""name"": ""access_list"", ""type"": ""str""}]",TextFSM template: cisco_ios_show_snmp_group.textfsm,2026-02-27T18:04:42.313900
textfsm,show snmp user,cisco_ios,"[{""name"": ""user_name"", ""type"": ""str""}, {""name"": ""engine_id"", ""type"": ""str""}, {""name"": ""storage_type"", ""type"": ""str""}, {""name"": ""access_list"", ""type"": ""str""}, {""name"": ""authentication_protocol"", ""type"": ""str""}, {""name"": ""privacy_protocol"", ""type"": ""str""}, {""name"": ""group_name"", ""type"": ""str""}]",TextFSM template: cisco_ios_show_snmp_user.textfsm,2026-02-27T18:04:42.313900
textfsm,show spanning-tree,cisco_ios,"[{""name"": ""vlan_id"", ""type"": ""str""}, {""name"": ""interface"", ""type"": ""str""}, {""name"": ""role"", ""type"": ""str""}, {""name"": ""status"", ""type"": ""str""}, {""name"": ""cost"", ""type"": ""str""}, {""name"": ""port_priority"", ""type"": ""str""}, {""name"": ""port_id"", ""type"": ""str""}, {""name"": ""type"", ""type"": ""str""}]",TextFSM template: cisco_ios_show_spanning-tree.textfsm,2026-02-27T18:04:42.313900
textfsm,show spanning-tree root,cisco_ios,"[{""name"": ""vlan_id"", ""type"": ""str""}, {""name"": ""priority"", ""type"": ""str""}, {""name"": ""root_id"", ""type"": ""str""}, {""name"": ""root_cost"", ""type"": ""str""}, {""name"": ""hello_time"", ""type"": ""str""}, {""name"": ""max_age"", ""type"": ""str""}, {""name"": ""fwd_dly"", ""type"": ""str""}, {""name"": ""root_port"", ""type"": ""str""}]",TextFSM template: cisco_ios_show_spanning-tree_root.textfsm,2026-02-27T18:04:42.313900
textfsm,show stack-power,cisco_ios,"[{""name"": ""power_stack_name"", ""type"": ""str""}, {""name"": ""stack_mode"", ""type"": ""str""}, {""name"": ""stack_topology"", ""type"": ""str""}, {""name"": ""total_power"", ""type"": ""str""}, {""name"": ""reserved_power"", ""type"": ""str""}, {""name"": ""allocated_power"", ""type"": ""str""}, {""name"": ""switch_available_power"", ""type"": ""str""}, {""name"": ""stack_number"", ""type"": ""str""}, {""name"": ""power_supply_numbers"", ""type"": ""str""}]",TextFSM template: cisco_ios_show_stack-power.textfsm,2026-02-27T18:04:42.313900
textfsm,show standby,cisco_ios,"[{""name"": ""interface"", ""type"": ""str""}, {""name"": ""group"", ""type"": ""str""}, {""name"": ""version"", ""type"": ""str""}, {""name"": ""state"", ""type"": ""str""}, {""name"": ""state_changes"", ""type"": ""str""}, {""name"": ""state_last_change"", ""type"": ""str""}, {""name"": ""virtual_ip"", ""type"": ""str""}, {""name"": ""secondary_ips"", ""type"": ""str""}, {""name"": ""active_virtual_mac"", ""type"": ""str""}, {""name"": ""local_virtual_mac"", ""type"": ""str""}, {""name"": ""hello_time"", ""type"": ""str""}, {""name"": ""hold_time"", ""type"": ""str""}, {""name"": ""authentication"", ""type"": ""str""}, {""name"": ""preemption"", ""type"": ""str""}, {""name"": ""active_router"", ""type"": ""str""}, {""name"": ""active_router_priority"", ""type"": ""str""}, {""name"": ""active_router_mac"", ""type"": ""str""}, {""name"": ""standby_router"", ""type"": ""str""}, {""name"": ""standby_router_priority"", ""type"": ""str""}, {""name"": ""priority"", ""type"": ""str""}, {""name"": ""group_name"", ""type"": ""str""}, {""name"": ""flags"", ""type"": ""str""}, {""name"": ""track_item"", ""type"": ""str""}, {""name"": ""track_type"", ""type"": ""str""}, {""name"": ""track_state"", ""type"": ""str""}, {""name"": ""track_decrement_time"", ""type"": ""str""}]",TextFSM template: cisco_ios_show_standby.textfsm,2026-02-27T18:04:42.313900
textfsm,show standby brief,cisco_ios,"[{""name"": ""interface"", ""type"": ""str""}, {""name"": ""group"", ""type"": ""str""}, {""name"": ""priority"", ""type"": ""str""}, {""name"": ""preempt"", ""type"": ""str""}, {""name"": ""state"", ""type"": ""str""}, {""name"": ""active"", ""type"": ""str""}, {""name"": ""standby"", ""type"": ""str""}, {""name"": ""virtual_ip_address"", ""type"": ""str""}]",TextFSM template: cisco_ios_show_standby_brief.textfsm,2026-02-27T18:04:42.313900
textfsm,show switch detail,cisco_ios,"[{""name"": ""key"", ""type"": ""str""}, {""name"": ""role"", ""type"": ""str""}, {""name"": ""mac_address"", ""type"": ""str""}, {""name"": ""priority"", ""type"": ""str""}, {""name"": ""version"", ""type"": ""str""}, {""name"": ""state"", ""type"": ""str""}]",TextFSM template: cisco_ios_show_switch_detail.textfsm,2026-02-27T18:04:42.313900
textfsm,show switch detail stack ports,cisco_ios,"[{""name"": ""key"", ""type"": ""str""}, {""name"": ""status1"", ""type"": ""str""}, {""name"": ""status2"", ""type"": ""str""}, {""name"": ""neighbor1"", ""type"": ""str""}, {""name"": ""neighbor2"", ""type"": ""str""}]",TextFSM template: cisco_ios_show_switch_detail_stack_ports.textfsm,2026-02-27T18:04:42.313900
textfsm,show switch virtual,cisco_ios,"[{""name"": ""mode"", ""type"": ""str""}, {""name"": ""domain"", ""type"": ""str""}, {""name"": ""key"", ""type"": ""str""}, {""name"": ""role"", ""type"": ""str""}, {""name"": ""peer_switch"", ""type"": ""str""}, {""name"": ""peer_role"", ""type"": ""str""}]",TextFSM template: cisco_ios_show_switch_virtual.textfsm,2026-02-27T18:04:42.313900
textfsm,show tacacs,cisco_ios,"[{""name"": ""tacacs_server_name"", ""type"": ""str""}, {""name"": ""tacacs_server"", ""type"": ""str""}, {""name"": ""server_port"", ""type"": ""str""}, {""name"": ""socket_opens"", ""type"": ""str""}, {""name"": ""socket_closes"", ""type"": ""str""}, {""name"": ""socket_aborts"", ""type"": ""str""}, {""name"": ""socket_errors"", ""type"": ""str""}, {""name"": ""socket_timeouts"", ""type"": ""str""}, {""name"": ""failed_connections"", ""type"": ""str""}, {""name"": ""packets_sent"", ""type"": ""str""}, {""name"": ""packet_received"", ""type"": ""str""}]",TextFSM template: cisco_ios_show_tacacs.textfsm,2026-02-27T18:04:42.313900
textfsm,show running config,cisco_ios,"[{""name"": ""config"", ""type"": ""str""}]",TextFSM template: cisco_ios_show_running_config.textfsm,2026-02-27T18:04:42.313900
textfsm,show users,cisco_ios,"[{""name"": ""line"", ""type"": ""str""}, {""name"": ""user"", ""type"": ""str""}, {""name"": ""hosts"", ""type"": ""str""}, {""name"": ""idle"", ""type"": ""str""}, {""name"": ""location"", ""type"": ""str""}]",TextFSM template: cisco_ios_show_users.textfsm,2026-02-27T17:13:28.655888
textfsm,show version,cisco_ios,"[{""name"": ""software_image"", ""type"": ""str""}, {""name"": ""version"", ""type"": ""str""}, {""name"": ""release"", ""type"": ""str""}, {""name"": ""rommon"", ""type"": ""str""}, {""name"": ""hostname"", ""type"": ""str""}, {""name"": ""uptime"", ""type"": ""str""}, {""name"": ""uptime_years"", ""type"": ""str""}, {""name"": ""uptime_weeks"", ""type"": ""str""}, {""name"": ""uptime_days"", ""type"": ""str""}, {""name"": ""uptime_hours"", ""type"": ""str""}, {""name"": ""uptime_minutes"", ""type"": ""str""}, {""name"": ""reload_reason"", ""type"": ""str""}, {""name"": ""running_image"", ""type"": ""str""}, {""name"": ""hardware"", ""type"": ""str""}, {""name"": ""serial"", ""type"": ""str""}, {""name"": ""config_register"", ""type"": ""str""}, {""name"": ""mac_address"", ""type"": ""str""}, {""name"": ""restarted"", ""type"": ""str""}]",TextFSM template: cisco_ios_show_version.textfsm,2026-02-27T17:13:28.655888
textfsm,show vlan,cisco_ios,"[{""name"": ""vlan_id"", ""type"": ""str""}, {""name"": ""vlan_name"", ""type"": ""str""}, {""name"": ""status"", ""type"": ""str""}, {""name"": ""interfaces"", ""type"": ""str""}]",TextFSM template: cisco_ios_show_vlan.textfsm,2026-02-27T17:13:28.655888
textfsm,show vlan group,cisco_ios,"[{""name"": ""vlan_group_name"", ""type"": ""str""}, {""name"": ""vlan_id"", ""type"": ""str""}]",TextFSM template: cisco_ios_show_vlan_group.textfsm,2026-02-27T17:13:28.655888
textfsm,show vlans,cisco_ios,"[{""name"": ""vlan_id"", ""type"": ""str""}, {""name"": ""interfaces"", ""type"": ""str""}, {""name"": ""ip_addresses"", ""type"": ""str""}, {""name"": ""ipv6_addresses"", ""type"": ""str""}, {""name"": ""inner_vlans"", ""type"": ""str""}]",TextFSM template: cisco_ios_show_vlans.textfsm,2026-02-27T17:13:28.655888
textfsm,show vrf,cisco_ios,"[{""name"": ""name"", ""type"": ""str""}, {""name"": ""default_rd"", ""type"": ""str""}, {""name"": ""protocols"", ""type"": ""str""}, {""name"": ""interfaces"", ""type"": ""str""}]",TextFSM template: cisco_ios_show_vrf.textfsm,2026-02-27T17:13:28.655888
textfsm,show vrf detail,cisco_ios,"[{""name"": ""vrf"", ""type"": ""str""}, {""name"": ""rd"", ""type"": ""str""}, {""name"": ""rt_import"", ""type"": ""str""}, {""name"": ""rt_export"", ""type"": ""str""}, {""name"": ""vpn_id"", ""type"": ""str""}, {""name"": ""description"", ""type"": ""str""}, {""name"": ""interfaces"", ""type"": ""str""}]",TextFSM template: cisco_ios_show_vrf_detail.textfsm,2026-02-27T17:13:28.655888
textfsm,show vrrp all,cisco_ios,"[{""name"": ""interface"", ""type"": ""str""}, {""name"": ""group"", ""type"": ""str""}, {""name"": ""addr_family"", ""type"": ""str""}, {""name"": ""state"", ""type"": ""str""}, {""name"": ""state_duration"", ""type"": ""str""}, {""name"": ""virtual_ip_address"", ""type"": ""str""}, {""name"": ""virtual_mac_address"", ""type"": ""str""}, {""name"": ""adv_interval"", ""type"": ""str""}, {""name"": ""preempt"", ""type"": ""str""}, {""name"": ""priority"", ""type"": ""str""}, {""name"": ""priority_configured"", ""type"": ""str""}, {""name"": ""track_obj"", ""type"": ""str""}, {""name"": ""track_status"", ""type"": ""str""}, {""name"": ""track_action"", ""type"": ""str""}, {""name"": ""master_ip_address"", ""type"": ""str""}, {""name"": ""master_priority"", ""type"": ""str""}, {""name"": ""master_adv_interval"", ""type"": ""str""}, {""name"": ""master_down_interval"", ""type"": ""str""}]",TextFSM template: cisco_ios_show_vrrp_all.textfsm,2026-02-27T17:13:28.655888
textfsm,show vrrp brief,cisco_ios,"[{""name"": ""interface"", ""type"": ""str""}, {""name"": ""group"", ""type"": ""str""}, {""name"": ""addr_family"", ""type"": ""str""}, {""name"": ""priority"", ""type"": ""str""}, {""name"": ""time"", ""type"": ""str""}, {""name"": ""own"", ""type"": ""str""}, {""name"": ""preempt"", ""type"": ""str""}, {""name"": ""state"", ""type"": ""str""}, {""name"": ""master_ip_address"", ""type"": ""str""}, {""name"": ""virtual_ip_address"", ""type"": ""str""}]",TextFSM template: cisco_ios_show_vrrp_brief.textfsm,2026-02-27T17:13:28.655888
textfsm,show vtp status,cisco_ios,"[{""name"": ""version"", ""type"": ""str""}, {""name"": ""domain"", ""type"": ""str""}, {""name"": ""pruning"", ""type"": ""str""}, {""name"": ""traps"", ""type"": ""str""}, {""name"": ""device_id"", ""type"": ""str""}, {""name"": ""last_modified_server"", ""type"": ""str""}, {""name"": ""last_modified_date"", ""type"": ""str""}, {""name"": ""local_updater_addr"", ""type"": ""str""}, {""name"": ""local_updater_iface"", ""type"": ""str""}, {""name"": ""mode"", ""type"": ""str""}, {""name"": ""max_vlans"", ""type"": ""str""}, {""name"": ""existing_vlan_count"", ""type"": ""str""}, {""name"": ""revision_number"", ""type"": ""str""}]",TextFSM template: cisco_ios_show_vtp_status.textfsm,2026-02-27T17:13:28.655888
textfsm,show wireless tag policy summary,cisco_ios,"[{""name"": ""name"", ""type"": ""str""}, {""name"": ""description"", ""type"": ""str""}]",TextFSM template: cisco_ios_show_wireless_tag_policy_summary.textfsm,2026-02-27T17:13:28.655888
textfsm,traceroute,cisco_ios,"[{""name"": ""required"", ""type"": ""str""}, {""name"": ""ip_address"", ""type"": ""str""}, {""name"": ""fqdn"", ""type"": ""str""}, {""name"": ""rtt_response"", ""type"": ""str""}, {""name"": ""details"", ""type"": ""str""}]",TextFSM template: cisco_ios_traceroute.textfsm,2026-02-27T17:13:28.655888
textfsm,show bridge-settings,cisco_nvfis,"[{""name"": ""name"", ""type"": ""str""}, {""name"": ""interface"", ""type"": ""str""}, {""name"": ""ip_address"", ""type"": ""str""}, {""name"": ""netmask"", ""type"": ""str""}, {""name"": ""ipv6_address"", ""type"": ""str""}, {""name"": ""ipv6_prefixlen"", ""type"": ""str""}, {""name"": ""mac_address"", ""type"": ""str""}, {""name"": ""mtu"", ""type"": ""str""}, {""name"": ""secondary_ip_address"", ""type"": ""str""}, {""name"": ""secondary_ip_netmask"", ""type"": ""str""}, {""name"": ""vlan_tag"", ""type"": ""str""}, {""name"": ""dhcp"", ""type"": ""str""}, {""name"": ""ipv6_dhcp"", ""type"": ""str""}, {""name"": ""ipv6_slaac"", ""type"": ""str""}, {""name"": ""dpdk"", ""type"": ""str""}]",TextFSM template: cisco_nvfis_show_bridge-settings.textfsm,2026-02-27T17:13:28.655888
textfsm,show configuration commit changes,cisco_nvfis,"[{""name"": ""created_by"", ""type"": ""str""}, {""name"": ""date_time"", ""type"": ""str""}, {""name"": ""client"", ""type"": ""str""}]",TextFSM template: cisco_nvfis_show_configuration_commit_changes.textfsm,2026-02-27T17:13:28.655888
textfsm,show nic,cisco_nvfis,"[{""name"": ""slotid"", ""type"": ""str""}, {""name"": ""adapter"", ""type"": ""str""}, {""name"": ""vendor"", ""type"": ""str""}, {""name"": ""devid"", ""type"": ""str""}, {""name"": ""mode"", ""type"": ""str""}, {""name"": ""devno"", ""type"": ""str""}, {""name"": ""pnics"", ""type"": ""str""}]",TextFSM template: cisco_nvfis_show_nic.textfsm,2026-02-27T17:13:28.655888
textfsm,show running-config snmp enable,cisco_nvfis,"[{""name"": ""trap"", ""type"": ""str""}, {""name"": ""status"", ""type"": ""str""}]",TextFSM template: cisco_nvfis_show_running-config_snmp_enable.textfsm,2026-02-27T17:13:28.655888
textfsm,show running-config snmp group,cisco_nvfis,"[{""name"": ""groupname"", ""type"": ""str""}, {""name"": ""version"", ""type"": ""str""}, {""name"": ""priviledge"", ""type"": ""str""}, {""name"": ""write"", ""type"": ""str""}, {""name"": ""read"", ""type"": ""str""}, {""name"": ""notify"", ""type"": ""str""}]",TextFSM template: cisco_nvfis_show_running-config_snmp_group.textfsm,2026-02-27T17:13:28.655888
textfsm,show running-config snmp host,cisco_nvfis,"[{""name"": ""username"", ""type"": ""str""}, {""name"": ""hostname"", ""type"": ""str""}, {""name"": ""version"", ""type"": ""str""}, {""name"": ""port"", ""type"": ""str""}, {""name"": ""ip_address"", ""type"": ""str""}, {""name"": ""securitylevel"", ""type"": ""str""}]",TextFSM template: cisco_nvfis_show_running-config_snmp_host.textfsm,2026-02-27T17:13:28.655888
textfsm,show running-config snmp user,cisco_nvfis,"[{""name"": ""username"", ""type"": ""str""}, {""name"": ""version"", ""type"": ""str""}, {""name"": ""user_group"", ""type"": ""str""}, {""name"": ""auth_protocol"", ""type"": ""str""}, {""name"": ""priv_protocol"", ""type"": ""str""}, {""name"": ""auth_key"", ""type"": ""str""}, {""name"": ""priv_key"", ""type"": ""str""}]",TextFSM template: cisco_nvfis_show_running-config_snmp_user.textfsm,2026-02-27T17:13:28.655888
textfsm,show running-config system settings,cisco_nvfis,"[{""name"": ""hostname"", ""type"": ""str""}, {""name"": ""dpdk"", ""type"": ""str""}, {""name"": ""ip_address"", ""type"": ""str""}, {""name"": ""netmask"", ""type"": ""str""}, {""name"": ""default_gateway"", ""type"": ""str""}]",TextFSM template: cisco_nvfis_show_running-config_system_settings.textfsm,2026-02-27T17:13:28.655888
textfsm,show running-config system time,cisco_nvfis,"[{""name"": ""timezone"", ""type"": ""str""}, {""name"": ""preferred_ntp_server"", ""type"": ""str""}, {""name"": ""preferred_ntp_server_type"", ""type"": ""str""}, {""name"": ""backup_ntp_server"", ""type"": ""str""}, {""name"": ""backup_ntp_server_type"", ""type"": ""str""}]",TextFSM template: cisco_nvfis_show_running-config_system_time.textfsm,2026-02-27T17:13:28.655888
textfsm,show running-config system upgrade,cisco_nvfis,"[{""name"": ""apply_image"", ""type"": ""str""}, {""name"": ""schedule_time"", ""type"": ""str""}, {""name"": ""image_name"", ""type"": ""str""}, {""name"": ""image_location"", ""type"": ""str""}]",TextFSM template: cisco_nvfis_show_running-config_system_upgrade.textfsm,2026-02-27T17:13:28.655888
textfsm,show version,cisco_nvfis,"[{""name"": ""version"", ""type"": ""str""}, {""name"": ""build_date"", ""type"": ""str""}, {""name"": ""last_reboot"", ""type"": ""str""}]",TextFSM template: cisco_nvfis_show_version.textfsm,2026-02-27T17:13:28.655888
textfsm,dir,cisco_nxos,"[{""name"": ""size"", ""type"": ""str""}, {""name"": ""date_time"", ""type"": ""str""}, {""name"": ""item_name"", ""type"": ""str""}, {""name"": ""total_size"", ""type"": ""str""}, {""name"": ""total_free"", ""type"": ""str""}, {""name"": ""total_used"", ""type"": ""str""}, {""name"": ""file_system"", ""type"": ""str""}]",TextFSM template: cisco_nxos_dir.textfsm,2026-02-27T17:13:28.655888
textfsm,show access-lists,cisco_nxos,"[{""name"": ""name"", ""type"": ""str""}, {""name"": ""sn"", ""type"": ""str""}, {""name"": ""action"", ""type"": ""str""}, {""name"": ""protocol"", ""type"": ""str""}, {""name"": ""source"", ""type"": ""str""}, {""name"": ""range"", ""type"": ""str""}, {""name"": ""port"", ""type"": ""str""}, {""name"": ""destination"", ""type"": ""str""}, {""name"": ""modifier"", ""type"": ""str""}, {""name"": ""remark"", ""type"": ""str""}]",TextFSM template: cisco_nxos_show_access-lists.textfsm,2026-02-27T17:13:28.655888
textfsm,show bfd neighbors,cisco_nxos,"[{""name"": ""our_address"", ""type"": ""str""}, {""name"": ""neighbor_address"", ""type"": ""str""}, {""name"": ""ld_rd"", ""type"": ""str""}, {""name"": ""rh_rs"", ""type"": ""str""}, {""name"": ""holddown"", ""type"": ""str""}, {""name"": ""state"", ""type"": ""str""}, {""name"": ""interface"", ""type"": ""str""}, {""name"": ""vrf"", ""type"": ""str""}, {""name"": ""type"", ""type"": ""str""}]",TextFSM template: cisco_nxos_show_bfd_neighbors.textfsm,2026-02-27T17:13:28.655888
textfsm,show bgp vrf all ipv4 unicast detail,cisco_nxos,"[{""name"": ""active"", ""type"": ""str""}, {""name"": ""as_path"", ""type"": ""str""}, {""name"": ""community"", ""type"": ""str""}, {""name"": ""filtered"", ""type"": ""str""}, {""name"": ""local_pref"", ""type"": ""str""}, {""name"": ""metric"", ""type"": ""str""}, {""name"": ""neighbor"", ""type"": ""str""}, {""name"": ""neighbor_id"", ""type"": ""str""}, {""name"": ""next_hop"", ""type"": ""str""}, {""name"": ""origin"", ""type"": ""str""}, {""name"": ""path_type"", ""type"": ""str""}, {""name"": ""prefix"", ""type"": ""str""}, {""name"": ""prefix_length"", ""type"": ""str""}, {""name"": ""valid"", ""type"": ""str""}, {""name"": ""vrf"", ""type"": ""str""}, {""name"": ""weight"", ""type"": ""str""}]",TextFSM template: cisco_nxos_show_bgp_vrf_all_ipv4_unicast_detail.textfsm,2026-02-27T17:13:28.655888
textfsm,show bgp vrf all ipv4 unicast neighbors routes,cisco_nxos,"[{""name"": ""status"", ""type"": ""str""}, {""name"": ""path_selection"", ""type"": ""str""}, {""name"": ""route_source"", ""type"": ""str""}, {""name"": ""prefix"", ""type"": ""str""}, {""name"": ""prefix_length"", ""type"": ""str""}, {""name"": ""next_hop"", ""type"": ""str""}, {""name"": ""metric"", ""type"": ""str""}, {""name"": ""local_pref"", ""type"": ""str""}, {""name"": ""weight"", ""type"": ""str""}, {""name"": ""as_path"", ""type"": ""str""}, {""name"": ""origin"", ""type"": ""str""}]",TextFSM template: cisco_nxos_show_bgp_vrf_all_ipv4_unicast_neighbors_routes.textfsm,2026-02-27T17:13:28.655888
textfsm,show cdp neighbors,cisco_nxos,"[{""name"": ""required"", ""type"": ""str""}, {""name"": ""local_interface"", ""type"": ""str""}, {""name"": ""holdtime"", ""type"": ""str""}, {""name"": ""capabilities"", ""type"": ""str""}, {""name"": ""platform"", ""type"": ""str""}, {""name"": ""neighbor_interface"", ""type"": ""str""}]",TextFSM template: cisco_nxos_show_cdp_neighbors.textfsm,2026-02-27T17:13:28.655888
textfsm,show cdp neighbors detail,cisco_nxos,"[{""name"": ""chassis_id"", ""type"": ""str""}, {""name"": ""neighbor_name"", ""type"": ""str""}, {""name"": ""mgmt_address"", ""type"": ""str""}, {""name"": ""platform"", ""type"": ""str""}, {""name"": ""neighbor_interface"", ""type"": ""str""}, {""name"": ""local_interface"", ""type"": ""str""}, {""name"": ""neighbor_description"", ""type"": ""str""}, {""name"": ""interface_ip"", ""type"": ""str""}, {""name"": ""capabilities"", ""type"": ""str""}]",TextFSM template: cisco_nxos_show_cdp_neighbors_detail.textfsm,2026-02-27T17:13:28.655888
textfsm,show clock,cisco_nxos,"[{""name"": ""time"", ""type"": ""str""}, {""name"": ""timezone"", ""type"": ""str""}, {""name"": ""dayweek"", ""type"": ""str""}, {""name"": ""month"", ""type"": ""str""}, {""name"": ""day"", ""type"": ""str""}, {""name"": ""year"", ""type"": ""str""}]",TextFSM template: cisco_nxos_show_clock.textfsm,2026-02-27T17:13:28.655888
textfsm,show configuration session summary,cisco_nxos,"[{""name"": ""session_name"", ""type"": ""str""}, {""name"": ""session_owner"", ""type"": ""str""}, {""name"": ""creation_time"", ""type"": ""str""}]",TextFSM template: cisco_nxos_show_configuration_session_summary.textfsm,2026-02-27T17:13:28.655888
textfsm,show cts interface all,cisco_nxos,"[{""name"": ""interface"", ""type"": ""str""}, {""name"": ""cts_status"", ""type"": ""str""}, {""name"": ""cts_mode"", ""type"": ""str""}, {""name"": ""ifc_state"", ""type"": ""str""}, {""name"": ""authentication_status"", ""type"": ""str""}, {""name"": ""peer_identity"", ""type"": ""str""}, {""name"": ""peer_is"", ""type"": ""str""}, {""name"": ""dot1x_role"", ""type"": ""str""}, {""name"": ""authorization_status"", ""type"": ""str""}, {""name"": ""peer_sgt"", ""type"": ""str""}, {""name"": ""peer_sgt_assignment"", ""type"": ""str""}, {""name"": ""sap_status"", ""type"": ""str""}, {""name"": ""sgt_propagate"", ""type"": ""str""}]",TextFSM template: cisco_nxos_show_cts_interface_all.textfsm,2026-02-27T17:13:28.655888
textfsm,show cts interface brief,cisco_nxos,"[{""name"": ""interface"", ""type"": ""str""}, {""name"": ""mode"", ""type"": ""str""}, {""name"": ""ifc_state"", ""type"": ""str""}, {""name"": ""sgt_assignment"", ""type"": ""str""}, {""name"": ""sgt_propagate"", ""type"": ""str""}]",TextFSM template: cisco_nxos_show_cts_interface_brief.textfsm,2026-02-27T17:13:28.655888
textfsm,show environment,cisco_nxos,"[{""name"": ""power_supply"", ""type"": ""str""}, {""name"": ""power_supply_model"", ""type"": ""str""}, {""name"": ""power_supply_output"", ""type"": ""str""}, {""name"": ""power_supply_input"", ""type"": ""str""}, {""name"": ""power_supply_capacity"", ""type"": ""str""}, {""name"": ""power_supply_status"", ""type"": ""str""}, {""name"": ""fan"", ""type"": ""str""}, {""name"": ""fan_status"", ""type"": ""str""}, {""name"": ""temperature_module"", ""type"": ""str""}, {""name"": ""temperature_sensor"", ""type"": ""str""}, {""name"": ""temperature_major_thresh"", ""type"": ""str""}, {""name"": ""temperature_minor_thresh"", ""type"": ""str""}, {""name"": ""temperature_current"", ""type"": ""str""}, {""name"": ""temperature_status"", ""type"": ""str""}]",TextFSM template: cisco_nxos_show_environment.textfsm,2026-02-27T17:13:28.655888
textfsm,show environment temperature,cisco_nxos,"[{""name"": ""current_value"", ""type"": ""str""}, {""name"": ""major_threshold"", ""type"": ""str""}, {""name"": ""minor_threshold"", ""type"": ""str""}, {""name"": ""status"", ""type"": ""str""}, {""name"": ""module"", ""type"": ""str""}, {""name"": ""sensor"", ""type"": ""str""}]",TextFSM template: cisco_nxos_show_environment_temperature.textfsm,2026-02-27T17:13:28.655888
textfsm,show fabricpath route,cisco_nxos,"[{""name"": ""ftag"", ""type"": ""str""}, {""name"": ""switch_id"", ""type"": ""str""}, {""name"": ""subswitch_id"", ""type"": ""str""}, {""name"": ""required"", ""type"": ""str""}, {""name"": ""distance"", ""type"": ""str""}, {""name"": ""metric"", ""type"": ""str""}]",TextFSM template: cisco_nxos_show_fabricpath_route.textfsm,2026-02-27T17:13:28.655888
textfsm,show feature,cisco_nxos,"[{""name"": ""name"", ""type"": ""str""}, {""name"": ""instance"", ""type"": ""str""}, {""name"": ""state"", ""type"": ""str""}]",TextFSM template: cisco_nxos_show_feature.textfsm,2026-02-27T17:13:28.655888
textfsm,show fex,cisco_nxos,"[{""name"": ""number"", ""type"": ""str""}, {""name"": ""descr"", ""type"": ""str""}, {""name"": ""state"", ""type"": ""str""}, {""name"": ""model"", ""type"": ""str""}, {""name"": ""serial"", ""type"": ""str""}]",TextFSM template: cisco_nxos_show_fex.textfsm,2026-02-27T17:13:28.655888
textfsm,show fex id,cisco_nxos,"[{""name"": ""fex"", ""type"": ""str""}, {""name"": ""description"", ""type"": ""str""}, {""name"": ""state"", ""type"": ""str""}, {""name"": ""version"", ""type"": ""str""}, {""name"": ""extender_serial"", ""type"": ""str""}, {""name"": ""extender_model"", ""type"": ""str""}, {""name"": ""part_no"", ""type"": ""str""}, {""name"": ""pinning_mode"", ""type"": ""str""}, {""name"": ""max_links"", ""type"": ""str""}, {""name"": ""fabric_port"", ""type"": ""str""}, {""name"": ""fcoe_admin"", ""type"": ""str""}, {""name"": ""fcoe_oper"", ""type"": ""str""}, {""name"": ""fcoe_fex_aa_configured"", ""type"": ""str""}, {""name"": ""fabric_interface"", ""type"": ""str""}, {""name"": ""interface_mode"", ""type"": ""str""}, {""name"": ""interface_state"", ""type"": ""str""}]",TextFSM template: cisco_nxos_show_fex_id.textfsm,2026-02-27T17:13:28.655888
textfsm,show flogi database,cisco_nxos,"[{""name"": ""interface"", ""type"": ""str""}, {""name"": ""vsan"", ""type"": ""str""}, {""name"": ""fcid"", ""type"": ""str""}, {""name"": ""port_name"", ""type"": ""str""}, {""name"": ""port_device_alias"", ""type"": ""str""}, {""name"": ""node_name"", ""type"": ""str""}]",TextFSM template: cisco_nxos_show_flogi_database.textfsm,2026-02-27T17:13:28.655888
textfsm,show forwarding adjacency,cisco_nxos,"[{""name"": ""slot"", ""type"": ""str""}, {""name"": ""nexthop"", ""type"": ""str""}, {""name"": ""rewrite"", ""type"": ""str""}, {""name"": ""interface"", ""type"": ""str""}, {""name"": ""origin_as"", ""type"": ""str""}, {""name"": ""peer_as"", ""type"": ""str""}, {""name"": ""neighbor"", ""type"": ""str""}]",TextFSM template: cisco_nxos_show_forwarding_adjacency.textfsm,2026-02-27T17:13:28.655888
textfsm,show forwarding ipv4 route,cisco_nxos,"[{""name"": ""ip_address"", ""type"": ""str""}, {""name"": ""prefix_length"", ""type"": ""str""}, {""name"": ""required"", ""type"": ""str""}, {""name"": ""interface"", ""type"": ""str""}]",TextFSM template: cisco_nxos_show_forwarding_ipv4_route.textfsm,2026-02-27T17:13:28.655888
textfsm,show hardware internal bigsur all-ports detail,cisco_nxos,"[{""name"": ""port_name"", ""type"": ""str""}, {""name"": ""interface_index"", ""type"": ""str""}, {""name"": ""instance_index"", ""type"": ""str""}, {""name"": ""instance_slot"", ""type"": ""str""}, {""name"": ""instance_asic"", ""type"": ""str""}, {""name"": ""asic_eport"", ""type"": ""str""}, {""name"": ""logical_port"", ""type"": ""str""}, {""name"": ""front_port"", ""type"": ""str""}, {""name"": ""state"", ""type"": ""str""}, {""name"": ""bigsur_eport"", ""type"": ""str""}, {""name"": ""port"", ""type"": ""str""}, {""name"": ""port_dec"", ""type"": ""str""}, {""name"": ""type"", ""type"": ""str""}, {""name"": ""firewall_instance"", ""type"": ""str""}, {""name"": ""speed"", ""type"": ""str""}, {""name"": ""admin_state"", ""type"": ""str""}, {""name"": ""admin_state_dec"", ""type"": ""str""}, {""name"": ""mtu"", ""type"": ""str""}, {""name"": ""duplexity"", ""type"": ""str""}, {""name"": ""duplexity_dec"", ""type"": ""str""}, {""name"": ""auto_neg_state"", ""type"": ""str""}, {""name"": ""auto_neg_state_dec"", ""type"": ""str""}, {""name"": ""fast_1g_an_timer"", ""type"": ""str""}, {""name"": ""port_speed"", ""type"": ""str""}, {""name"": ""debounce_time"", ""type"": ""str""}, {""name"": ""linkup_debounce_time"", ""type"": ""str""}, {""name"": ""sat_fabric_mode"", ""type"": ""str""}, {""name"": ""sat_fabric_mode_hex"", ""type"": ""str""}, {""name"": ""port_flow_ctrl"", ""type"": ""str""}, {""name"": ""class_flow_ctrl7_0"", ""type"": ""str""}, {""name"": ""class_flow_ctrl_msk_rx"", ""type"": ""str""}, {""name"": ""class_flow_ctrl_msk_tx"", ""type"": ""str""}, {""name"": ""link_state"", ""type"": ""str""}, {""name"": ""link_state_dec"", ""type"": ""str""}, {""name"": ""oper_speed"", ""type"": ""str""}, {""name"": ""oper_duplexity"", ""type"": ""str""}, {""name"": ""oper_duplexity_dec"", ""type"": ""str""}, {""name"": ""oper_port_flow_ctrl"", ""type"": ""str""}, {""name"": ""up_count"", ""type"": ""str""}, {""name"": ""down_count"", ""type"": ""str""}, {""name"": ""slot"", ""type"": ""str""}, {""name"": ""mm_inst"", ""type"": ""str""}, {""name"": ""mm_mode"", ""type"": ""str""}, {""name"": ""diag_sts"", ""type"": ""str""}, {""name"": ""mac_status_polling"", ""type"": ""str""}, {""name"": ""an_state"", ""type"": ""str""}, {""name"": ""an_state_dec"", ""type"": ""str""}, {""name"": ""an_timer"", ""type"": ""str""}, {""name"": ""link_fail_inhibit_timer"", ""type"": ""str""}, {""name"": ""an_disabled"", ""type"": ""str""}, {""name"": ""mm_port_state"", ""type"": ""str""}, {""name"": ""mm_port_state_dec"", ""type"": ""str""}, {""name"": ""mm_port_timer"", ""type"": ""str""}, {""name"": ""remote_fault_disable"", ""type"": ""str""}, {""name"": ""adaptive_tuning_disable"", ""type"": ""str""}, {""name"": ""link_recovery_disable"", ""type"": ""str""}, {""name"": ""link_bring_down_disable"", ""type"": ""str""}, {""name"": ""dfe_tuning_disable"", ""type"": ""str""}, {""name"": ""force_qsfp_removal"", ""type"": ""str""}, {""name"": ""force_qsfp_insertion"", ""type"": ""str""}, {""name"": ""force_qsfp_fiber_type"", ""type"": ""str""}, {""name"": ""force_qsfp_copper_type"", ""type"": ""str""}, {""name"": ""serdes_lanes"", ""type"": ""str""}, {""name"": ""dfe_tune_lane_0_dfe_a"", ""type"": ""str""}, {""name"": ""dfe_tune_lane_0_dfe_b"", ""type"": ""str""}, {""name"": ""dfe_tune_lane_0_dfe_tune"", ""type"": ""str""}, {""name"": ""dfe_tune_lane_1_dfe_a"", ""type"": ""str""}, {""name"": ""dfe_tune_lane_1_dfe_b"", ""type"": ""str""}, {""name"": ""dfe_tune_lane_1_dfe_tune"", ""type"": ""str""}, {""name"": ""dfe_tune_lane_2_dfe_a"", ""type"": ""str""}, {""name"": ""dfe_tune_lane_2_dfe_b"", ""type"": ""str""}, {""name"": ""dfe_tune_lane_2_dfe_tune"", ""type"": ""str""}, {""name"": ""dfe_tune_lane_3_dfe_a"", ""type"": ""str""}, {""name"": ""dfe_tune_lane_3_dfe_b"", ""type"": ""str""}, {""name"": ""dfe_tune_lane_3_dfe_tune"", ""type"": ""str""}, {""name"": ""fi_block_lock_0h"", ""type"": ""str""}, {""name"": ""fi_block_lock_1h"", ""type"": ""str""}, {""name"": ""fi_block_lock_2h"", ""type"": ""str""}, {""name"": ""fi_block_lock_3h"", ""type"": ""str""}, {""name"": ""tx_pkt_size_lt_64"", ""type"": ""str""}, {""name"": ""tx_pkt_size_is_64"", ""type"": ""str""}, {""name"": ""tx_pkt_size_is_65_to_127"", ""type"": ""str""}, {""name"": ""tx_pkt_size_is_128_to_255"", ""type"": ""str""}, {""name"": ""tx_pkt_size_is_256_to_511"", ""type"": ""str""}, {""name"": ""tx_pkt_size_is_512_to_1023"", ""type"": ""str""}, {""name"": ""tx_pkt_size_is_1024_to_1518"", ""type"": ""str""}, {""name"": ""tx_pkt_size_is_1519_to_2047"", ""type"": ""str""}, {""name"": ""tx_pkt_size_is_2048_to_4095"", ""type"": ""str""}, {""name"": ""tx_pkt_size_is_4095_to_8191"", ""type"": ""str""}, {""name"": ""tx_pkt_size_is_8192_to_9216"", ""type"": ""str""}, {""name"": ""tx_pkt_size_gt_9216"", ""type"": ""str""}, {""name"": ""tx_pkt_total"", ""type"": ""str""}, {""name"": ""tx_pkt_octets"", ""type"": ""str""}, {""name"": ""tx_pkt_good"", ""type"": ""str""}, {""name"": ""tx_pkt_ucast"", ""type"": ""str""}, {""name"": ""tx_pkt_mcast"", ""type"": ""str""}, {""name"": ""tx_pkt_bcast"", ""type"": ""str""}, {""name"": ""tx_pkt_vlan"", ""type"": ""str""}, {""name"": ""tx_pkt_802_3x_pause"", ""type"": ""str""}, {""name"": ""tx_pkt_per_priority_pause"", ""type"": ""str""}, {""name"": ""tx_pkt_frame_error"", ""type"": ""str""}, {""name"": ""rx_pkt_size_lt_64"", ""type"": ""str""}, {""name"": ""rx_pkt_size_is_64"", ""type"": ""str""}, {""name"": ""rx_pkt_size_is_65_to_127"", ""type"": ""str""}, {""name"": ""rx_pkt_size_is_128_to_255"", ""type"": ""str""}, {""name"": ""rx_pkt_size_is_256_to_511"", ""type"": ""str""}, {""name"": ""rx_pkt_size_is_512_to_1023"", ""type"": ""str""}, {""name"": ""rx_pkt_size_is_1024_to_1518"", ""type"": ""str""}, {""name"": ""rx_pkt_size_is_1519_to_2047"", ""type"": ""str""}, {""name"": ""rx_pkt_size_is_2048_to_4095"", ""type"": ""str""}, {""name"": ""rx_pkt_size_is_4095_to_8191"", ""type"": ""str""}, {""name"": ""rx_pkt_size_is_8192_to_9216"", ""type"": ""str""}, {""name"": ""rx_pkt_size_gt_9216"", ""type"": ""str""}, {""name"": ""rx_pkt_total"", ""type"": ""str""}, {""name"": ""rx_pkt_octets"", ""type"": ""str""}, {""name"": ""rx_pkt_good"", ""type"": ""str""}, {""name"": ""rx_pkt_ucast"", ""type"": ""str""}, {""name"": ""rx_pkt_mcast"", ""type"": ""str""}, {""name"": ""rx_pkt_bcast"", ""type"": ""str""}, {""name"": ""rx_pkt_vlan"", ""type"": ""str""}, {""name"": ""rx_pkt_oversize"", ""type"": ""str""}, {""name"": ""rx_pkt_toolong"", ""type"": ""str""}, {""name"": ""rx_pkt_discard"", ""type"": ""str""}, {""name"": ""rx_pkt_undersize"", ""type"": ""str""}, {""name"": ""rx_pkt_fragment"", ""type"": ""str""}, {""name"": ""rx_pkt_crc_not_stomped"", ""type"": ""str""}, {""name"": ""rx_pkt_crc_stomped"", ""type"": ""str""}, {""name"": ""rx_pkt_in_range_err"", ""type"": ""str""}, {""name"": ""rx_pkt_jabber"", ""type"": ""str""}, {""name"": ""rx_pkt_802_3x_pause"", ""type"": ""str""}, {""name"": ""rx_pkt_per_priority_pause"", ""type"": ""str""}, {""name"": ""tx_pkt_good_octets"", ""type"": ""str""}, {""name"": ""rx_pkt_good_octets"", ""type"": ""str""}, {""name"": ""sfp_ctrl_bigsur"", ""type"": ""str""}, {""name"": ""sfp_ctrl_port"", ""type"": ""str""}, {""name"": ""phy_bigsur"", ""type"": ""str""}, {""name"": ""phy_mdio_addr"", ""type"": ""str""}, {""name"": ""phy_mdio_master"", ""type"": ""str""}, {""name"": ""phy_reset_bigsur"", ""type"": ""str""}, {""name"": ""phy_reset_spio"", ""type"": ""str""}, {""name"": ""phy_prom_shared"", ""type"": ""str""}, {""name"": ""serdes_txdata_0"", ""type"": ""str""}, {""name"": ""serdes_txdata_1"", ""type"": ""str""}, {""name"": ""serdes_txdata_2"", ""type"": ""str""}, {""name"": ""serdes_txdata_3"", ""type"": ""str""}, {""name"": ""phy_pmd_tx_0"", ""type"": ""str""}, {""name"": ""phy_pmd_tx_1"", ""type"": ""str""}, {""name"": ""phy_pmd_tx_2"", ""type"": ""str""}, {""name"": ""pma_pmd_devaddr"", ""type"": ""str""}, {""name"": ""pcs_devaddr"", ""type"": ""str""}, {""name"": ""phyxs_devaddr"", ""type"": ""str""}, {""name"": ""xcvr_devaddr"", ""type"": ""str""}, {""name"": ""phy_present"", ""type"": ""str""}, {""name"": ""phy_type"", ""type"": ""str""}, {""name"": ""sfp_acc_type"", ""type"": ""str""}, {""name"": ""dfe_timer"", ""type"": ""str""}, {""name"": ""dfe_timer_running"", ""type"": ""str""}, {""name"": ""init_wait_count"", ""type"": ""str""}, {""name"": ""do_tx_disable_clr"", ""type"": ""str""}, {""name"": ""tx_disable_clr_cnt"", ""type"": ""str""}, {""name"": ""qsa_status"", ""type"": ""str""}, {""name"": ""connector_type"", ""type"": ""str""}, {""name"": ""usb_bus_num"", ""type"": ""str""}, {""name"": ""usb_dev_num"", ""type"": ""str""}, {""name"": ""usb_priv"", ""type"": ""str""}, {""name"": ""reset_done"", ""type"": ""str""}, {""name"": ""xcvr_flag_present"", ""type"": ""str""}, {""name"": ""xcvr_flag_xcvr_not_sfp"", ""type"": ""str""}, {""name"": ""xcvr_flag_10g_capable"", ""type"": ""str""}, {""name"": ""xcvr_flag_cksum_ok"", ""type"": ""str""}, {""name"": ""xcvr_flag_security_crc_ok"", ""type"": ""str""}, {""name"": ""xcvr_flag_cisco_chk_ok"", ""type"": ""str""}, {""name"": ""xcvr_flag_ddm_capable"", ""type"": ""str""}, {""name"": ""xcvr_flag_pma_pmd_present"", ""type"": ""str""}, {""name"": ""xcvr_flag_pcs_present"", ""type"": ""str""}, {""name"": ""xcvr_flag_phyxs_present"", ""type"": ""str""}, {""name"": ""xcvr_flag_xcvr_operational"", ""type"": ""str""}, {""name"": ""xcvr_flag_pma_pmd_low_pwr_mode"", ""type"": ""str""}, {""name"": ""xcvr_flag_pcs_low_pwr_mode"", ""type"": ""str""}, {""name"": ""xcvr_flag_phyxs_low_pwr_mode"", ""type"": ""str""}, {""name"": ""xcvr_flag_link_up"", ""type"": ""str""}, {""name"": ""xcvr_flag_type_fiber"", ""type"": ""str""}, {""name"": ""xcvr_flag_sprom_read_ok"", ""type"": ""str""}, {""name"": ""port_state"", ""type"": ""str""}, {""name"": ""xcvr_insert_debounce_timer"", ""type"": ""str""}, {""name"": ""xcvr_link_debounce_timer"", ""type"": ""str""}, {""name"": ""xcvr_linkup_debounce_timer"", ""type"": ""str""}, {""name"": ""xcvr_presence_detect_timer"", ""type"": ""str""}, {""name"": ""tx_enable_signal"", ""type"": ""str""}, {""name"": ""debounce_timeout"", ""type"": ""str""}, {""name"": ""linkup_debounce_timeout"", ""type"": ""str""}, {""name"": ""link_up"", ""type"": ""str""}, {""name"": ""link_dn_debounce_start"", ""type"": ""str""}, {""name"": ""link_debounce_end"", ""type"": ""str""}, {""name"": ""bit_error_rate"", ""type"": ""str""}, {""name"": ""bit_error_rate_since_linkup"", ""type"": ""str""}, {""name"": ""error_blocks"", ""type"": ""str""}, {""name"": ""error_blocks_since_linkup"", ""type"": ""str""}, {""name"": ""link_up_hex"", ""type"": ""str""}, {""name"": ""link_up_dec"", ""type"": ""str""}, {""name"": ""link_down_hex"", ""type"": ""str""}, {""name"": ""link_down_dec"", ""type"": ""str""}, {""name"": ""link_debounced_with_link_up_hex"", ""type"": ""str""}, {""name"": ""link_debounced_with_link_up_dec"", ""type"": ""str""}, {""name"": ""link_debounced_with_link_up_since_last_en_hex"", ""type"": ""str""}, {""name"": ""link_debounced_with_link_up_since_last_en_dec"", ""type"": ""str""}]",TextFSM template: cisco_nxos_show_hardware_internal_bigsur_all-ports_detail.textfsm,2026-02-27T17:13:28.655888
textfsm,show hostname,cisco_nxos,"[{""name"": ""hostname"", ""type"": ""str""}]",TextFSM template: cisco_nxos_show_hostname.textfsm,2026-02-27T17:13:28.655888
textfsm,show hsrp all,cisco_nxos,"[{""name"": ""interface"", ""type"": ""str""}, {""name"": ""version"", ""type"": ""str""}, {""name"": ""group_number"", ""type"": ""str""}, {""name"": ""priority"", ""type"": ""str""}, {""name"": ""hsrp_router_state"", ""type"": ""str""}, {""name"": ""configured_priority"", ""type"": ""str""}, {""name"": ""preempt"", ""type"": ""str""}, {""name"": ""lower_fwd_treshold"", ""type"": ""str""}, {""name"": ""upper_fwd_treshold"", ""type"": ""str""}, {""name"": ""timers_hello_sec"", ""type"": ""str""}, {""name"": ""timers_hold_sec"", ""type"": ""str""}, {""name"": ""primary_ipv4_address"", ""type"": ""str""}, {""name"": ""secondary_ipv4_address"", ""type"": ""str""}, {""name"": ""active_router"", ""type"": ""str""}, {""name"": ""active_expire"", ""type"": ""str""}, {""name"": ""active_ip_address"", ""type"": ""str""}, {""name"": ""active_priority"", ""type"": ""str""}, {""name"": ""standby_router"", ""type"": ""str""}, {""name"": ""standby_expire"", ""type"": ""str""}, {""name"": ""standby_ip_address"", ""type"": ""str""}, {""name"": ""standby_priority"", ""type"": ""str""}, {""name"": ""authentication"", ""type"": ""str""}, {""name"": ""virtual_mac_address"", ""type"": ""str""}, {""name"": ""virtual_mac_address_status"", ""type"": ""str""}, {""name"": ""num_state_changes"", ""type"": ""str""}, {""name"": ""last_state_change"", ""type"": ""str""}, {""name"": ""session_name"", ""type"": ""str""}]",TextFSM template: cisco_nxos_show_hsrp_all.textfsm,2026-02-27T17:13:28.655888
textfsm,show interface,cisco_nxos,"[{""name"": ""interface"", ""type"": ""str""}, {""name"": ""link_status"", ""type"": ""str""}, {""name"": ""admin_state"", ""type"": ""str""}, {""name"": ""hardware_type"", ""type"": ""str""}, {""name"": ""mac_address"", ""type"": ""str""}, {""name"": ""bia"", ""type"": ""str""}, {""name"": ""description"", ""type"": ""str""}, {""name"": ""ip_address"", ""type"": ""str""}, {""name"": ""prefix_length"", ""type"": ""str""}, {""name"": ""mtu"", ""type"": ""str""}, {""name"": ""mode"", ""type"": ""str""}, {""name"": ""duplex"", ""type"": ""str""}, {""name"": ""speed"", ""type"": ""str""}, {""name"": ""input_packets"", ""type"": ""str""}, {""name"": ""output_packets"", ""type"": ""str""}, {""name"": ""input_errors"", ""type"": ""str""}, {""name"": ""output_errors"", ""type"": ""str""}, {""name"": ""bandwidth"", ""type"": ""str""}, {""name"": ""delay"", ""type"": ""str""}, {""name"": ""encapsulation"", ""type"": ""str""}, {""name"": ""last_link_flapped"", ""type"": ""str""}, {""name"": ""vlan_id"", ""type"": ""str""}, {""name"": ""packet_input_rate"", ""type"": ""str""}, {""name"": ""packet_output_rate"", ""type"": ""str""}, {""name"": ""bandwidth_input_rate"", ""type"": ""str""}, {""name"": ""bandwidth_output_rate"", ""type"": ""str""}, {""name"": ""media_type"", ""type"": ""str""}, {""name"": ""short_frame"", ""type"": ""str""}, {""name"": ""overrun"", ""type"": ""str""}, {""name"": ""underrun"", ""type"": ""str""}, {""name"": ""ignored"", ""type"": ""str""}, {""name"": ""watchdog"", ""type"": ""str""}, {""name"": ""bad_etype_drop"", ""type"": ""str""}, {""name"": ""bad_proto_drop"", ""type"": ""str""}, {""name"": ""interface_down_drop"", ""type"": ""str""}, {""name"": ""dribble"", ""type"": ""str""}, {""name"": ""input_discards"", ""type"": ""str""}, {""name"": ""rx_pause"", ""type"": ""str""}, {""name"": ""stomped_crc"", ""type"": ""str""}, {""name"": ""rx_jumbo_packets"", ""type"": ""str""}, {""name"": ""storm_suppression_bytes"", ""type"": ""str""}, {""name"": ""runts"", ""type"": ""str""}, {""name"": ""giants"", ""type"": ""str""}, {""name"": ""crc"", ""type"": ""str""}, {""name"": ""no_buffer"", ""type"": ""str""}, {""name"": ""tx_jumbo_packets"", ""type"": ""str""}, {""name"": ""collisions"", ""type"": ""str""}, {""name"": ""deferred"", ""type"": ""str""}, {""name"": ""late_collisions"", ""type"": ""str""}, {""name"": ""lost_carrier"", ""type"": ""str""}, {""name"": ""no_carrier"", ""type"": ""str""}, {""name"": ""babble"", ""type"": ""str""}, {""name"": ""output_discards"", ""type"": ""str""}, {""name"": ""tx_pause"", ""type"": ""str""}]",TextFSM template: cisco_nxos_show_interface.textfsm,2026-02-27T17:13:28.655888
textfsm,show interface brief,cisco_nxos,"[{""name"": ""interface"", ""type"": ""str""}, {""name"": ""vrf"", ""type"": ""str""}, {""name"": ""status"", ""type"": ""str""}, {""name"": ""ip_address"", ""type"": ""str""}, {""name"": ""peer_ip_address"", ""type"": ""str""}, {""name"": ""speed"", ""type"": ""str""}, {""name"": ""mtu"", ""type"": ""str""}, {""name"": ""vlan_id"", ""type"": ""str""}, {""name"": ""type"", ""type"": ""str""}, {""name"": ""mode"", ""type"": ""str""}, {""name"": ""reason"", ""type"": ""str""}, {""name"": ""portch"", ""type"": ""str""}, {""name"": ""description"", ""type"": ""str""}, {""name"": ""protocol"", ""type"": ""str""}, {""name"": ""vcid"", ""type"": ""str""}]",TextFSM template: cisco_nxos_show_interface_brief.textfsm,2026-02-27T17:13:28.655888
textfsm,show interface description,cisco_nxos,"[{""name"": ""port"", ""type"": ""str""}, {""name"": ""type"", ""type"": ""str""}, {""name"": ""speed"", ""type"": ""str""}, {""name"": ""description"", ""type"": ""str""}]",TextFSM template: cisco_nxos_show_interface_description.textfsm,2026-02-27T17:13:28.655888
textfsm,show interface snmp-ifindex,cisco_nxos,"[{""name"": ""port"", ""type"": ""str""}, {""name"": ""ifmib"", ""type"": ""str""}, {""name"": ""ifindex_hex"", ""type"": ""str""}]",TextFSM template: cisco_nxos_show_interface_snmp-ifindex.textfsm,2026-02-27T17:13:28.655888
textfsm,show interface status,cisco_nxos,"[{""name"": ""port"", ""type"": ""str""}, {""name"": ""name"", ""type"": ""str""}, {""name"": ""status"", ""type"": ""str""}, {""name"": ""vlan_id"", ""type"": ""str""}, {""name"": ""duplex"", ""type"": ""str""}, {""name"": ""speed"", ""type"": ""str""}, {""name"": ""type"", ""type"": ""str""}]",TextFSM template: cisco_nxos_show_interface_status.textfsm,2026-02-27T17:13:28.655888
textfsm,show interface switchport,cisco_nxos,"[{""name"": ""interface"", ""type"": ""str""}, {""name"": ""switchport"", ""type"": ""str""}, {""name"": ""switchport_monitor"", ""type"": ""str""}, {""name"": ""mode"", ""type"": ""str""}, {""name"": ""access_vlan"", ""type"": ""str""}, {""name"": ""access_vlan_name"", ""type"": ""str""}, {""name"": ""native_vlan"", ""type"": ""str""}, {""name"": ""native_vlan_name"", ""type"": ""str""}, {""name"": ""trunking_vlans"", ""type"": ""str""}, {""name"": ""voice_vlan"", ""type"": ""str""}]",TextFSM template: cisco_nxos_show_interface_switchport.textfsm,2026-02-27T17:13:28.655888
textfsm,show interface transceiver,cisco_nxos,"[{""name"": ""interface"", ""type"": ""str""}, {""name"": ""status"", ""type"": ""str""}, {""name"": ""manufacturer"", ""type"": ""str""}, {""name"": ""type"", ""type"": ""str""}, {""name"": ""serial"", ""type"": ""str""}, {""name"": ""part_number"", ""type"": ""str""}, {""name"": ""product_id"", ""type"": ""str""}]",TextFSM template: cisco_nxos_show_interface_transceiver.textfsm,2026-02-27T17:13:28.655888
textfsm,show interface transceiver details,cisco_nxos,"[{""name"": ""interface"", ""type"": ""str""}, {""name"": ""lane"", ""type"": ""str""}, {""name"": ""temperature_value"", ""type"": ""str""}, {""name"": ""temperature_alarm_high"", ""type"": ""str""}, {""name"": ""temperature_alarm_low"", ""type"": ""str""}, {""name"": ""temperature_warn_high"", ""type"": ""str""}, {""name"": ""temperature_warn_low"", ""type"": ""str""}, {""name"": ""voltage_value"", ""type"": ""str""}, {""name"": ""voltage_alarm_high"", ""type"": ""str""}, {""name"": ""voltage_alarm_low"", ""type"": ""str""}, {""name"": ""voltage_warn_high"", ""type"": ""str""}, {""name"": ""voltage_warn_low"", ""type"": ""str""}, {""name"": ""amps_value"", ""type"": ""str""}, {""name"": ""amps_alarm_high"", ""type"": ""str""}, {""name"": ""amps_alarm_low"", ""type"": ""str""}, {""name"": ""amps_warn_high"", ""type"": ""str""}, {""name"": ""amps_warn_low"", ""type"": ""str""}, {""name"": ""rx_value"", ""type"": ""str""}, {""name"": ""rx_alarm_high"", ""type"": ""str""}, {""name"": ""rx_alarm_low"", ""type"": ""str""}, {""name"": ""rx_warn_high"", ""type"": ""str""}, {""name"": ""rx_warn_low"", ""type"": ""str""}, {""name"": ""tx_value"", ""type"": ""str""}, {""name"": ""tx_alarm_high"", ""type"": ""str""}, {""name"": ""tx_alarm_low"", ""type"": ""str""}, {""name"": ""tx_warn_high"", ""type"": ""str""}, {""name"": ""tx_warn_low"", ""type"": ""str""}]",TextFSM template: cisco_nxos_show_interface_transceiver_details.textfsm,2026-02-27T17:13:28.655888
textfsm,show inventory,cisco_nxos,"[{""name"": ""name"", ""type"": ""str""}, {""name"": ""descr"", ""type"": ""str""}, {""name"": ""pid"", ""type"": ""str""}, {""name"": ""vid"", ""type"": ""str""}, {""name"": ""sn"", ""type"": ""str""}]",TextFSM template: cisco_nxos_show_inventory.textfsm,2026-02-27T17:13:28.655888
textfsm,show ip adjacency,cisco_nxos,"[{""name"": ""ip_address"", ""type"": ""str""}, {""name"": ""mac_address"", ""type"": ""str""}, {""name"": ""pref"", ""type"": ""str""}, {""name"": ""source"", ""type"": ""str""}, {""name"": ""interface"", ""type"": ""str""}, {""name"": ""flags"", ""type"": ""str""}]",TextFSM template: cisco_nxos_show_ip_adjacency.textfsm,2026-02-27T17:13:28.655888
textfsm,show ip arp,cisco_nxos,"[{""name"": ""ip_address"", ""type"": ""str""}, {""name"": ""age"", ""type"": ""str""}, {""name"": ""mac_address"", ""type"": ""str""}, {""name"": ""interface"", ""type"": ""str""}]",TextFSM template: cisco_nxos_show_ip_arp.textfsm,2026-02-27T17:13:28.655888
textfsm,show ip arp detail,cisco_nxos,"[{""name"": ""ip_address"", ""type"": ""str""}, {""name"": ""age"", ""type"": ""str""}, {""name"": ""mac_address"", ""type"": ""str""}, {""name"": ""interface"", ""type"": ""str""}, {""name"": ""physical_interface"", ""type"": ""str""}]",TextFSM template: cisco_nxos_show_ip_arp_detail.textfsm,2026-02-27T17:13:28.655888
textfsm,show ip arp detail vrf all,cisco_nxos,"[{""name"": ""ip_address"", ""type"": ""str""}, {""name"": ""age"", ""type"": ""str""}, {""name"": ""mac_address"", ""type"": ""str""}, {""name"": ""interface"", ""type"": ""str""}, {""name"": ""physical_interface"", ""type"": ""str""}, {""name"": ""flags"", ""type"": ""str""}, {""name"": ""vrf"", ""type"": ""str""}]",TextFSM template: cisco_nxos_show_ip_arp_detail_vrf_all.textfsm,2026-02-27T17:13:28.655888
textfsm,show ip bgp,cisco_nxos,"[{""name"": ""status"", ""type"": ""str""}, {""name"": ""path_selection"", ""type"": ""str""}, {""name"": ""route_source"", ""type"": ""str""}, {""name"": ""network"", ""type"": ""str""}, {""name"": ""next_hop"", ""type"": ""str""}, {""name"": ""metric"", ""type"": ""str""}, {""name"": ""local_pref"", ""type"": ""str""}, {""name"": ""weight"", ""type"": ""str""}, {""name"": ""as_path"", ""type"": ""str""}, {""name"": ""origin"", ""type"": ""str""}, {""name"": ""vrf"", ""type"": ""str""}]",TextFSM template: cisco_nxos_show_ip_bgp.textfsm,2026-02-27T17:13:28.655888
textfsm,show ip bgp neighbors,cisco_nxos,"[{""name"": ""neighbor"", ""type"": ""str""}, {""name"": ""peer_group"", ""type"": ""str""}, {""name"": ""description"", ""type"": ""str""}, {""name"": ""vrf"", ""type"": ""str""}, {""name"": ""asn"", ""type"": ""str""}, {""name"": ""remote_asn"", ""type"": ""str""}, {""name"": ""local_asn"", ""type"": ""str""}, {""name"": ""bgp_state"", ""type"": ""str""}, {""name"": ""uptime"", ""type"": ""str""}, {""name"": ""source_iface"", ""type"": ""str""}, {""name"": ""conn_estab"", ""type"": ""str""}, {""name"": ""conn_dropped"", ""type"": ""str""}, {""name"": ""last_reset"", ""type"": ""str""}, {""name"": ""last_reset_reason"", ""type"": ""str""}, {""name"": ""last_peer_reset"", ""type"": ""str""}, {""name"": ""last_peer_reset_reason"", ""type"": ""str""}, {""name"": ""addr_family"", ""type"": ""str""}, {""name"": ""table_version"", ""type"": ""str""}, {""name"": ""nei_table_version"", ""type"": ""str""}, {""name"": ""addr_fam_adv"", ""type"": ""str""}, {""name"": ""localhost_ip"", ""type"": ""str""}, {""name"": ""localhost_port"", ""type"": ""str""}, {""name"": ""remote_ip"", ""type"": ""str""}, {""name"": ""remote_port"", ""type"": ""str""}, {""name"": ""accepted_paths"", ""type"": ""str""}, {""name"": ""sent_paths"", ""type"": ""str""}, {""name"": ""consumed_mem"", ""type"": ""str""}, {""name"": ""rr_old_cap"", ""type"": ""str""}, {""name"": ""rr_new_cap"", ""type"": ""str""}, {""name"": ""graceful_cap"", ""type"": ""str""}, {""name"": ""fourbyte_cap"", ""type"": ""str""}, {""name"": ""ext_nh_cap"", ""type"": ""str""}, {""name"": ""restart_time_adv"", ""type"": ""str""}, {""name"": ""restart_time_rcv"", ""type"": ""str""}, {""name"": ""stale_time"", ""type"": ""str""}, {""name"": ""opens_count_sent"", ""type"": ""str""}, {""name"": ""notifications_count_sent"", ""type"": ""str""}, {""name"": ""updates_count_sent"", ""type"": ""str""}, {""name"": ""keepalives_count_sent"", ""type"": ""str""}, {""name"": ""route_refresh_count_sent"", ""type"": ""str""}, {""name"": ""capability_count_sent"", ""type"": ""str""}, {""name"": ""total_mess_count_sent"", ""type"": ""str""}, {""name"": ""total_bytes_count_sent"", ""type"": ""str""}, {""name"": ""opens_count_rcvd"", ""type"": ""str""}, {""name"": ""notifications_count_rcvd"", ""type"": ""str""}, {""name"": ""updates_count_rcvd"", ""type"": ""str""}, {""name"": ""keepalives_count_rcvd"", ""type"": ""str""}, {""name"": ""route_refresh_count_rcvd"", ""type"": ""str""}, {""name"": ""capability_count_rcvd"", ""type"": ""str""}, {""name"": ""total_mess_count_rcvd"", ""type"": ""str""}, {""name"": ""total_bytes_count_rcvd"", ""type"": ""str""}, {""name"": ""total_bytes_send_queue"", ""type"": ""str""}, {""name"": ""total_bytes_rcvd_queue"", ""type"": ""str""}, {""name"": ""inbound_routemap"", ""type"": ""str""}, {""name"": ""outbound_routemap"", ""type"": ""str""}]",TextFSM template: cisco_nxos_show_ip_bgp_neighbors.textfsm,2026-02-27T17:13:28.655888
textfsm,show ip bgp summary,cisco_nxos,"[{""name"": ""router_id"", ""type"": ""str""}, {""name"": ""local_as"", ""type"": ""str""}, {""name"": ""vrf"", ""type"": ""str""}, {""name"": ""bgp_neigh"", ""type"": ""str""}, {""name"": ""neigh_as"", ""type"": ""str""}, {""name"": ""msg_rcvd"", ""type"": ""str""}, {""name"": ""msg_sent"", ""type"": ""str""}, {""name"": ""in_queue"", ""type"": ""str""}, {""name"": ""out_queue"", ""type"": ""str""}, {""name"": ""up_down"", ""type"": ""str""}, {""name"": ""state_pfxrcd"", ""type"": ""str""}]",TextFSM template: cisco_nxos_show_ip_bgp_summary.textfsm,2026-02-27T17:13:28.655888
textfsm,show ip bgp summary vrf,cisco_nxos,"[{""name"": ""vrf"", ""type"": ""str""}, {""name"": ""address_family"", ""type"": ""str""}, {""name"": ""router_id"", ""type"": ""str""}, {""name"": ""local_as"", ""type"": ""str""}, {""name"": ""bgp_neigh"", ""type"": ""str""}, {""name"": ""bgp_ver"", ""type"": ""str""}, {""name"": ""neigh_as"", ""type"": ""str""}, {""name"": ""msg_rcvd"", ""type"": ""str""}, {""name"": ""msg_sent"", ""type"": ""str""}, {""name"": ""tblver"", ""type"": ""str""}, {""name"": ""in_queue"", ""type"": ""str""}, {""name"": ""out_queue"", ""type"": ""str""}, {""name"": ""up_down"", ""type"": ""str""}, {""name"": ""state_pfxrcd"", ""type"": ""str""}]",TextFSM template: cisco_nxos_show_ip_bgp_summary_vrf.textfsm,2026-02-27T17:13:28.655888
textfsm,show ip community-list,cisco_nxos,"[{""name"": ""required"", ""type"": ""str""}, {""name"": ""required"", ""type"": ""str""}, {""name"": ""seq"", ""type"": ""str""}, {""name"": ""action"", ""type"": ""str""}, {""name"": ""as"", ""type"": ""str""}, {""name"": ""tag"", ""type"": ""str""}, {""name"": ""community"", ""type"": ""str""}]",TextFSM template: cisco_nxos_show_ip_community-list.textfsm,2026-02-27T17:13:28.655888
textfsm,show ip dhcp relay address,cisco_nxos,"[{""name"": ""interface"", ""type"": ""str""}, {""name"": ""relay_address"", ""type"": ""str""}, {""name"": ""vrf"", ""type"": ""str""}]",TextFSM template: cisco_nxos_show_ip_dhcp_relay_address.textfsm,2026-02-27T17:13:28.655888
textfsm,show ip dhcp snooping statistics,cisco_nxos,"[{""name"": ""dhcp_discover_rx"", ""type"": ""str""}, {""name"": ""dhcp_discover_tx"", ""type"": ""str""}, {""name"": ""dhcp_discover_drops"", ""type"": ""str""}, {""name"": ""dhcp_offer_rx"", ""type"": ""str""}, {""name"": ""dhcp_offer_tx"", ""type"": ""str""}, {""name"": ""dhcp_offer_drops"", ""type"": ""str""}, {""name"": ""dhcp_request_rx"", ""type"": ""str""}, {""name"": ""dhcp_request_tx"", ""type"": ""str""}, {""name"": ""dhcp_request_drops"", ""type"": ""str""}, {""name"": ""dhcp_ack_rx"", ""type"": ""str""}, {""name"": ""dhcp_ack_tx"", ""type"": ""str""}, {""name"": ""dhcp_ack_drops"", ""type"": ""str""}, {""name"": ""dhcp_release_rx"", ""type"": ""str""}, {""name"": ""dhcp_release_tx"", ""type"": ""str""}, {""name"": ""dhcp_release_drops"", ""type"": ""str""}, {""name"": ""dhcp_decline_rx"", ""type"": ""str""}, {""name"": ""dhcp_decline_tx"", ""type"": ""str""}, {""name"": ""dhcp_decline_drops"", ""type"": ""str""}, {""name"": ""dhcp_inform_rx"", ""type"": ""str""}, {""name"": ""dhcp_inform_tx"", ""type"": ""str""}, {""name"": ""dhcp_inform_drops"", ""type"": ""str""}, {""name"": ""dhcp_nack_rx"", ""type"": ""str""}, {""name"": ""dhcp_nack_tx"", ""type"": ""str""}, {""name"": ""dhcp_nack_drops"", ""type"": ""str""}, {""name"": ""dhcp_total_messages_rx"", ""type"": ""str""}, {""name"": ""dhcp_total_messages_tx"", ""type"": ""str""}, {""name"": ""dhcp_total_messages_drops"", ""type"": ""str""}, {""name"": ""dhcp_l2_forwarding_total_packets_tx"", ""type"": ""str""}, {""name"": ""dhcp_l2_forwarding_total_packets_rx"", ""type"": ""str""}, {""name"": ""dhcp_l2_forwarding_total_packets_dropped"", ""type"": ""str""}, {""name"": ""non_dhcp_total_packets_rx"", ""type"": ""str""}, {""name"": ""non_dhcp_total_packets_tx"", ""type"": ""str""}, {""name"": ""non_dhcp_total_packets_dropped"", ""type"": ""str""}, {""name"": ""dhcp_drop_received_on_untrusted_port"", ""type"": ""str""}, {""name"": ""dhcp_drop_unknown_failure"", ""type"": ""str""}, {""name"": ""dhcp_drop_source_mac_validation_failed"", ""type"": ""str""}, {""name"": ""dhcp_drop_binding_entry_validation_failed"", ""type"": ""str""}, {""name"": ""dhcp_drop_invalid_dhcp_message_type"", ""type"": ""str""}, {""name"": ""dhcp_drop_interface_error"", ""type"": ""str""}, {""name"": ""dhcp_drop_tx_over_trusted_port_failed"", ""type"": ""str""}, {""name"": ""dhcp_drop_trust_port_not_configured"", ""type"": ""str""}, {""name"": ""dhcp_drop_vlan_validation_failure"", ""type"": ""str""}, {""name"": ""dhcp_drop_insertion_of_option_82_failed"", ""type"": ""str""}, {""name"": ""dhcp_drop_packet_malformed"", ""type"": ""str""}]",TextFSM template: cisco_nxos_show_ip_dhcp_snooping_statistics.textfsm,2026-02-27T17:13:28.655888
textfsm,show ip eigrp neighbors,cisco_nxos,"[{""name"": ""as"", ""type"": ""str""}, {""name"": ""ip_address"", ""type"": ""str""}, {""name"": ""interface"", ""type"": ""str""}, {""name"": ""vrf"", ""type"": ""str""}, {""name"": ""hold"", ""type"": ""str""}, {""name"": ""uptime"", ""type"": ""str""}, {""name"": ""srtt"", ""type"": ""str""}, {""name"": ""rto"", ""type"": ""str""}, {""name"": ""q_cnt"", ""type"": ""str""}, {""name"": ""seq_num"", ""type"": ""str""}]",TextFSM template: cisco_nxos_show_ip_eigrp_neighbors.textfsm,2026-02-27T17:13:28.655888
textfsm,show ip interface,cisco_nxos,"[{""name"": ""vrf_name"", ""type"": ""str""}, {""name"": ""interface"", ""type"": ""str""}, {""name"": ""protocol_status"", ""type"": ""str""}, {""name"": ""link_status"", ""type"": ""str""}, {""name"": ""admin_status"", ""type"": ""str""}, {""name"": ""primary_ip_address"", ""type"": ""str""}, {""name"": ""primary_ip_subnet"", ""type"": ""str""}, {""name"": ""primary_broadcast_address"", ""type"": ""str""}, {""name"": ""secondary_ip_address"", ""type"": ""str""}, {""name"": ""secondary_ip_subnet"", ""type"": ""str""}, {""name"": ""secondary_route_preference"", ""type"": ""str""}, {""name"": ""secondary_route_preference_tag"", ""type"": ""str""}, {""name"": ""multicast_groups"", ""type"": ""str""}, {""name"": ""mtu"", ""type"": ""str""}, {""name"": ""route_preference"", ""type"": ""str""}, {""name"": ""route_preference_tag"", ""type"": ""str""}, {""name"": ""proxy_arp"", ""type"": ""str""}, {""name"": ""local_proxy_arp"", ""type"": ""str""}, {""name"": ""multicast_routing"", ""type"": ""str""}, {""name"": ""icmp_redirects"", ""type"": ""str""}, {""name"": ""directed_broadcast"", ""type"": ""str""}, {""name"": ""ip_forwarding"", ""type"": ""str""}, {""name"": ""icmp_unreachables"", ""type"": ""str""}, {""name"": ""icmp_port_unreachable"", ""type"": ""str""}, {""name"": ""urpf"", ""type"": ""str""}, {""name"": ""load_sharing"", ""type"": ""str""}, {""name"": ""last_reset"", ""type"": ""str""}, {""name"": ""acl_out"", ""type"": ""str""}, {""name"": ""unicast_packets_sent"", ""type"": ""str""}, {""name"": ""unicast_packets_received"", ""type"": ""str""}, {""name"": ""unicast_packets_forwarded"", ""type"": ""str""}, {""name"": ""unicast_packets_originated"", ""type"": ""str""}, {""name"": ""unicast_packets_consumed"", ""type"": ""str""}, {""name"": ""unicast_bytes_sent"", ""type"": ""str""}, {""name"": ""unicast_bytes_received"", ""type"": ""str""}, {""name"": ""unicast_bytes_forwarded"", ""type"": ""str""}, {""name"": ""unicast_bytes_originated"", ""type"": ""str""}, {""name"": ""unicast_bytes_consumed"", ""type"": ""str""}, {""name"": ""multicast_packets_sent"", ""type"": ""str""}, {""name"": ""multicast_packets_received"", ""type"": ""str""}, {""name"": ""multicast_packets_forwarded"", ""type"": ""str""}, {""name"": ""multicast_packets_originated"", ""type"": ""str""}, {""name"": ""multicast_packets_consumed"", ""type"": ""str""}, {""name"": ""multicast_bytes_sent"", ""type"": ""str""}, {""name"": ""multicast_bytes_received"", ""type"": ""str""}, {""name"": ""multicast_bytes_forwarded"", ""type"": ""str""}, {""name"": ""multicast_bytes_originated"", ""type"": ""str""}, {""name"": ""multicast_bytes_consumed"", ""type"": ""str""}, {""name"": ""broadcast_packets_sent"", ""type"": ""str""}, {""name"": ""broadcast_packets_received"", ""type"": ""str""}, {""name"": ""broadcast_packets_forwarded"", ""type"": ""str""}, {""name"": ""broadcast_packets_originated"", ""type"": ""str""}, {""name"": ""broadcast_packets_consumed"", ""type"": ""str""}, {""name"": ""broadcast_bytes_sent"", ""type"": ""str""}, {""name"": ""broadcast_bytes_received"", ""type"": ""str""}, {""name"": ""broadcast_bytes_forwarded"", ""type"": ""str""}, {""name"": ""broadcast_bytes_originated"", ""type"": ""str""}, {""name"": ""broadcast_bytes_consumed"", ""type"": ""str""}, {""name"": ""labeled_packets_sent"", ""type"": ""str""}, {""name"": ""labeled_packets_received"", ""type"": ""str""}, {""name"": ""labeled_packets_forwarded"", ""type"": ""str""}, {""name"": ""labeled_packets_originated"", ""type"": ""str""}, {""name"": ""labeled_packets_consumed"", ""type"": ""str""}, {""name"": ""labeled_bytes_sent"", ""type"": ""str""}, {""name"": ""labeled_bytes_received"", ""type"": ""str""}, {""name"": ""labeled_bytes_forwarded"", ""type"": ""str""}, {""name"": ""labeled_bytes_originated"", ""type"": ""str""}, {""name"": ""labeled_bytes_consumed"", ""type"": ""str""}, {""name"": ""wccp_redirect_outbound"", ""type"": ""str""}, {""name"": ""wccp_redirect_inbound"", ""type"": ""str""}, {""name"": ""wccp_redirect_exclude"", ""type"": ""str""}]",TextFSM template: cisco_nxos_show_ip_interface.textfsm,2026-02-27T17:13:28.655888
textfsm,show ip interface brief,cisco_nxos,"[{""name"": ""vrf"", ""type"": ""str""}, {""name"": ""interface"", ""type"": ""str""}, {""name"": ""ip_address"", ""type"": ""str""}, {""name"": ""status"", ""type"": ""str""}, {""name"": ""link"", ""type"": ""str""}, {""name"": ""proto"", ""type"": ""str""}]",TextFSM template: cisco_nxos_show_ip_interface_brief.textfsm,2026-02-27T17:13:28.655888
textfsm,show ip interface vrf all,cisco_nxos,"[{""name"": ""vrf"", ""type"": ""str""}, {""name"": ""interface"", ""type"": ""str""}, {""name"": ""ip_address"", ""type"": ""str""}, {""name"": ""status"", ""type"": ""str""}, {""name"": ""link"", ""type"": ""str""}, {""name"": ""proto"", ""type"": ""str""}, {""name"": ""subnet"", ""type"": ""str""}, {""name"": ""route_pref"", ""type"": ""str""}, {""name"": ""route_tag"", ""type"": ""str""}, {""name"": ""broadcast"", ""type"": ""str""}, {""name"": ""multicast_groups"", ""type"": ""str""}, {""name"": ""mtu"", ""type"": ""str""}, {""name"": ""proxy_arp"", ""type"": ""str""}, {""name"": ""ip_local_proxy_arp"", ""type"": ""str""}, {""name"": ""multicast_routing"", ""type"": ""str""}, {""name"": ""icmp_redirects"", ""type"": ""str""}, {""name"": ""ip_directed_broadcast"", ""type"": ""str""}, {""name"": ""ip_forwarding"", ""type"": ""str""}, {""name"": ""icmp_unreachables"", ""type"": ""str""}, {""name"": ""icmp_port_unreachables"", ""type"": ""str""}, {""name"": ""ip_unicast_rpf"", ""type"": ""str""}, {""name"": ""ip_load_sharing"", ""type"": ""str""}, {""name"": ""wccp_redirect_outbound"", ""type"": ""str""}, {""name"": ""wccp_redirect_inbound"", ""type"": ""str""}, {""name"": ""wccp_redirect_exclude"", ""type"": ""str""}, {""name"": ""secondary_ip_address"", ""type"": ""str""}, {""name"": ""secondary_ip_subnet"", ""type"": ""str""}, {""name"": ""secondary_route_pref"", ""type"": ""str""}, {""name"": ""secondary_route_tag"", ""type"": ""str""}, {""name"": ""acl_out"", ""type"": ""str""}, {""name"": ""unnumbered_parent_intf"", ""type"": ""str""}, {""name"": ""unnumbered_child_intfs"", ""type"": ""str""}]",TextFSM template: cisco_nxos_show_ip_interface_vrf_all.textfsm,2026-02-27T17:13:28.655888
textfsm,show ip mroutes vrf all,cisco_nxos,"[{""name"": ""group"", ""type"": ""str""}, {""name"": ""source"", ""type"": ""str""}, {""name"": ""vrf"", ""type"": ""str""}, {""name"": ""oif_list"", ""type"": ""str""}, {""name"": ""incoming_interface"", ""type"": ""str""}, {""name"": ""rpf_neighbor"", ""type"": ""str""}, {""name"": ""last_uptime"", ""type"": ""str""}]",TextFSM template: cisco_nxos_show_ip_mroutes_vrf_all.textfsm,2026-02-27T17:13:28.655888
textfsm,show ip msdp summary vrf all,cisco_nxos,"[{""name"": ""vrf"", ""type"": ""str""}, {""name"": ""local_asn"", ""type"": ""str""}, {""name"": ""originator_id"", ""type"": ""str""}, {""name"": ""peer_address"", ""type"": ""str""}, {""name"": ""peer_asn"", ""type"": ""str""}, {""name"": ""connection_state"", ""type"": ""str""}, {""name"": ""uptime_downtime"", ""type"": ""str""}, {""name"": ""last_msg_received"", ""type"": ""str""}, {""name"": ""s_g_received"", ""type"": ""str""}]",TextFSM template: cisco_nxos_show_ip_msdp_summary_vrf_all.textfsm,2026-02-27T17:13:28.655888
textfsm,show ip ospf database,cisco_nxos,"[{""name"": ""router_id"", ""type"": ""str""}, {""name"": ""process_id"", ""type"": ""str""}, {""name"": ""area"", ""type"": ""str""}, {""name"": ""link_id"", ""type"": ""str""}, {""name"": ""adv_router"", ""type"": ""str""}, {""name"": ""age"", ""type"": ""str""}, {""name"": ""link_count"", ""type"": ""str""}, {""name"": ""tag"", ""type"": ""str""}]",TextFSM template: cisco_nxos_show_ip_ospf_database.textfsm,2026-02-27T17:13:28.655888
textfsm,show ip ospf interface brief,cisco_nxos,"[{""name"": ""process"", ""type"": ""str""}, {""name"": ""vrf"", ""type"": ""str""}, {""name"": ""interface_count"", ""type"": ""str""}, {""name"": ""interface"", ""type"": ""str""}, {""name"": ""area"", ""type"": ""str""}, {""name"": ""cost"", ""type"": ""str""}, {""name"": ""state"", ""type"": ""str""}, {""name"": ""neighbors_fc"", ""type"": ""str""}, {""name"": ""status"", ""type"": ""str""}]",TextFSM template: cisco_nxos_show_ip_ospf_interface_brief.textfsm,2026-02-27T17:13:28.655888
textfsm,show ip ospf neighbor,cisco_nxos,"[{""name"": ""ospf_pid"", ""type"": ""str""}, {""name"": ""vrf"", ""type"": ""str""}, {""name"": ""neighbor_id"", ""type"": ""str""}, {""name"": ""state"", ""type"": ""str""}, {""name"": ""uptime"", ""type"": ""str""}, {""name"": ""ip_address"", ""type"": ""str""}, {""name"": ""interface"", ""type"": ""str""}]",TextFSM template: cisco_nxos_show_ip_ospf_neighbor.textfsm,2026-02-27T17:13:28.655888
textfsm,show ip pim group-range vrf all,cisco_nxos,"[{""name"": ""vrf"", ""type"": ""str""}, {""name"": ""group_range"", ""type"": ""str""}, {""name"": ""action"", ""type"": ""str""}, {""name"": ""mode"", ""type"": ""str""}, {""name"": ""rp_address"", ""type"": ""str""}, {""name"": ""shared_tree_range"", ""type"": ""str""}, {""name"": ""origin"", ""type"": ""str""}]",TextFSM template: cisco_nxos_show_ip_pim_group-range_vrf_all.textfsm,2026-02-27T17:13:28.655888
textfsm,show ip pim interface brief vrf all,cisco_nxos,"[{""name"": ""vrf"", ""type"": ""str""}, {""name"": ""interface"", ""type"": ""str""}, {""name"": ""ip_address"", ""type"": ""str""}, {""name"": ""pim_dr_address"", ""type"": ""str""}, {""name"": ""neighbor_count"", ""type"": ""str""}, {""name"": ""border_interface"", ""type"": ""str""}]",TextFSM template: cisco_nxos_show_ip_pim_interface_brief_vrf_all.textfsm,2026-02-27T17:13:28.655888
textfsm,show ip pim neighbor vrf all,cisco_nxos,"[{""name"": ""vrf"", ""type"": ""str""}, {""name"": ""neighbor"", ""type"": ""str""}, {""name"": ""interface"", ""type"": ""str""}, {""name"": ""uptime"", ""type"": ""str""}, {""name"": ""expires"", ""type"": ""str""}, {""name"": ""dr_priority"", ""type"": ""str""}, {""name"": ""bidir_capable"", ""type"": ""str""}, {""name"": ""bfd_state"", ""type"": ""str""}, {""name"": ""ecmp_redirect_capable"", ""type"": ""str""}]",TextFSM template: cisco_nxos_show_ip_pim_neighbor_vrf_all.textfsm,2026-02-27T17:13:28.655888
textfsm,show ip pim rp vrf all,cisco_nxos,"[{""name"": ""vrf"", ""type"": ""str""}, {""name"": ""bsr"", ""type"": ""str""}, {""name"": ""auto_rp"", ""type"": ""str""}, {""name"": ""bsr_candidate_policy"", ""type"": ""str""}, {""name"": ""bsr_policy"", ""type"": ""str""}, {""name"": ""auto_rp_announce_policy"", ""type"": ""str""}, {""name"": ""auto_rp_discovery_policy"", ""type"": ""str""}]",TextFSM template: cisco_nxos_show_ip_pim_rp_vrf_all.textfsm,2026-02-27T17:13:28.655888
textfsm,show ip route,cisco_nxos,"[{""name"": ""vrf"", ""type"": ""str""}, {""name"": ""protocol"", ""type"": ""str""}, {""name"": ""type"", ""type"": ""str""}, {""name"": ""network"", ""type"": ""str""}, {""name"": ""prefix_length"", ""type"": ""str""}, {""name"": ""distance"", ""type"": ""str""}, {""name"": ""metric"", ""type"": ""str""}, {""name"": ""nexthop_ip"", ""type"": ""str""}, {""name"": ""nexthop_if"", ""type"": ""str""}, {""name"": ""uptime"", ""type"": ""str""}, {""name"": ""nexthop_vrf"", ""type"": ""str""}, {""name"": ""tag"", ""type"": ""str""}, {""name"": ""segid"", ""type"": ""str""}, {""name"": ""tunnelid"", ""type"": ""str""}, {""name"": ""encap"", ""type"": ""str""}]",TextFSM template: cisco_nxos_show_ip_route.textfsm,2026-02-27T17:13:28.655888
textfsm,show ipv6 interface brief,cisco_nxos,"[{""name"": ""interface"", ""type"": ""str""}, {""name"": ""ipv6_address"", ""type"": ""str""}, {""name"": ""linkipaddr"", ""type"": ""str""}, {""name"": ""status"", ""type"": ""str""}, {""name"": ""proto"", ""type"": ""str""}]",TextFSM template: cisco_nxos_show_ipv6_interface_brief.textfsm,2026-02-27T17:13:28.655888
textfsm,show l2rib internal permanently-frozen-list,cisco_nxos,"[{""name"": ""topology"", ""type"": ""str""}, {""name"": ""mac_address"", ""type"": ""str""}, {""name"": ""frozen_time"", ""type"": ""str""}]",TextFSM template: cisco_nxos_show_l2rib_internal_permanently-frozen-list.textfsm,2026-02-27T17:13:28.655888
textfsm,show license usage,cisco_nxos,"[{""name"": ""feature"", ""type"": ""str""}, {""name"": ""installed"", ""type"": ""str""}, {""name"": ""license_count"", ""type"": ""str""}, {""name"": ""status"", ""type"": ""str""}, {""name"": ""expiry_date"", ""type"": ""str""}, {""name"": ""comments"", ""type"": ""str""}]",TextFSM template: cisco_nxos_show_license_usage.textfsm,2026-02-27T17:13:28.655888
textfsm,show lldp neighbors,cisco_nxos,"[{""name"": ""neighbor_name"", ""type"": ""str""}, {""name"": ""local_interface"", ""type"": ""str""}, {""name"": ""neighbor_interface"", ""type"": ""str""}, {""name"": ""capabilities"", ""type"": ""str""}]",TextFSM template: cisco_nxos_show_lldp_neighbors.textfsm,2026-02-27T17:13:28.655888
textfsm,show lldp neighbors detail,cisco_nxos,"[{""name"": ""neighbor_name"", ""type"": ""str""}, {""name"": ""local_interface"", ""type"": ""str""}, {""name"": ""neighbor_interface"", ""type"": ""str""}, {""name"": ""chassis_id"", ""type"": ""str""}, {""name"": ""mgmt_address"", ""type"": ""str""}, {""name"": ""neighbor_description"", ""type"": ""str""}, {""name"": ""capabilities"", ""type"": ""str""}, {""name"": ""vlan_id"", ""type"": ""str""}]",TextFSM template: cisco_nxos_show_lldp_neighbors_detail.textfsm,2026-02-27T17:13:28.655888
textfsm,show mac address-table,cisco_nxos,"[{""name"": ""vlan_id"", ""type"": ""str""}, {""name"": ""mac_address"", ""type"": ""str""}, {""name"": ""type"", ""type"": ""str""}, {""name"": ""age"", ""type"": ""str""}, {""name"": ""secure"", ""type"": ""str""}, {""name"": ""ntfy"", ""type"": ""str""}, {""name"": ""ports"", ""type"": ""str""}]",TextFSM template: cisco_nxos_show_mac_address-table.textfsm,2026-02-27T17:13:28.655888
textfsm,show module,cisco_nxos,"[{""name"": ""module"", ""type"": ""str""}, {""name"": ""ports"", ""type"": ""str""}, {""name"": ""type"", ""type"": ""str""}, {""name"": ""model"", ""type"": ""str""}, {""name"": ""status"", ""type"": ""str""}]",TextFSM template: cisco_nxos_show_module.textfsm,2026-02-27T17:13:28.655888
textfsm,show nve peers,cisco_nxos,"[{""name"": ""interface"", ""type"": ""str""}, {""name"": ""peer"", ""type"": ""str""}, {""name"": ""state"", ""type"": ""str""}, {""name"": ""type"", ""type"": ""str""}, {""name"": ""mac_address"", ""type"": ""str""}]",TextFSM template: cisco_nxos_show_nve_peers.textfsm,2026-02-27T17:13:28.655888
textfsm,show nve vni,cisco_nxos,"[{""name"": ""interface"", ""type"": ""str""}, {""name"": ""vni"", ""type"": ""str""}, {""name"": ""mcast_group"", ""type"": ""str""}, {""name"": ""state"", ""type"": ""str""}, {""name"": ""mode"", ""type"": ""str""}, {""name"": ""type"", ""type"": ""str""}, {""name"": ""bd_vrf"", ""type"": ""str""}]",TextFSM template: cisco_nxos_show_nve_vni.textfsm,2026-02-27T17:13:28.655888
textfsm,show nve vni interface nve 1 detail,cisco_nxos,"[{""name"": ""vni"", ""type"": ""str""}, {""name"": ""nve_interface"", ""type"": ""str""}, {""name"": ""multicast_address"", ""type"": ""str""}, {""name"": ""vni_state"", ""type"": ""str""}, {""name"": ""mode"", ""type"": ""str""}, {""name"": ""vni_type"", ""type"": ""str""}, {""name"": ""vni_flags"", ""type"": ""str""}, {""name"": ""dci_multicast_address"", ""type"": ""str""}, {""name"": ""provision_state"", ""type"": ""str""}, {""name"": ""vlan_bd"", ""type"": ""str""}, {""name"": ""svi_state"", ""type"": ""str""}]",TextFSM template: cisco_nxos_show_nve_vni_interface_nve_1_detail.textfsm,2026-02-27T17:13:28.655888
textfsm,show port-channel summary,cisco_nxos,"[{""name"": ""required"", ""type"": ""str""}, {""name"": ""bundle_status"", ""type"": ""str""}, {""name"": ""bundle_protocol"", ""type"": ""str""}, {""name"": ""bundle_protocol_state"", ""type"": ""str""}, {""name"": ""member_interface"", ""type"": ""str""}, {""name"": ""member_interface_status"", ""type"": ""str""}]",TextFSM template: cisco_nxos_show_port-channel_summary.textfsm,2026-02-27T17:13:28.655888
textfsm,show processes cpu,cisco_nxos,"[{""name"": ""cpu_5_sec"", ""type"": ""str""}, {""name"": ""cpu_1_min"", ""type"": ""str""}, {""name"": ""cpu_5_min"", ""type"": ""str""}, {""name"": ""interrupts"", ""type"": ""str""}]",TextFSM template: cisco_nxos_show_processes_cpu.textfsm,2026-02-27T17:13:28.655888
textfsm,show route-map,cisco_nxos,"[{""name"": ""name"", ""type"": ""str""}, {""name"": ""action"", ""type"": ""str""}, {""name"": ""seq"", ""type"": ""str""}, {""name"": ""match_clauses"", ""type"": ""str""}, {""name"": ""set_clauses"", ""type"": ""str""}]",TextFSM template: cisco_nxos_show_route-map.textfsm,2026-02-27T17:13:28.655888
textfsm,show spanning-tree root,cisco_nxos,"[{""name"": ""vlan_id"", ""type"": ""str""}, {""name"": ""priority"", ""type"": ""str""}, {""name"": ""root_id"", ""type"": ""str""}, {""name"": ""root_cost"", ""type"": ""str""}, {""name"": ""hello_time"", ""type"": ""str""}, {""name"": ""max_age"", ""type"": ""str""}, {""name"": ""fwd_dly"", ""type"": ""str""}, {""name"": ""root_port"", ""type"": ""str""}]",TextFSM template: cisco_nxos_show_spanning-tree_root.textfsm,2026-02-27T17:13:28.655888
textfsm,show switching-mode,cisco_nxos,"[{""name"": ""configured_switching_mode"", ""type"": ""str""}, {""name"": ""module_number"", ""type"": ""str""}, {""name"": ""operational_mode"", ""type"": ""str""}]",TextFSM template: cisco_nxos_show_switching-mode.textfsm,2026-02-27T17:13:28.655888
textfsm,show vdc,cisco_nxos,"[{""name"": ""vdc_id"", ""type"": ""str""}, {""name"": ""vdc_name"", ""type"": ""str""}, {""name"": ""state"", ""type"": ""str""}, {""name"": ""mac_address"", ""type"": ""str""}, {""name"": ""type"", ""type"": ""str""}, {""name"": ""lc"", ""type"": ""str""}]",TextFSM template: cisco_nxos_show_vdc.textfsm,2026-02-27T17:13:28.655888
textfsm,show version,cisco_nxos,"[{""name"": ""uptime"", ""type"": ""str""}, {""name"": ""last_reboot_reason"", ""type"": ""str""}, {""name"": ""bios"", ""type"": ""str""}, {""name"": ""os"", ""type"": ""str""}, {""name"": ""boot_image"", ""type"": ""str""}, {""name"": ""platform"", ""type"": ""str""}, {""name"": ""hostname"", ""type"": ""str""}, {""name"": ""serial"", ""type"": ""str""}]",TextFSM template: cisco_nxos_show_version.textfsm,2026-02-27T17:13:28.655888
textfsm,show vlan,cisco_nxos,"[{""name"": ""vlan_id"", ""type"": ""str""}, {""name"": ""vlan_name"", ""type"": ""str""}, {""name"": ""status"", ""type"": ""str""}, {""name"": ""interfaces"", ""type"": ""str""}]",TextFSM template: cisco_nxos_show_vlan.textfsm,2026-02-27T17:13:28.655888
textfsm,show vpc,cisco_nxos,"[{""name"": ""id"", ""type"": ""str""}, {""name"": ""port"", ""type"": ""str""}, {""name"": ""status"", ""type"": ""str""}]",TextFSM template: cisco_nxos_show_vpc.textfsm,2026-02-27T17:13:28.655888
textfsm,show vrf,cisco_nxos,"[{""name"": ""name"", ""type"": ""str""}, {""name"": ""id"", ""type"": ""str""}, {""name"": ""state"", ""type"": ""str""}, {""name"": ""reason"", ""type"": ""str""}]",TextFSM template: cisco_nxos_show_vrf.textfsm,2026-02-27T17:13:28.655888
textfsm,show vrf detail,cisco_nxos,"[{""name"": ""name"", ""type"": ""str""}, {""name"": ""id"", ""type"": ""str""}, {""name"": ""vpn_id"", ""type"": ""str""}, {""name"": ""state"", ""type"": ""str""}, {""name"": ""default_rd"", ""type"": ""str""}, {""name"": ""max_routes"", ""type"": ""str""}, {""name"": ""mid_threshold"", ""type"": ""str""}, {""name"": ""table_id"", ""type"": ""str""}, {""name"": ""address_family"", ""type"": ""str""}, {""name"": ""fwd_id"", ""type"": ""str""}, {""name"": ""table_status"", ""type"": ""str""}]",TextFSM template: cisco_nxos_show_vrf_detail.textfsm,2026-02-27T17:13:28.655888
textfsm,show vrf interface,cisco_nxos,"[{""name"": ""interface"", ""type"": ""str""}, {""name"": ""name"", ""type"": ""str""}, {""name"": ""id"", ""type"": ""str""}, {""name"": ""origin"", ""type"": ""str""}]",TextFSM template: cisco_nxos_show_vrf_interface.textfsm,2026-02-27T17:13:28.655888
textfsm,show interfaces description,cisco_s300,"[{""name"": ""interface"", ""type"": ""str""}, {""name"": ""description"", ""type"": ""str""}]",TextFSM template: cisco_s300_show_interfaces_description.textfsm,2026-02-27T17:13:28.655888
textfsm,show interfaces status,cisco_s300,"[{""name"": ""port"", ""type"": ""str""}, {""name"": ""type"", ""type"": ""str""}, {""name"": ""duplex"", ""type"": ""str""}, {""name"": ""speed"", ""type"": ""str""}, {""name"": ""neg"", ""type"": ""str""}, {""name"": ""flowctrl"", ""type"": ""str""}, {""name"": ""linkstate"", ""type"": ""str""}, {""name"": ""backpressure"", ""type"": ""str""}, {""name"": ""mdixmode"", ""type"": ""str""}]",TextFSM template: cisco_s300_show_interfaces_status.textfsm,2026-02-27T17:13:28.655888
textfsm,show interfaces switchport,cisco_s300,"[{""name"": ""interface"", ""type"": ""str""}, {""name"": ""interface_mode"", ""type"": ""str""}, {""name"": ""gvrp_status"", ""type"": ""str""}, {""name"": ""ingress_filtering_status"", ""type"": ""str""}, {""name"": ""acceptable_frame_type"", ""type"": ""str""}, {""name"": ""native_vlan"", ""type"": ""str""}, {""name"": ""vlan_id"", ""type"": ""str""}, {""name"": ""vlan_name"", ""type"": ""str""}, {""name"": ""egress_rule"", ""type"": ""str""}, {""name"": ""interface_membership_type"", ""type"": ""str""}, {""name"": ""forbidden_vlan"", ""type"": ""str""}, {""name"": ""forbidden_vlan_name"", ""type"": ""str""}]",TextFSM template: cisco_s300_show_interfaces_switchport.textfsm,2026-02-27T17:13:28.655888
textfsm,show ip interface,cisco_s300,"[{""name"": ""ip"", ""type"": ""str""}, {""name"": ""interface"", ""type"": ""str""}, {""name"": ""interface_status_admin_oper"", ""type"": ""str""}, {""name"": ""type"", ""type"": ""str""}, {""name"": ""status"", ""type"": ""str""}]",TextFSM template: cisco_s300_show_ip_interface.textfsm,2026-02-27T17:13:28.655888
textfsm,show lldp neighbors,cisco_s300,"[{""name"": ""neighbor_name"", ""type"": ""str""}, {""name"": ""local_interface"", ""type"": ""str""}, {""name"": ""neighbor_interface"", ""type"": ""str""}, {""name"": ""chassis_id"", ""type"": ""str""}]",TextFSM template: cisco_s300_show_lldp_neighbors.textfsm,2026-02-27T17:13:28.655888
textfsm,show mac address-table,cisco_s300,"[{""name"": ""destination_address"", ""type"": ""str""}, {""name"": ""type"", ""type"": ""str""}, {""name"": ""vlan_id"", ""type"": ""str""}, {""name"": ""destination_port"", ""type"": ""str""}]",TextFSM template: cisco_s300_show_mac_address-table.textfsm,2026-02-27T17:13:28.655888
textfsm,show system,cisco_s300,"[{""name"": ""description"", ""type"": ""str""}, {""name"": ""up_time"", ""type"": ""str""}, {""name"": ""contact"", ""type"": ""str""}, {""name"": ""hostname"", ""type"": ""str""}, {""name"": ""location"", ""type"": ""str""}, {""name"": ""mac_address"", ""type"": ""str""}, {""name"": ""oid"", ""type"": ""str""}, {""name"": ""fans_status"", ""type"": ""str""}]",TextFSM template: cisco_s300_show_system.textfsm,2026-02-27T17:13:28.655888
textfsm,show system id,cisco_s300,"[{""name"": ""serial_number"", ""type"": ""str""}]",TextFSM template: cisco_s300_show_system_id.textfsm,2026-02-27T17:13:28.655888
textfsm,show version,cisco_s300,"[{""name"": ""sw_version"", ""type"": ""str""}, {""name"": ""boot_version"", ""type"": ""str""}, {""name"": ""hw_version"", ""type"": ""str""}]",TextFSM template: cisco_s300_show_version.textfsm,2026-02-27T17:13:28.655888
textfsm,show vlan,cisco_s300,"[{""name"": ""vlan_id"", ""type"": ""str""}, {""name"": ""vlan_name"", ""type"": ""str""}, {""name"": ""interfaces"", ""type"": ""str""}, {""name"": ""type"", ""type"": ""str""}, {""name"": ""authorization"", ""type"": ""str""}, {""name"": ""created_by"", ""type"": ""str""}]",TextFSM template: cisco_s300_show_vlan.textfsm,2026-02-27T17:13:28.655888
textfsm,show arp,cisco_viptela,"[{""name"": ""vpn"", ""type"": ""str""}, {""name"": ""name"", ""type"": ""str""}, {""name"": ""ip_address"", ""type"": ""str""}, {""name"": ""mac_address"", ""type"": ""str""}, {""name"": ""state"", ""type"": ""str""}, {""name"": ""idle_timer"", ""type"": ""str""}, {""name"": ""uptime"", ""type"": ""str""}]",TextFSM template: cisco_viptela_show_arp.textfsm,2026-02-27T17:13:28.655888
textfsm,show interface,cisco_viptela,"[{""name"": ""vpn"", ""type"": ""str""}, {""name"": ""interface"", ""type"": ""str""}, {""name"": ""af_type"", ""type"": ""str""}, {""name"": ""ip_address"", ""type"": ""str""}, {""name"": ""admin_status"", ""type"": ""str""}, {""name"": ""oper_status"", ""type"": ""str""}, {""name"": ""tracker_status"", ""type"": ""str""}, {""name"": ""encap_type"", ""type"": ""str""}, {""name"": ""port_type"", ""type"": ""str""}, {""name"": ""mtu"", ""type"": ""str""}, {""name"": ""mac_address"", ""type"": ""str""}, {""name"": ""speed"", ""type"": ""str""}, {""name"": ""duplex"", ""type"": ""str""}, {""name"": ""mss_adjust"", ""type"": ""str""}, {""name"": ""uptime"", ""type"": ""str""}, {""name"": ""rx_packets"", ""type"": ""str""}, {""name"": ""tx_packets"", ""type"": ""str""}]",TextFSM template: cisco_viptela_show_interface.textfsm,2026-02-27T17:13:28.655888
textfsm,ssh show 802.11a,cisco_wlc,"[{""name"": ""status"", ""type"": ""str""}, {""name"": ""specs"", ""type"": ""str""}, {""name"": ""specs_value"", ""type"": ""str""}, {""name"": ""data_rate"", ""type"": ""str""}, {""name"": ""data_rate_value"", ""type"": ""str""}, {""name"": ""mcs_rate"", ""type"": ""str""}, {""name"": ""mcs_rate_value"", ""type"": ""str""}, {""name"": ""ss_mcs_rate"", ""type"": ""str""}, {""name"": ""ss_mcs_rate_value"", ""type"": ""str""}, {""name"": ""beacon_interval"", ""type"": ""str""}, {""name"": ""rssi_low_check"", ""type"": ""str""}, {""name"": ""rssi_thres"", ""type"": ""str""}, {""name"": ""edca"", ""type"": ""str""}, {""name"": ""voice_amc"", ""type"": ""str""}, {""name"": ""voice_cac_method"", ""type"": ""str""}, {""name"": ""voice_max_bandwidth"", ""type"": ""str""}, {""name"": ""voice_roaming_bandwidth"", ""type"": ""str""}, {""name"": ""video_amc"", ""type"": ""str""}, {""name"": ""video_cac_method"", ""type"": ""str""}, {""name"": ""video_max_bandwidth"", ""type"": ""str""}, {""name"": ""video_roaming_bandwidth"", ""type"": ""str""}, {""name"": ""max_client"", ""type"": ""str""}]",TextFSM template: cisco_wlc_ssh_show_802.11a.textfsm,2026-02-27T17:13:28.655888
textfsm,ssh show 802.11a cleanair config,cisco_wlc,"[{""name"": ""cleanair"", ""type"": ""str""}, {""name"": ""air_quality_report"", ""type"": ""str""}, {""name"": ""air_quality_period"", ""type"": ""str""}, {""name"": ""air_quality_alarm"", ""type"": ""str""}, {""name"": ""aq_alarm_thresh"", ""type"": ""str""}, {""name"": ""aq_unclassified_inter"", ""type"": ""str""}, {""name"": ""aq_unclassified_thresh"", ""type"": ""str""}, {""name"": ""interfere_device_report"", ""type"": ""str""}, {""name"": ""bluetooth_link"", ""type"": ""str""}, {""name"": ""microwave"", ""type"": ""str""}, {""name"": ""dot11_fh"", ""type"": ""str""}, {""name"": ""bluetooth_discovery"", ""type"": ""str""}, {""name"": ""tdd_transmit"", ""type"": ""str""}, {""name"": ""jammer"", ""type"": ""str""}, {""name"": ""continuous_transmit"", ""type"": ""str""}, {""name"": ""dect_like_phone"", ""type"": ""str""}, {""name"": ""video_camera"", ""type"": ""str""}, {""name"": ""dot15_4"", ""type"": ""str""}, {""name"": ""wifi_inverted"", ""type"": ""str""}, {""name"": ""wifi_invalid_channel"", ""type"": ""str""}, {""name"": ""superag"", ""type"": ""str""}, {""name"": ""canopy"", ""type"": ""str""}, {""name"": ""microsoft_device"", ""type"": ""str""}, {""name"": ""wimax_mobile"", ""type"": ""str""}, {""name"": ""wimax_fixed"", ""type"": ""str""}, {""name"": ""ble_beacon"", ""type"": ""str""}, {""name"": ""int_device_alarm"", ""type"": ""str""}, {""name"": ""bluetooth_link_alarm"", ""type"": ""str""}, {""name"": ""microwave_alarm"", ""type"": ""str""}, {""name"": ""dot11_fh_alarm"", ""type"": ""str""}, {""name"": ""bluetooth_discovery_alarm"", ""type"": ""str""}, {""name"": ""tdd_transmit_alarm"", ""type"": ""str""}, {""name"": ""jammer_alarm"", ""type"": ""str""}, {""name"": ""continuous_transmit_alarm"", ""type"": ""str""}, {""name"": ""dect_like_phone_alarm"", ""type"": ""str""}, {""name"": ""video_camera_alarm"", ""type"": ""str""}, {""name"": ""dot15_4_alarm"", ""type"": ""str""}, {""name"": ""wifi_inverted_alarm"", ""type"": ""str""}, {""name"": ""wifi_invalid_channel_alarm"", ""type"": ""str""}, {""name"": ""superag_alarm"", ""type"": ""str""}, {""name"": ""canopy_alarm"", ""type"": ""str""}, {""name"": ""microsoft_device_alarm"", ""type"": ""str""}, {""name"": ""wimax_mobile_alarm"", ""type"": ""str""}, {""name"": ""wimax_fixed_alarm"", ""type"": ""str""}, {""name"": ""ble_beacon_alarm"", ""type"": ""str""}, {""name"": ""ed_rrm_state"", ""type"": ""str""}, {""name"": ""ed_rrm_sensitivity"", ""type"": ""str""}, {""name"": ""ed_rrm_thresh"", ""type"": ""str""}, {""name"": ""rogue_contribution"", ""type"": ""str""}, {""name"": ""rogue_duty_cycle_thresh"", ""type"": ""str""}, {""name"": ""persistant_device_state"", ""type"": ""str""}, {""name"": ""persistant_device_propagation"", ""type"": ""str""}]",TextFSM template: cisco_wlc_ssh_show_802.11a_cleanair_config.textfsm,2026-02-27T17:13:28.655888
textfsm,ssh show advanced 802.11a channel,cisco_wlc,"[{""name"": ""assign_mode"", ""type"": ""str""}, {""name"": ""update_time"", ""type"": ""str""}, {""name"": ""anchor_time"", ""type"": ""str""}, {""name"": ""noise"", ""type"": ""str""}, {""name"": ""interfer"", ""type"": ""str""}, {""name"": ""load"", ""type"": ""str""}, {""name"": ""device_aware"", ""type"": ""str""}, {""name"": ""cleanair_driven"", ""type"": ""str""}, {""name"": ""leader"", ""type"": ""str""}, {""name"": ""dca_sensitivity"", ""type"": ""str""}, {""name"": ""dca_width"", ""type"": ""str""}, {""name"": ""dca_min"", ""type"": ""str""}, {""name"": ""dca_channels"", ""type"": ""str""}, {""name"": ""unused_dca_channels"", ""type"": ""str""}]",TextFSM template: cisco_wlc_ssh_show_advanced_802.11a_channel.textfsm,2026-02-27T17:13:28.655888
textfsm,ssh show ap config general,cisco_wlc,"[{""name"": ""identifier"", ""type"": ""str""}, {""name"": ""name"", ""type"": ""str""}, {""name"": ""country_code"", ""type"": ""str""}, {""name"": ""country"", ""type"": ""str""}, {""name"": ""mac_address"", ""type"": ""str""}, {""name"": ""ip_address"", ""type"": ""str""}, {""name"": ""netmask"", ""type"": ""str""}, {""name"": ""gateway"", ""type"": ""str""}, {""name"": ""ap_group"", ""type"": ""str""}, {""name"": ""primary_switch_name"", ""type"": ""str""}, {""name"": ""primary_switch_ip"", ""type"": ""str""}, {""name"": ""secondary_switch_name"", ""type"": ""str""}, {""name"": ""secondary_switch_ip"", ""type"": ""str""}, {""name"": ""tertiary_switch_name"", ""type"": ""str""}, {""name"": ""tertiary_switch_ip"", ""type"": ""str""}, {""name"": ""administrative_state"", ""type"": ""str""}, {""name"": ""operation_state"", ""type"": ""str""}, {""name"": ""mode"", ""type"": ""str""}, {""name"": ""model"", ""type"": ""str""}, {""name"": ""image"", ""type"": ""str""}, {""name"": ""version"", ""type"": ""str""}, {""name"": ""serial_number"", ""type"": ""str""}, {""name"": ""flexconnect_vlan_mode"", ""type"": ""str""}, {""name"": ""uptime"", ""type"": ""str""}, {""name"": ""lwapp_uptime"", ""type"": ""str""}, {""name"": ""join_date_time"", ""type"": ""str""}, {""name"": ""join_taken_time"", ""type"": ""str""}]",TextFSM template: cisco_wlc_ssh_show_ap_config_general.textfsm,2026-02-27T17:13:28.655888
textfsm,ssh show ap image all,cisco_wlc,"[{""name"": ""ap_name"", ""type"": ""str""}, {""name"": ""primary_image"", ""type"": ""str""}, {""name"": ""backup_image"", ""type"": ""str""}, {""name"": ""predownload_status"", ""type"": ""str""}, {""name"": ""predownload_version"", ""type"": ""str""}, {""name"": ""next_retry_time"", ""type"": ""str""}, {""name"": ""retry_count"", ""type"": ""str""}]",TextFSM template: cisco_wlc_ssh_show_ap_image_all.textfsm,2026-02-27T17:13:28.655888
textfsm,ssh show ap summary,cisco_wlc,"[{""name"": ""ap_name"", ""type"": ""str""}, {""name"": ""slot"", ""type"": ""str""}, {""name"": ""ap_model"", ""type"": ""str""}, {""name"": ""mac_address"", ""type"": ""str""}, {""name"": ""radio_mac"", ""type"": ""str""}, {""name"": ""location"", ""type"": ""str""}, {""name"": ""port"", ""type"": ""str""}, {""name"": ""country"", ""type"": ""str""}, {""name"": ""ip_address"", ""type"": ""str""}, {""name"": ""clients"", ""type"": ""str""}, {""name"": ""dse_location"", ""type"": ""str""}, {""name"": ""priority"", ""type"": ""str""}, {""name"": ""state"", ""type"": ""str""}]",TextFSM template: cisco_wlc_ssh_show_ap_summary.textfsm,2026-02-27T17:13:28.655888
textfsm,ssh show band-select,cisco_wlc,"[{""name"": ""band_select_probe_response"", ""type"": ""str""}, {""name"": ""band_select_cycle_count"", ""type"": ""str""}, {""name"": ""band_select_cycle_thresh"", ""type"": ""str""}, {""name"": ""band_select_age_suppress"", ""type"": ""str""}, {""name"": ""band_select_age_dual_band"", ""type"": ""str""}, {""name"": ""band_select_client_rssi"", ""type"": ""str""}, {""name"": ""band_select_client_mid_rssi"", ""type"": ""str""}]",TextFSM template: cisco_wlc_ssh_show_band-select.textfsm,2026-02-27T17:13:28.655888
textfsm,ssh show boot,cisco_wlc,"[{""name"": ""image_type"", ""type"": ""str""}, {""name"": ""image_version"", ""type"": ""str""}, {""name"": ""image_status"", ""type"": ""str""}]",TextFSM template: cisco_wlc_ssh_show_boot.textfsm,2026-02-27T17:13:28.655888
textfsm,ssh show cdp neighbors detail,cisco_wlc,"[{""name"": ""chassis_id"", ""type"": ""str""}, {""name"": ""mgmt_address"", ""type"": ""str""}, {""name"": ""platform"", ""type"": ""str""}, {""name"": ""neighbor_interface"", ""type"": ""str""}, {""name"": ""local_interface"", ""type"": ""str""}, {""name"": ""neighbor_description"", ""type"": ""str""}, {""name"": ""capabilities"", ""type"": ""str""}]",TextFSM template: cisco_wlc_ssh_show_cdp_neighbors_detail.textfsm,2026-02-27T17:13:28.655888
textfsm,ssh show client detail,cisco_wlc,"[{""name"": ""client_username"", ""type"": ""str""}, {""name"": ""ap_name"", ""type"": ""str""}, {""name"": ""client_state"", ""type"": ""str""}, {""name"": ""wireless_lan_network_name"", ""type"": ""str""}, {""name"": ""wireless_lan_profile_name"", ""type"": ""str""}, {""name"": ""connected_for"", ""type"": ""str""}, {""name"": ""connected_for_measurement"", ""type"": ""str""}, {""name"": ""ip_address"", ""type"": ""str""}, {""name"": ""interface"", ""type"": ""str""}, {""name"": ""radio_signal_strength_indicator"", ""type"": ""str""}, {""name"": ""signal_to_noise_ratio"", ""type"": ""str""}, {""name"": ""vlan_id"", ""type"": ""str""}]",TextFSM template: cisco_wlc_ssh_show_client_detail.textfsm,2026-02-27T17:13:28.655888
textfsm,ssh show exclusionlist,cisco_wlc,"[{""name"": ""mac_address"", ""type"": ""str""}, {""name"": ""comment"", ""type"": ""str""}]",TextFSM template: cisco_wlc_ssh_show_exclusionlist.textfsm,2026-02-27T17:13:28.655888
textfsm,ssh show flexconnect group summary,cisco_wlc,"[{""name"": ""flexconnect_group_count"", ""type"": ""str""}, {""name"": ""flexconnect_group_name"", ""type"": ""str""}, {""name"": ""ap_count"", ""type"": ""str""}]",TextFSM template: cisco_wlc_ssh_show_flexconnect_group_summary.textfsm,2026-02-27T17:13:28.655888
textfsm,ssh show interface detailed id,cisco_wlc,"[{""name"": ""interface_name"", ""type"": ""str""}, {""name"": ""mac_address"", ""type"": ""str""}, {""name"": ""ip_address"", ""type"": ""str""}, {""name"": ""netmask"", ""type"": ""str""}, {""name"": ""gateway"", ""type"": ""str""}, {""name"": ""primary_dhcp_server"", ""type"": ""str""}, {""name"": ""secondary_dhcp_server"", ""type"": ""str""}]",TextFSM template: cisco_wlc_ssh_show_interface_detailed_id.textfsm,2026-02-27T17:13:28.655888
textfsm,ssh show interface group summary,cisco_wlc,"[{""name"": ""interface_group_name"", ""type"": ""str""}, {""name"": ""total_interfaces"", ""type"": ""str""}, {""name"": ""total_wlans"", ""type"": ""str""}, {""name"": ""total_ap_groups"", ""type"": ""str""}]",TextFSM template: cisco_wlc_ssh_show_interface_group_summary.textfsm,2026-02-27T17:13:28.655888
textfsm,ssh show interface summary,cisco_wlc,"[{""name"": ""int_count"", ""type"": ""str""}, {""name"": ""name"", ""type"": ""str""}, {""name"": ""port"", ""type"": ""str""}, {""name"": ""vlan_id"", ""type"": ""str""}, {""name"": ""ip_address"", ""type"": ""str""}, {""name"": ""type"", ""type"": ""str""}, {""name"": ""ap_mgr"", ""type"": ""str""}, {""name"": ""guest"", ""type"": ""str""}]",TextFSM template: cisco_wlc_ssh_show_interface_summary.textfsm,2026-02-27T17:13:28.655888
textfsm,ssh show inventory,cisco_wlc,"[{""name"": ""bia"", ""type"": ""str""}, {""name"": ""max_ap_num"", ""type"": ""str""}, {""name"": ""name"", ""type"": ""str""}, {""name"": ""description"", ""type"": ""str""}, {""name"": ""pid"", ""type"": ""str""}, {""name"": ""vid"", ""type"": ""str""}, {""name"": ""sn"", ""type"": ""str""}]",TextFSM template: cisco_wlc_ssh_show_inventory.textfsm,2026-02-27T17:13:28.655888
textfsm,ssh show mobility anchor,cisco_wlc,"[{""name"": ""wlan_id"", ""type"": ""str""}, {""name"": ""ip_address"", ""type"": ""str""}, {""name"": ""status"", ""type"": ""str""}, {""name"": ""priority"", ""type"": ""str""}]",TextFSM template: cisco_wlc_ssh_show_mobility_anchor.textfsm,2026-02-27T17:13:28.655888
textfsm,ssh show mobility sum,cisco_wlc,"[{""name"": ""mac_address"", ""type"": ""str""}, {""name"": ""ip_address"", ""type"": ""str""}, {""name"": ""group_name"", ""type"": ""str""}, {""name"": ""multicast_ip"", ""type"": ""str""}, {""name"": ""status"", ""type"": ""str""}]",TextFSM template: cisco_wlc_ssh_show_mobility_sum.textfsm,2026-02-27T17:13:28.655888
textfsm,ssh show port summary,cisco_wlc,"[{""name"": ""port"", ""type"": ""str""}, {""name"": ""type"", ""type"": ""str""}, {""name"": ""stp_status"", ""type"": ""str""}, {""name"": ""admin_mode"", ""type"": ""str""}, {""name"": ""physical_mode"", ""type"": ""str""}, {""name"": ""physical_status"", ""type"": ""str""}, {""name"": ""link_status"", ""type"": ""str""}, {""name"": ""link_trap"", ""type"": ""str""}, {""name"": ""poe"", ""type"": ""str""}]",TextFSM template: cisco_wlc_ssh_show_port_summary.textfsm,2026-02-27T17:13:28.655888
textfsm,ssh show radius summary,cisco_wlc,"[{""name"": ""vendor_id_backward_compat"", ""type"": ""str""}, {""name"": ""call_station_id_case"", ""type"": ""str""}, {""name"": ""accounting_call_station_id_type"", ""type"": ""str""}, {""name"": ""authentication_call_station_id_type"", ""type"": ""str""}, {""name"": ""extended_source_ports_support"", ""type"": ""str""}, {""name"": ""aggressive_failover"", ""type"": ""str""}, {""name"": ""keywrap"", ""type"": ""str""}, {""name"": ""fallback_test_mode"", ""type"": ""str""}, {""name"": ""fallback_test_username"", ""type"": ""str""}, {""name"": ""fallback_test_interval"", ""type"": ""str""}, {""name"": ""mac_delim_authentication_msg"", ""type"": ""str""}, {""name"": ""mac_delim_accounting_msg"", ""type"": ""str""}, {""name"": ""authentication_framed_mtu"", ""type"": ""str""}, {""name"": ""ap_events_accounting"", ""type"": ""str""}, {""name"": ""index"", ""type"": ""str""}, {""name"": ""authentication_addr"", ""type"": ""str""}, {""name"": ""accounting_addr"", ""type"": ""str""}, {""name"": ""type"", ""type"": ""str""}, {""name"": ""port"", ""type"": ""str""}, {""name"": ""state"", ""type"": ""str""}, {""name"": ""timeout"", ""type"": ""str""}, {""name"": ""mgmt_timeout"", ""type"": ""str""}, {""name"": ""rfc3576"", ""type"": ""str""}, {""name"": ""ipsec_state"", ""type"": ""str""}, {""name"": ""ipsec_profile"", ""type"": ""str""}, {""name"": ""ipsec_region"", ""type"": ""str""}]",TextFSM template: cisco_wlc_ssh_show_radius_summary.textfsm,2026-02-27T17:13:28.655888
textfsm,ssh show redundancy detail,cisco_wlc,"[{""name"": ""redundancy_mgmt_addr"", ""type"": ""str""}, {""name"": ""peer_redundancy_mgmt_addr"", ""type"": ""str""}, {""name"": ""redundancy_port_addr"", ""type"": ""str""}, {""name"": ""peer_redundancy_port_addr"", ""type"": ""str""}, {""name"": ""peer_service_port_addr"", ""type"": ""str""}, {""name"": ""keep_alive_timeout"", ""type"": ""str""}, {""name"": ""peer_search_timeout"", ""type"": ""str""}]",TextFSM template: cisco_wlc_ssh_show_redundancy_detail.textfsm,2026-02-27T17:13:28.655888
textfsm,ssh show redundancy summary,cisco_wlc,"[{""name"": ""redundancy_mode"", ""type"": ""str""}, {""name"": ""local_state"", ""type"": ""str""}, {""name"": ""peer_state"", ""type"": ""str""}, {""name"": ""unit"", ""type"": ""str""}, {""name"": ""unit_id"", ""type"": ""str""}, {""name"": ""redundancy_state"", ""type"": ""str""}, {""name"": ""mobility_mac"", ""type"": ""str""}, {""name"": ""redundancy_port"", ""type"": ""str""}, {""name"": ""bulksync_status"", ""type"": ""str""}, {""name"": ""avg_redundancy_peer_latency"", ""type"": ""str""}, {""name"": ""avg_mgmt_gw_latency"", ""type"": ""str""}]",TextFSM template: cisco_wlc_ssh_show_redundancy_summary.textfsm,2026-02-27T17:13:28.655888
textfsm,ssh show rf-profile summary,cisco_wlc,"[{""name"": ""profile"", ""type"": ""str""}, {""name"": ""band"", ""type"": ""str""}, {""name"": ""description"", ""type"": ""str""}, {""name"": ""n_only"", ""type"": ""str""}, {""name"": ""applied"", ""type"": ""str""}]",TextFSM template: cisco_wlc_ssh_show_rf-profile_summary.textfsm,2026-02-27T17:13:28.655888
textfsm,ssh show stats port summary,cisco_wlc,"[{""name"": ""port"", ""type"": ""str""}, {""name"": ""link_status"", ""type"": ""str""}, {""name"": ""packets_in"", ""type"": ""str""}, {""name"": ""packets_out"", ""type"": ""str""}, {""name"": ""broadcast_in"", ""type"": ""str""}, {""name"": ""errors_in"", ""type"": ""str""}, {""name"": ""errors_out"", ""type"": ""str""}, {""name"": ""collisions"", ""type"": ""str""}, {""name"": ""total_packets_in"", ""type"": ""str""}, {""name"": ""total_packets_out"", ""type"": ""str""}, {""name"": ""total_broadcast_in"", ""type"": ""str""}, {""name"": ""total_errors_in"", ""type"": ""str""}, {""name"": ""total_errors_out"", ""type"": ""str""}, {""name"": ""total_collisions"", ""type"": ""str""}]",TextFSM template: cisco_wlc_ssh_show_stats_port_summary.textfsm,2026-02-27T17:13:28.655888
textfsm,ssh show sysinfo,cisco_wlc,"[{""name"": ""product_version"", ""type"": ""str""}, {""name"": ""bootloader_version"", ""type"": ""str""}, {""name"": ""field_recovery_image_version"", ""type"": ""str""}, {""name"": ""firmware_version"", ""type"": ""str""}, {""name"": ""build_type"", ""type"": ""str""}, {""name"": ""system_name"", ""type"": ""str""}, {""name"": ""system_location"", ""type"": ""str""}, {""name"": ""system_contact"", ""type"": ""str""}, {""name"": ""ip_address"", ""type"": ""str""}, {""name"": ""last_reset"", ""type"": ""str""}, {""name"": ""system_up_time"", ""type"": ""str""}, {""name"": ""system_timezone_location"", ""type"": ""str""}, {""name"": ""configured_country"", ""type"": ""str""}, {""name"": ""number_wlans"", ""type"": ""str""}, {""name"": ""number_active_clients"", ""type"": ""str""}, {""name"": ""mac_address"", ""type"": ""str""}, {""name"": ""maximum_aps"", ""type"": ""str""}]",TextFSM template: cisco_wlc_ssh_show_sysinfo.textfsm,2026-02-27T17:13:28.655888
textfsm,ssh show tacacs summary,cisco_wlc,"[{""name"": ""fallback_test_interval"", ""type"": ""str""}, {""name"": ""index"", ""type"": ""str""}, {""name"": ""authentication_addr"", ""type"": ""str""}, {""name"": ""authorization_addr"", ""type"": ""str""}, {""name"": ""accounting_addr"", ""type"": ""str""}, {""name"": ""port"", ""type"": ""str""}, {""name"": ""state"", ""type"": ""str""}, {""name"": ""timeout"", ""type"": ""str""}, {""name"": ""mgmt_timeout"", ""type"": ""str""}]",TextFSM template: cisco_wlc_ssh_show_tacacs_summary.textfsm,2026-02-27T17:13:28.655888
textfsm,ssh show time,cisco_wlc,"[{""name"": ""time"", ""type"": ""str""}, {""name"": ""tz_delta"", ""type"": ""str""}, {""name"": ""timezone"", ""type"": ""str""}, {""name"": ""tz_name"", ""type"": ""str""}, {""name"": ""ntp_version"", ""type"": ""str""}, {""name"": ""ntp_polling_interval"", ""type"": ""str""}, {""name"": ""index"", ""type"": ""str""}, {""name"": ""ntp_key_index"", ""type"": ""str""}, {""name"": ""ntp_server"", ""type"": ""str""}, {""name"": ""status"", ""type"": ""str""}, {""name"": ""ntp_msg_auth_status"", ""type"": ""str""}]",TextFSM template: cisco_wlc_ssh_show_time.textfsm,2026-02-27T17:13:28.655888
textfsm,ssh show wlan sum,cisco_wlc,"[{""name"": ""wlanid"", ""type"": ""str""}, {""name"": ""profile"", ""type"": ""str""}, {""name"": ""ssid"", ""type"": ""str""}, {""name"": ""status"", ""type"": ""str""}, {""name"": ""interface"", ""type"": ""str""}, {""name"": ""pmip_mobility"", ""type"": ""str""}]",TextFSM template: cisco_wlc_ssh_show_wlan_sum.textfsm,2026-02-27T17:13:28.655888
textfsm,admin show controller fabric health,cisco_xr,"[{""name"": ""fsdb_aggregator"", ""type"": ""str""}, {""name"": ""rack_id"", ""type"": ""str""}, {""name"": ""fsdb_status"", ""type"": ""str""}, {""name"": ""sfe_status_fc0"", ""type"": ""str""}, {""name"": ""sfe_status_fc1"", ""type"": ""str""}, {""name"": ""sfe_status_fc2"", ""type"": ""str""}, {""name"": ""sfe_status_fc3"", ""type"": ""str""}, {""name"": ""sfe_status_fc4"", ""type"": ""str""}, {""name"": ""sfe_status_fc5"", ""type"": ""str""}, {""name"": ""router_rack_health_total"", ""type"": ""str""}, {""name"": ""router_rack_health_lcc"", ""type"": ""str""}, {""name"": ""router_rack_health_fcc"", ""type"": ""str""}, {""name"": ""router_planes_health_up"", ""type"": ""str""}, {""name"": ""router_planes_health_mcast_down"", ""type"": ""str""}, {""name"": ""router_planes_health_down"", ""type"": ""str""}, {""name"": ""router_planes_health_admin_down"", ""type"": ""str""}, {""name"": ""router_sfe_asics_health_total"", ""type"": ""str""}, {""name"": ""router_sfe_asics_health_up"", ""type"": ""str""}, {""name"": ""router_sfe_asics_health_down"", ""type"": ""str""}, {""name"": ""router_fia_asics_health_total"", ""type"": ""str""}, {""name"": ""router_fia_asics_health_up"", ""type"": ""str""}, {""name"": ""router_fia_asics_health_down"", ""type"": ""str""}, {""name"": ""plane_id_0_admin_state"", ""type"": ""str""}, {""name"": ""plane_id_1_admin_state"", ""type"": ""str""}, {""name"": ""plane_id_2_admin_state"", ""type"": ""str""}, {""name"": ""plane_id_3_admin_state"", ""type"": ""str""}, {""name"": ""plane_id_4_admin_state"", ""type"": ""str""}, {""name"": ""plane_id_5_admin_state"", ""type"": ""str""}, {""name"": ""plane_id_0_plane_state"", ""type"": ""str""}, {""name"": ""plane_id_1_plane_state"", ""type"": ""str""}, {""name"": ""plane_id_2_plane_state"", ""type"": ""str""}, {""name"": ""plane_id_3_plane_state"", ""type"": ""str""}, {""name"": ""plane_id_4_plane_state"", ""type"": ""str""}, {""name"": ""plane_id_5_plane_state"", ""type"": ""str""}, {""name"": ""plane_id_0_racks_in_issue"", ""type"": ""str""}, {""name"": ""plane_id_1_racks_in_issue"", ""type"": ""str""}, {""name"": ""plane_id_2_racks_in_issue"", ""type"": ""str""}, {""name"": ""plane_id_3_racks_in_issue"", ""type"": ""str""}, {""name"": ""plane_id_4_racks_in_issue"", ""type"": ""str""}, {""name"": ""plane_id_5_racks_in_issue"", ""type"": ""str""}, {""name"": ""plane_id_0_data_drop_err"", ""type"": ""str""}, {""name"": ""plane_id_1_data_drop_err"", ""type"": ""str""}, {""name"": ""plane_id_2_data_drop_err"", ""type"": ""str""}, {""name"": ""plane_id_3_data_drop_err"", ""type"": ""str""}, {""name"": ""plane_id_4_data_drop_err"", ""type"": ""str""}, {""name"": ""plane_id_5_data_drop_err"", ""type"": ""str""}, {""name"": ""rack_planes_health_up"", ""type"": ""str""}, {""name"": ""rack_planes_health_mcast_down"", ""type"": ""str""}, {""name"": ""rack_planes_health_down"", ""type"": ""str""}, {""name"": ""rack_sfe_asics_health_total"", ""type"": ""str""}, {""name"": ""rack_sfe_asics_health_up"", ""type"": ""str""}, {""name"": ""rack_sfe_asics_health_down"", ""type"": ""str""}, {""name"": ""rack_fia_asics_health_total"", ""type"": ""str""}, {""name"": ""rack_fia_asics_health_up"", ""type"": ""str""}, {""name"": ""rack_fia_asics_health_down"", ""type"": ""str""}, {""name"": ""rack_valid_fab_ids"", ""type"": ""str""}, {""name"": ""plane_id_0_sfe_asics_total"", ""type"": ""str""}, {""name"": ""plane_id_0_sfe_asics_up"", ""type"": ""str""}, {""name"": ""plane_id_0_sfe_asics_down"", ""type"": ""str""}, {""name"": ""plane_id_0_fab_id_reachable"", ""type"": ""str""}, {""name"": ""plane_id_1_sfe_asics_total"", ""type"": ""str""}, {""name"": ""plane_id_1_sfe_asics_up"", ""type"": ""str""}, {""name"": ""plane_id_1_sfe_asics_down"", ""type"": ""str""}, {""name"": ""plane_id_1_fab_id_reachable"", ""type"": ""str""}, {""name"": ""plane_id_2_sfe_asics_total"", ""type"": ""str""}, {""name"": ""plane_id_2_sfe_asics_up"", ""type"": ""str""}, {""name"": ""plane_id_2_sfe_asics_down"", ""type"": ""str""}, {""name"": ""plane_id_2_fab_id_reachable"", ""type"": ""str""}, {""name"": ""plane_id_3_sfe_asics_total"", ""type"": ""str""}, {""name"": ""plane_id_3_sfe_asics_up"", ""type"": ""str""}, {""name"": ""plane_id_3_sfe_asics_down"", ""type"": ""str""}, {""name"": ""plane_id_3_fab_id_reachable"", ""type"": ""str""}, {""name"": ""plane_id_4_sfe_asics_total"", ""type"": ""str""}, {""name"": ""plane_id_4_sfe_asics_up"", ""type"": ""str""}, {""name"": ""plane_id_4_sfe_asics_down"", ""type"": ""str""}, {""name"": ""plane_id_4_fab_id_reachable"", ""type"": ""str""}, {""name"": ""plane_id_5_sfe_asics_total"", ""type"": ""str""}, {""name"": ""plane_id_5_sfe_asics_up"", ""type"": ""str""}, {""name"": ""plane_id_5_sfe_asics_down"", ""type"": ""str""}, {""name"": ""plane_id_5_fab_id_reachable"", ""type"": ""str""}]",TextFSM template: cisco_xr_admin_show_controller_fabric_health.textfsm,2026-02-27T17:13:28.655888
textfsm,admin show environment fan,cisco_xr,"[{""name"": ""module"", ""type"": ""str""}, {""name"": ""type"", ""type"": ""str""}, {""name"": ""fan_speed"", ""type"": ""str""}]",TextFSM template: cisco_xr_admin_show_environment_fan.textfsm,2026-02-27T17:13:28.655888
textfsm,admin show environment power,cisco_xr,"[{""name"": ""power_group"", ""type"": ""str""}, {""name"": ""power_module"", ""type"": ""str""}, {""name"": ""supply_type"", ""type"": ""str""}, {""name"": ""status"", ""type"": ""str""}]",TextFSM template: cisco_xr_admin_show_environment_power.textfsm,2026-02-27T17:13:28.655888
textfsm,admin show inventory,cisco_xr,"[{""name"": ""name"", ""type"": ""str""}, {""name"": ""descr"", ""type"": ""str""}, {""name"": ""pid"", ""type"": ""str""}, {""name"": ""vid"", ""type"": ""str""}, {""name"": ""sn"", ""type"": ""str""}]",TextFSM template: cisco_xr_admin_show_inventory.textfsm,2026-02-27T17:13:28.655888
textfsm,admin show platform,cisco_xr,"[{""name"": ""node"", ""type"": ""str""}, {""name"": ""type"", ""type"": ""str""}, {""name"": ""state"", ""type"": ""str""}, {""name"": ""config_state"", ""type"": ""str""}]",TextFSM template: cisco_xr_admin_show_platform.textfsm,2026-02-27T17:13:28.655888
textfsm,admin show vm,cisco_xr,"[{""name"": ""location"", ""type"": ""str""}, {""name"": ""id"", ""type"": ""str""}, {""name"": ""status"", ""type"": ""str""}, {""name"": ""ip_address"", ""type"": ""str""}, {""name"": ""hb_sent"", ""type"": ""str""}, {""name"": ""hb_recv"", ""type"": ""str""}]",TextFSM template: cisco_xr_admin_show_vm.textfsm,2026-02-27T17:13:28.655888
textfsm,dir,cisco_xr,"[{""name"": ""file_system"", ""type"": ""str""}, {""name"": ""permissions"", ""type"": ""str""}, {""name"": ""size"", ""type"": ""str""}, {""name"": ""total_size"", ""type"": ""str""}, {""name"": ""total_free"", ""type"": ""str""}, {""name"": ""date_month"", ""type"": ""str""}, {""name"": ""date_day"", ""type"": ""str""}, {""name"": ""date_time"", ""type"": ""str""}, {""name"": ""date_year"", ""type"": ""str""}, {""name"": ""name"", ""type"": ""str""}]",TextFSM template: cisco_xr_dir.textfsm,2026-02-27T17:13:28.655888
textfsm,ping,cisco_xr,"[{""name"": ""sent_qty"", ""type"": ""str""}, {""name"": ""sent_type"", ""type"": ""str""}, {""name"": ""destination"", ""type"": ""str""}, {""name"": ""timeout"", ""type"": ""str""}, {""name"": ""source"", ""type"": ""str""}, {""name"": ""response_stream"", ""type"": ""str""}, {""name"": ""success_pct"", ""type"": ""str""}, {""name"": ""success_qty"", ""type"": ""str""}, {""name"": ""rtt_min"", ""type"": ""str""}, {""name"": ""rtt_avg"", ""type"": ""str""}, {""name"": ""rtt_max"", ""type"": ""str""}]",TextFSM template: cisco_xr_ping.textfsm,2026-02-27T17:13:28.655888
textfsm,show arp,cisco_xr,"[{""name"": ""ip_address"", ""type"": ""str""}, {""name"": ""age"", ""type"": ""str""}, {""name"": ""mac_address"", ""type"": ""str""}, {""name"": ""state"", ""type"": ""str""}, {""name"": ""type"", ""type"": ""str""}, {""name"": ""interface"", ""type"": ""str""}, {""name"": ""cpu"", ""type"": ""str""}]",TextFSM template: cisco_xr_show_arp.textfsm,2026-02-27T17:13:28.655888
textfsm,show asic-errors all location,cisco_xr,"[{""name"": ""asic"", ""type"": ""str""}, {""name"": ""instance"", ""type"": ""str""}, {""name"": ""number_of_nodes"", ""type"": ""str""}, {""name"": ""sbe_error_count"", ""type"": ""str""}, {""name"": ""mbe_error_count"", ""type"": ""str""}, {""name"": ""parity_error_count"", ""type"": ""str""}, {""name"": ""crc_error_count"", ""type"": ""str""}, {""name"": ""generic_error_count"", ""type"": ""str""}, {""name"": ""reset_error_count"", ""type"": ""str""}]",TextFSM template: cisco_xr_show_asic-errors_all_location.textfsm,2026-02-27T17:13:28.655888
textfsm,show bfd sessions,cisco_xr,"[{""name"": ""interface"", ""type"": ""str""}, {""name"": ""dstaddress"", ""type"": ""str""}, {""name"": ""state"", ""type"": ""str""}]",TextFSM template: cisco_xr_show_bfd_sessions.textfsm,2026-02-27T17:13:28.655888
textfsm,show bgp,cisco_xr,"[{""name"": ""router_id"", ""type"": ""str""}, {""name"": ""local_as"", ""type"": ""str""}, {""name"": ""nsr"", ""type"": ""str""}, {""name"": ""bgp_state"", ""type"": ""str""}, {""name"": ""dampening"", ""type"": ""str""}, {""name"": ""status"", ""type"": ""str""}, {""name"": ""path_selection"", ""type"": ""str""}, {""name"": ""route_source"", ""type"": ""str""}, {""name"": ""network"", ""type"": ""str""}, {""name"": ""netmask"", ""type"": ""str""}, {""name"": ""next_hop"", ""type"": ""str""}, {""name"": ""metric"", ""type"": ""str""}, {""name"": ""local_pref"", ""type"": ""str""}, {""name"": ""weight"", ""type"": ""str""}, {""name"": ""as_path"", ""type"": ""str""}, {""name"": ""origin"", ""type"": ""str""}]",TextFSM template: cisco_xr_show_bgp.textfsm,2026-02-27T17:13:28.655888
textfsm,show bgp instance all summary,cisco_xr,"[{""name"": ""instance_id"", ""type"": ""str""}, {""name"": ""instance_name"", ""type"": ""str""}, {""name"": ""router_id"", ""type"": ""str""}, {""name"": ""local_as"", ""type"": ""str""}, {""name"": ""bgp_neigh"", ""type"": ""str""}, {""name"": ""neigh_as"", ""type"": ""str""}, {""name"": ""msg_rcvd"", ""type"": ""str""}, {""name"": ""msg_sent"", ""type"": ""str""}, {""name"": ""in_queue"", ""type"": ""str""}, {""name"": ""out_queue"", ""type"": ""str""}, {""name"": ""up_down"", ""type"": ""str""}, {""name"": ""state_pfxrcd"", ""type"": ""str""}]",TextFSM template: cisco_xr_show_bgp_instance_all_summary.textfsm,2026-02-27T17:13:28.655888
textfsm,show bgp neighbors,cisco_xr,"[{""name"": ""neighbor"", ""type"": ""str""}, {""name"": ""remote_as"", ""type"": ""str""}, {""name"": ""local_as"", ""type"": ""str""}, {""name"": ""type"", ""type"": ""str""}, {""name"": ""description"", ""type"": ""str""}, {""name"": ""remote_router_id"", ""type"": ""str""}, {""name"": ""cluster_id"", ""type"": ""str""}, {""name"": ""state"", ""type"": ""str""}, {""name"": ""uptime"", ""type"": ""str""}, {""name"": ""nsr_state"", ""type"": ""str""}, {""name"": ""holdtime"", ""type"": ""str""}, {""name"": ""keepalive"", ""type"": ""str""}, {""name"": ""nsr"", ""type"": ""str""}, {""name"": ""gr"", ""type"": ""str""}, {""name"": ""afi"", ""type"": ""str""}, {""name"": ""version"", ""type"": ""str""}, {""name"": ""route_reflector_role"", ""type"": ""str""}, {""name"": ""policy_incoming"", ""type"": ""str""}, {""name"": ""policy_outgoing"", ""type"": ""str""}, {""name"": ""prefixes_in"", ""type"": ""str""}, {""name"": ""prefixes_in_best"", ""type"": ""str""}, {""name"": ""prefixes_out"", ""type"": ""str""}, {""name"": ""prefixes_out_suppressed"", ""type"": ""str""}, {""name"": ""prefixes_out_withdrawn"", ""type"": ""str""}, {""name"": ""max_prefixes"", ""type"": ""str""}, {""name"": ""max_prefixes_warn_percent"", ""type"": ""str""}, {""name"": ""default_originate"", ""type"": ""str""}, {""name"": ""last_ack_version"", ""type"": ""str""}, {""name"": ""last_synced_ack_version"", ""type"": ""str""}, {""name"": ""connections_established"", ""type"": ""str""}, {""name"": ""connections_dropped"", ""type"": ""str""}, {""name"": ""local_address"", ""type"": ""str""}, {""name"": ""local_port"", ""type"": ""str""}, {""name"": ""remote_address"", ""type"": ""str""}, {""name"": ""remote_port"", ""type"": ""str""}, {""name"": ""last_reset"", ""type"": ""str""}, {""name"": ""last_reset_reason"", ""type"": ""str""}, {""name"": ""last_notification_sent"", ""type"": ""str""}, {""name"": ""error_code"", ""type"": ""str""}, {""name"": ""last_notification_received"", ""type"": ""str""}, {""name"": ""peer_error_code"", ""type"": ""str""}, {""name"": ""peer_reset_reason"", ""type"": ""str""}, {""name"": ""max_hops"", ""type"": ""str""}]",TextFSM template: cisco_xr_show_bgp_neighbors.textfsm,2026-02-27T17:13:28.655888
textfsm,show bgp vrf all ipv4 unicast summary,cisco_xr,"[{""name"": ""vrf"", ""type"": ""str""}, {""name"": ""rd"", ""type"": ""str""}, {""name"": ""state"", ""type"": ""str""}, {""name"": ""local_as_number"", ""type"": ""str""}, {""name"": ""bgp_neighbor"", ""type"": ""str""}, {""name"": ""neighbor_as"", ""type"": ""str""}, {""name"": ""messages_received"", ""type"": ""str""}, {""name"": ""messages_sent"", ""type"": ""str""}, {""name"": ""table_version"", ""type"": ""str""}, {""name"": ""input_queue"", ""type"": ""str""}, {""name"": ""output_queue"", ""type"": ""str""}, {""name"": ""up_down"", ""type"": ""str""}, {""name"": ""state_or_prefixes_received"", ""type"": ""str""}, {""name"": ""spk"", ""type"": ""str""}]",TextFSM template: cisco_xr_show_bgp_vrf_all_ipv4_unicast_summary.textfsm,2026-02-27T17:13:28.655888
textfsm,show bgp vrf all neighbors advertised-routes,cisco_xr,"[{""name"": ""network"", ""type"": ""str""}, {""name"": ""prefix_length"", ""type"": ""str""}, {""name"": ""next_hop"", ""type"": ""str""}, {""name"": ""from"", ""type"": ""str""}, {""name"": ""as_path"", ""type"": ""str""}, {""name"": ""route_distinguisher"", ""type"": ""str""}, {""name"": ""vrf"", ""type"": ""str""}]",TextFSM template: cisco_xr_show_bgp_vrf_all_neighbors_advertised-routes.textfsm,2026-02-27T17:13:28.655888
textfsm,show cdp neighbors detail,cisco_xr,"[{""name"": ""chassis_id"", ""type"": ""str""}, {""name"": ""neighbor_name"", ""type"": ""str""}, {""name"": ""mgmt_address"", ""type"": ""str""}, {""name"": ""platform"", ""type"": ""str""}, {""name"": ""neighbor_interface"", ""type"": ""str""}, {""name"": ""local_interface"", ""type"": ""str""}, {""name"": ""neighbor_description"", ""type"": ""str""}, {""name"": ""capabilities"", ""type"": ""str""}]",TextFSM template: cisco_xr_show_cdp_neighbors_detail.textfsm,2026-02-27T17:13:28.655888
textfsm,show cef drops location,cisco_xr,"[{""name"": ""location"", ""type"": ""str""}, {""name"": ""unresolved_drops"", ""type"": ""str""}, {""name"": ""unsupported_drops"", ""type"": ""str""}, {""name"": ""null0_drops"", ""type"": ""str""}, {""name"": ""no_route_drops"", ""type"": ""str""}, {""name"": ""no_adjacency_drops"", ""type"": ""str""}, {""name"": ""checksum_error_drops"", ""type"": ""str""}, {""name"": ""rpf_drops"", ""type"": ""str""}, {""name"": ""rpf_suppressed_drops"", ""type"": ""str""}, {""name"": ""rp_destined_drops"", ""type"": ""str""}, {""name"": ""discard_drops"", ""type"": ""str""}, {""name"": ""gre_lookup_drops"", ""type"": ""str""}, {""name"": ""gre_processing_drops"", ""type"": ""str""}, {""name"": ""lisp_punt_drops"", ""type"": ""str""}, {""name"": ""lisp_encap_err_drops"", ""type"": ""str""}, {""name"": ""lisp_decap_err_drops"", ""type"": ""str""}]",TextFSM template: cisco_xr_show_cef_drops_location.textfsm,2026-02-27T17:13:28.655888
textfsm,show configuration commit list,cisco_xr,"[{""name"": ""number"", ""type"": ""str""}, {""name"": ""commit"", ""type"": ""str""}, {""name"": ""user"", ""type"": ""str""}, {""name"": ""line"", ""type"": ""str""}, {""name"": ""client"", ""type"": ""str""}, {""name"": ""date_time"", ""type"": ""str""}]",TextFSM template: cisco_xr_show_configuration_commit_list.textfsm,2026-02-27T17:13:28.655888
textfsm,show controller fabric plane all,cisco_xr,"[{""name"": ""plane_id"", ""type"": ""str""}, {""name"": ""admin_state"", ""type"": ""str""}, {""name"": ""plane_state"", ""type"": ""str""}, {""name"": ""up_dn_counter"", ""type"": ""str""}, {""name"": ""up_mcast_counter"", ""type"": ""str""}]",TextFSM template: cisco_xr_show_controller_fabric_plane_all.textfsm,2026-02-27T17:13:28.655888
textfsm,show controllers HundredGigabitEthernet,cisco_xr,"[{""name"": ""interface"", ""type"": ""str""}, {""name"": ""admin_state"", ""type"": ""str""}, {""name"": ""ops_state"", ""type"": ""str""}, {""name"": ""led_state"", ""type"": ""str""}, {""name"": ""media_type"", ""type"": ""str""}, {""name"": ""temperature_value"", ""type"": ""str""}, {""name"": ""voltage_value"", ""type"": ""str""}, {""name"": ""lane"", ""type"": ""str""}, {""name"": ""wavelength"", ""type"": ""str""}, {""name"": ""rx_value_dbm"", ""type"": ""str""}, {""name"": ""rx_value_mw"", ""type"": ""str""}, {""name"": ""tx_value_dbm"", ""type"": ""str""}, {""name"": ""tx_value_mw"", ""type"": ""str""}, {""name"": ""laser_bias"", ""type"": ""str""}]",TextFSM template: cisco_xr_show_controllers_HundredGigabitEthernet.textfsm,2026-02-27T17:13:28.655888
textfsm,show controllers all phy,cisco_xr,"[{""name"": ""interface"", ""type"": ""str""}, {""name"": ""lane"", ""type"": ""str""}, {""name"": ""temperature_value"", ""type"": ""str""}, {""name"": ""temperature_alarm_high"", ""type"": ""str""}, {""name"": ""temperature_alarm_low"", ""type"": ""str""}, {""name"": ""temperature_warn_high"", ""type"": ""str""}, {""name"": ""temperature_warn_low"", ""type"": ""str""}, {""name"": ""voltage_value"", ""type"": ""str""}, {""name"": ""voltage_alarm_high"", ""type"": ""str""}, {""name"": ""voltage_alarm_low"", ""type"": ""str""}, {""name"": ""voltage_warn_high"", ""type"": ""str""}, {""name"": ""voltage_warn_low"", ""type"": ""str""}, {""name"": ""rx_value"", ""type"": ""str""}, {""name"": ""rx_alarm_high"", ""type"": ""str""}, {""name"": ""rx_alarm_low"", ""type"": ""str""}, {""name"": ""rx_warn_high"", ""type"": ""str""}, {""name"": ""rx_warn_low"", ""type"": ""str""}, {""name"": ""tx_value"", ""type"": ""str""}, {""name"": ""tx_alarm_high"", ""type"": ""str""}, {""name"": ""tx_alarm_low"", ""type"": ""str""}, {""name"": ""tx_warn_high"", ""type"": ""str""}, {""name"": ""tx_warn_low"", ""type"": ""str""}]",TextFSM template: cisco_xr_show_controllers_all_phy.textfsm,2026-02-27T17:13:28.655888
textfsm,show controllers fabric fia drops egress location,cisco_xr,"[{""name"": ""fia"", ""type"": ""str""}, {""name"": ""category"", ""type"": ""str""}, {""name"": ""from_xbar_uc_crc_0"", ""type"": ""str""}, {""name"": ""from_xbar_uc_crc_1"", ""type"": ""str""}, {""name"": ""from_xbar_uc_crc_2"", ""type"": ""str""}, {""name"": ""from_xbar_uc_crc_3"", ""type"": ""str""}, {""name"": ""from_xbar_uc_drp_0"", ""type"": ""str""}, {""name"": ""from_xbar_uc_drp_1"", ""type"": ""str""}, {""name"": ""from_xbar_uc_drp_2"", ""type"": ""str""}, {""name"": ""from_xbar_uc_drp_3"", ""type"": ""str""}, {""name"": ""from_xbar_mc_crc_0"", ""type"": ""str""}, {""name"": ""from_xbar_mc_crc_1"", ""type"": ""str""}, {""name"": ""from_xbar_mc_crc_2"", ""type"": ""str""}, {""name"": ""from_xbar_mc_crc_3"", ""type"": ""str""}, {""name"": ""from_xbar_mc_drp_0"", ""type"": ""str""}, {""name"": ""from_xbar_mc_drp_1"", ""type"": ""str""}, {""name"": ""from_xbar_mc_drp_2"", ""type"": ""str""}, {""name"": ""from_xbar_mc_drp_3"", ""type"": ""str""}, {""name"": ""uc_dq_pkt_len_crc_ro_seq_len_error_drp"", ""type"": ""str""}, {""name"": ""uc_eq_pkt_len_crc_lookup_drp"", ""type"": ""str""}, {""name"": ""mc_rf_crc_drp"", ""type"": ""str""}, {""name"": ""mc_vl0_src0_buffer_full_drp"", ""type"": ""str""}, {""name"": ""mc_vl1_src0_buffer_full_drp"", ""type"": ""str""}, {""name"": ""mc_vl2_src0_buffer_full_drp"", ""type"": ""str""}, {""name"": ""mc_vl3_src0_buffer_full_drp"", ""type"": ""str""}, {""name"": ""mc_vl0_src1_buffer_full_drp"", ""type"": ""str""}, {""name"": ""mc_vl1_src1_buffer_full_drp"", ""type"": ""str""}, {""name"": ""mc_vl2_src1_buffer_full_drp"", ""type"": ""str""}, {""name"": ""mc_vl3_src1_buffer_full_drp"", ""type"": ""str""}]",TextFSM template: cisco_xr_show_controllers_fabric_fia_drops_egress_location.textfsm,2026-02-27T17:13:28.655888
textfsm,show controllers fabric fia drops ingress location,cisco_xr,"[{""name"": ""fia"", ""type"": ""str""}, {""name"": ""category"", ""type"": ""str""}, {""name"": ""from_spaui_drop_0"", ""type"": ""str""}, {""name"": ""accpt_tbl_0"", ""type"": ""str""}, {""name"": ""ctl_len_0"", ""type"": ""str""}, {""name"": ""short_pkt_0"", ""type"": ""str""}, {""name"": ""max_pkt_len_0"", ""type"": ""str""}, {""name"": ""min_pkt_len_0"", ""type"": ""str""}, {""name"": ""from_spaui_drop_1"", ""type"": ""str""}, {""name"": ""accpt_tbl_1"", ""type"": ""str""}, {""name"": ""ctl_len_1"", ""type"": ""str""}, {""name"": ""short_pkt_1"", ""type"": ""str""}, {""name"": ""max_pkt_len_1"", ""type"": ""str""}, {""name"": ""min_pkt_len_1"", ""type"": ""str""}, {""name"": ""tail_drp"", ""type"": ""str""}, {""name"": ""vqi_drp"", ""type"": ""str""}, {""name"": ""header_parsing_drp"", ""type"": ""str""}, {""name"": ""pw_to_ni_drp"", ""type"": ""str""}, {""name"": ""ni_from_pw_drp"", ""type"": ""str""}, {""name"": ""sp0_crc_err"", ""type"": ""str""}, {""name"": ""sp0_bad_align"", ""type"": ""str""}, {""name"": ""sp0_bad_code"", ""type"": ""str""}, {""name"": ""sp0_align_fail"", ""type"": ""str""}, {""name"": ""sp0_prot_err"", ""type"": ""str""}, {""name"": ""sp1_crc_err"", ""type"": ""str""}, {""name"": ""sp1_bad_align"", ""type"": ""str""}, {""name"": ""sp1_bad_code"", ""type"": ""str""}, {""name"": ""sp1_align_fail"", ""type"": ""str""}, {""name"": ""sp1_prot_err"", ""type"": ""str""}]",TextFSM template: cisco_xr_show_controllers_fabric_fia_drops_ingress_location.textfsm,2026-02-27T17:13:28.655888
textfsm,show controllers fabric fia errors egress location,cisco_xr,"[{""name"": ""fia"", ""type"": ""str""}, {""name"": ""category"", ""type"": ""str""}, {""name"": ""to_spaui_error_0"", ""type"": ""str""}, {""name"": ""to_spaui_error_1"", ""type"": ""str""}, {""name"": ""rl_over_under_flow_cnt"", ""type"": ""str""}]",TextFSM template: cisco_xr_show_controllers_fabric_fia_errors_egress_location.textfsm,2026-02-27T17:13:28.655888
textfsm,show controllers fabric fia errors ingress location,cisco_xr,"[{""name"": ""fia"", ""type"": ""str""}, {""name"": ""category"", ""type"": ""str""}, {""name"": ""to_xbar_uc_crc_0"", ""type"": ""str""}, {""name"": ""to_xbar_uc_crc_1"", ""type"": ""str""}, {""name"": ""to_xbar_uc_crc_2"", ""type"": ""str""}, {""name"": ""to_xbar_uc_crc_3"", ""type"": ""str""}, {""name"": ""to_xbar_mc_crc_0"", ""type"": ""str""}, {""name"": ""to_xbar_mc_crc_1"", ""type"": ""str""}, {""name"": ""to_xbar_mc_crc_2"", ""type"": ""str""}, {""name"": ""to_xbar_mc_crc_3"", ""type"": ""str""}, {""name"": ""nb_pa_read_data_err"", ""type"": ""str""}, {""name"": ""pa_header_err"", ""type"": ""str""}, {""name"": ""pa_crc16_err"", ""type"": ""str""}, {""name"": ""pa_crc32_err"", ""type"": ""str""}, {""name"": ""pa_to_tf_err"", ""type"": ""str""}, {""name"": ""ab_overflow_req_lost"", ""type"": ""str""}, {""name"": ""ni_bad_crc32"", ""type"": ""str""}, {""name"": ""ni_crc32_corrupt"", ""type"": ""str""}]",TextFSM template: cisco_xr_show_controllers_fabric_fia_errors_ingress_location.textfsm,2026-02-27T17:13:28.655888
textfsm,show controllers hundredgige all,cisco_xr,"[{""name"": ""interface"", ""type"": ""str""}, {""name"": ""admin_state"", ""type"": ""str""}, {""name"": ""ops_state"", ""type"": ""str""}, {""name"": ""vendor"", ""type"": ""str""}, {""name"": ""part_num"", ""type"": ""str""}, {""name"": ""serial_num"", ""type"": ""str""}, {""name"": ""led_state"", ""type"": ""str""}, {""name"": ""media_type"", ""type"": ""str""}, {""name"": ""temperature_value"", ""type"": ""str""}, {""name"": ""voltage_value"", ""type"": ""str""}, {""name"": ""dom_alarms"", ""type"": ""str""}, {""name"": ""lane"", ""type"": ""str""}, {""name"": ""wavelength"", ""type"": ""str""}, {""name"": ""rx_value_dbm"", ""type"": ""str""}, {""name"": ""rx_value_mw"", ""type"": ""str""}, {""name"": ""tx_value_dbm"", ""type"": ""str""}, {""name"": ""tx_value_mw"", ""type"": ""str""}, {""name"": ""laser_bias"", ""type"": ""str""}, {""name"": ""temperature_alarm_high"", ""type"": ""str""}, {""name"": ""temperature_alarm_low"", ""type"": ""str""}, {""name"": ""temperature_warn_high"", ""type"": ""str""}, {""name"": ""temperature_warn_low"", ""type"": ""str""}, {""name"": ""voltage_alarm_high"", ""type"": ""str""}, {""name"": ""voltage_alarm_low"", ""type"": ""str""}, {""name"": ""voltage_warn_high"", ""type"": ""str""}, {""name"": ""voltage_warn_low"", ""type"": ""str""}, {""name"": ""amps_alarm_high"", ""type"": ""str""}, {""name"": ""amps_alarm_low"", ""type"": ""str""}, {""name"": ""amps_warn_high"", ""type"": ""str""}, {""name"": ""amps_warn_low"", ""type"": ""str""}, {""name"": ""rx_alarm_mw_high"", ""type"": ""str""}, {""name"": ""rx_alarm_mw_low"", ""type"": ""str""}, {""name"": ""rx_warn_mw_high"", ""type"": ""str""}, {""name"": ""rx_warn_mw_low"", ""type"": ""str""}, {""name"": ""tx_alarm_mw_high"", ""type"": ""str""}, {""name"": ""tx_alarm_mw_low"", ""type"": ""str""}, {""name"": ""tx_warn_mw_high"", ""type"": ""str""}, {""name"": ""tx_warn_mw_low"", ""type"": ""str""}, {""name"": ""rx_alarm_dbm_high"", ""type"": ""str""}, {""name"": ""rx_alarm_dbm_low"", ""type"": ""str""}, {""name"": ""rx_warn_dbm_high"", ""type"": ""str""}, {""name"": ""rx_warn_dbm_low"", ""type"": ""str""}, {""name"": ""tx_alarm_dbm_high"", ""type"": ""str""}, {""name"": ""tx_alarm_dbm_low"", ""type"": ""str""}, {""name"": ""tx_warn_dbm_high"", ""type"": ""str""}, {""name"": ""tx_warn_dbm_low"", ""type"": ""str""}, {""name"": ""fec_corrected"", ""type"": ""str""}, {""name"": ""fec_uncorrected"", ""type"": ""str""}, {""name"": ""mac_address"", ""type"": ""str""}, {""name"": ""bia"", ""type"": ""str""}, {""name"": ""autonegotiation"", ""type"": ""str""}, {""name"": ""speed"", ""type"": ""str""}, {""name"": ""duplex"", ""type"": ""str""}, {""name"": ""flow_control"", ""type"": ""str""}, {""name"": ""loopback"", ""type"": ""str""}, {""name"": ""mtu"", ""type"": ""str""}, {""name"": ""mru"", ""type"": ""str""}, {""name"": ""fec"", ""type"": ""str""}]",TextFSM template: cisco_xr_show_controllers_hundredgige_all.textfsm,2026-02-27T17:13:28.655888
textfsm,show dhcp ipv4 proxy binding,cisco_xr,"[{""name"": ""ip_address"", ""type"": ""str""}, {""name"": ""state"", ""type"": ""str""}, {""name"": ""lease_remaining"", ""type"": ""str""}, {""name"": ""mac_address"", ""type"": ""str""}, {""name"": ""interface"", ""type"": ""str""}, {""name"": ""vrf"", ""type"": ""str""}, {""name"": ""sublabel"", ""type"": ""str""}]",TextFSM template: cisco_xr_show_dhcp_ipv4_proxy_binding.textfsm,2026-02-27T17:13:28.655888
textfsm,show drops np all,cisco_xr,"[{""name"": ""location"", ""type"": ""str""}, {""name"": ""np"", ""type"": ""str""}, {""name"": ""bfd_neighbor_drop"", ""type"": ""str""}, {""name"": ""bfd_remote_punt_disc_0_drop"", ""type"": ""str""}, {""name"": ""drop_frm_crc_err_ilkn0"", ""type"": ""str""}, {""name"": ""drop_frm_crc_err_ilkn1"", ""type"": ""str""}, {""name"": ""drop_frm_crc_err_ilkn2"", ""type"": ""str""}, {""name"": ""drop_frm_crc_err_sgmii0"", ""type"": ""str""}, {""name"": ""drop_frm_crc_err_sgmii1"", ""type"": ""str""}, {""name"": ""drop_frm_crc_err_sgmii2"", ""type"": ""str""}, {""name"": ""drop_frm_crc_err_sgmii3"", ""type"": ""str""}, {""name"": ""drop_frm_crc_err_xaui4"", ""type"": ""str""}, {""name"": ""drop_frm_crc_err_xaui5"", ""type"": ""str""}, {""name"": ""drop_frm_crc_err_xaui6"", ""type"": ""str""}, {""name"": ""drop_frm_frm_err_ilkn0"", ""type"": ""str""}, {""name"": ""drop_frm_frm_err_ilkn1"", ""type"": ""str""}, {""name"": ""drop_frm_frm_err_ilkn2"", ""type"": ""str""}, {""name"": ""drop_frm_frm_err_sgmii0"", ""type"": ""str""}, {""name"": ""drop_frm_frm_err_sgmii1"", ""type"": ""str""}, {""name"": ""drop_frm_frm_err_sgmii2"", ""type"": ""str""}, {""name"": ""drop_frm_frm_err_sgmii3"", ""type"": ""str""}, {""name"": ""drop_frm_frm_err_xaui4"", ""type"": ""str""}, {""name"": ""drop_frm_frm_err_xaui5"", ""type"": ""str""}, {""name"": ""drop_frm_frm_err_xaui6"", ""type"": ""str""}, {""name"": ""drop_frm_runt"", ""type"": ""str""}, {""name"": ""ipv4_bfd_excd"", ""type"": ""str""}, {""name"": ""ipv4_frag_needed_punt_excd"", ""type"": ""str""}, {""name"": ""ipv4_ttl_error_excd"", ""type"": ""str""}, {""name"": ""mdf_punt_police_drop"", ""type"": ""str""}, {""name"": ""mdf_rpf_fail_drop"", ""type"": ""str""}, {""name"": ""modify_punt_reason_miss_drop"", ""type"": ""str""}, {""name"": ""mpls_ttl_one_punt_excd"", ""type"": ""str""}, {""name"": ""np_section"", ""type"": ""str""}, {""name"": ""parse_fast_discard_low_priority_drop_0"", ""type"": ""str""}, {""name"": ""parse_fast_discard_low_priority_drop_1"", ""type"": ""str""}, {""name"": ""parse_fast_discard_low_priority_drop_0_monitor"", ""type"": ""str""}, {""name"": ""parse_fast_discard_low_priority_drop_1_monitor"", ""type"": ""str""}, {""name"": ""parse_drop_in_uidb_down"", ""type"": ""str""}, {""name"": ""parse_drop_in_uidb_tcam_miss"", ""type"": ""str""}, {""name"": ""parse_drop_ipv4_disabled"", ""type"": ""str""}, {""name"": ""parse_drop_ipv4_length_error"", ""type"": ""str""}, {""name"": ""parse_drop_ipv4_checksum_error"", ""type"": ""str""}, {""name"": ""parse_egr_inj_pkt_typ_unknown"", ""type"": ""str""}, {""name"": ""parse_l3_tagged_punt_drop"", ""type"": ""str""}, {""name"": ""parse_open_network_service_key_action_unknown"", ""type"": ""str""}, {""name"": ""parse_unknown_nph_type_drop"", ""type"": ""str""}, {""name"": ""punt_adj_excd"", ""type"": ""str""}, {""name"": ""punt_ifib_ospf_opt_excd"", ""type"": ""str""}, {""name"": ""punt_ipv4_adj_null_rte_excd"", ""type"": ""str""}, {""name"": ""punt_no_match_excd"", ""type"": ""str""}, {""name"": ""punt_statistics_excd"", ""type"": ""str""}, {""name"": ""rsv_drop_egr_lag_no_match"", ""type"": ""str""}, {""name"": ""rsv_drop_egr_uidb_down"", ""type"": ""str""}, {""name"": ""rsv_drop_egr_uidb_no_match"", ""type"": ""str""}, {""name"": ""rsv_drop_ifib_ttl_check"", ""type"": ""str""}, {""name"": ""rsv_drop_in_l3_not_mymac"", ""type"": ""str""}, {""name"": ""rsv_drop_ing_bfd"", ""type"": ""str""}, {""name"": ""rsv_drop_ipm4_egr_filter_drop"", ""type"": ""str""}, {""name"": ""rsv_drop_ipm4_egr_rpf_fail_drop"", ""type"": ""str""}, {""name"": ""rsv_drop_ipm4_egr_ttl_drop"", ""type"": ""str""}, {""name"": ""rsv_drop_ipm4_no_olist"", ""type"": ""str""}, {""name"": ""rsv_drop_ipm4_no_olist_rep"", ""type"": ""str""}, {""name"": ""rsv_drop_ipv4_drop_null_rte"", ""type"": ""str""}, {""name"": ""rsv_drop_ipv4_nrldi_not_local"", ""type"": ""str""}, {""name"": ""rsv_drop_ipv4_rxadj_drop"", ""type"": ""str""}, {""name"": ""rsv_drop_ipv4_txadj_no_match"", ""type"": ""str""}, {""name"": ""rsv_drop_mpls_leaf_no_match"", ""type"": ""str""}, {""name"": ""rsv_drop_mpls_leaf_no_match_monitor"", ""type"": ""str""}, {""name"": ""rsv_drop_mpls_nrldi_no_match"", ""type"": ""str""}, {""name"": ""rsv_drop_mpls_nrldi_not_local"", ""type"": ""str""}, {""name"": ""rsv_drop_mpls_rxadj_drop"", ""type"": ""str""}, {""name"": ""rsv_drop_mpls_txadj_no_match"", ""type"": ""str""}, {""name"": ""rsv_drop_nhindex"", ""type"": ""str""}, {""name"": ""rsv_egr_lag_not_local_drop_cnt"", ""type"": ""str""}, {""name"": ""rsv_mldp_egr_drop"", ""type"": ""str""}, {""name"": ""unknown_l2_on_l3_discard"", ""type"": ""str""}]",TextFSM template: cisco_xr_show_drops_np_all.textfsm,2026-02-27T17:13:28.655888
textfsm,show hsrp,cisco_xr,"[{""name"": ""interface"", ""type"": ""str""}, {""name"": ""group"", ""type"": ""str""}, {""name"": ""prio"", ""type"": ""str""}, {""name"": ""preempt"", ""type"": ""str""}, {""name"": ""state"", ""type"": ""str""}, {""name"": ""active_addr"", ""type"": ""str""}, {""name"": ""standby_addr"", ""type"": ""str""}, {""name"": ""group_addr"", ""type"": ""str""}]",TextFSM template: cisco_xr_show_hsrp.textfsm,2026-02-27T17:13:28.655888
textfsm,show install active,cisco_xr,"[{""name"": ""node"", ""type"": ""str""}, {""name"": ""node_type"", ""type"": ""str""}, {""name"": ""boot_partition"", ""type"": ""str""}, {""name"": ""boot_device"", ""type"": ""str""}, {""name"": ""boot_image"", ""type"": ""str""}, {""name"": ""packages"", ""type"": ""str""}]",TextFSM template: cisco_xr_show_install_active.textfsm,2026-02-27T17:13:28.655888
textfsm,show interface brief,cisco_xr,"[{""name"": ""interface"", ""type"": ""str""}, {""name"": ""intf_state"", ""type"": ""str""}, {""name"": ""linep_state"", ""type"": ""str""}, {""name"": ""encap_type"", ""type"": ""str""}, {""name"": ""mtu"", ""type"": ""str""}, {""name"": ""int_bw"", ""type"": ""str""}]",TextFSM template: cisco_xr_show_interface_brief.textfsm,2026-02-27T17:13:28.655888
textfsm,show interfaces,cisco_xr,"[{""name"": ""interface"", ""type"": ""str""}, {""name"": ""link_status"", ""type"": ""str""}, {""name"": ""admin_state"", ""type"": ""str""}, {""name"": ""hardware_type"", ""type"": ""str""}, {""name"": ""mac_address"", ""type"": ""str""}, {""name"": ""bia"", ""type"": ""str""}, {""name"": ""description"", ""type"": ""str""}, {""name"": ""ip_address"", ""type"": ""str""}, {""name"": ""mtu"", ""type"": ""str""}, {""name"": ""duplex"", ""type"": ""str""}, {""name"": ""hardware_media"", ""type"": ""str""}, {""name"": ""speed"", ""type"": ""str""}, {""name"": ""bandwidth"", ""type"": ""str""}, {""name"": ""encapsulation"", ""type"": ""str""}, {""name"": ""vlan_id"", ""type"": ""str""}, {""name"": ""last_input"", ""type"": ""str""}, {""name"": ""last_output"", ""type"": ""str""}, {""name"": ""input_rate"", ""type"": ""str""}, {""name"": ""output_rate"", ""type"": ""str""}, {""name"": ""input_pps"", ""type"": ""str""}, {""name"": ""output_pps"", ""type"": ""str""}, {""name"": ""input_packets"", ""type"": ""str""}, {""name"": ""output_packets"", ""type"": ""str""}, {""name"": ""runts"", ""type"": ""str""}, {""name"": ""giants"", ""type"": ""str""}, {""name"": ""input_errors"", ""type"": ""str""}, {""name"": ""crc"", ""type"": ""str""}, {""name"": ""frame"", ""type"": ""str""}, {""name"": ""overrun"", ""type"": ""str""}, {""name"": ""abort"", ""type"": ""str""}, {""name"": ""output_errors"", ""type"": ""str""}]",TextFSM template: cisco_xr_show_interfaces.textfsm,2026-02-27T17:13:28.655888
textfsm,show interfaces description,cisco_xr,"[{""name"": ""interface"", ""type"": ""str""}, {""name"": ""status"", ""type"": ""str""}, {""name"": ""protocol"", ""type"": ""str""}, {""name"": ""description"", ""type"": ""str""}]",TextFSM template: cisco_xr_show_interfaces_description.textfsm,2026-02-27T17:13:28.655888
textfsm,show interfaces summary,cisco_xr,"[{""name"": ""intf_type"", ""type"": ""str""}, {""name"": ""total"", ""type"": ""str""}, {""name"": ""up"", ""type"": ""str""}, {""name"": ""down"", ""type"": ""str""}, {""name"": ""admin_down"", ""type"": ""str""}]",TextFSM template: cisco_xr_show_interfaces_summary.textfsm,2026-02-27T17:13:28.655888
textfsm,show ip bgp summary,cisco_xr,"[{""name"": ""router_id"", ""type"": ""str""}, {""name"": ""local_as"", ""type"": ""str""}, {""name"": ""bgp_neigh"", ""type"": ""str""}, {""name"": ""neigh_as"", ""type"": ""str""}, {""name"": ""msg_rcvd"", ""type"": ""str""}, {""name"": ""msg_sent"", ""type"": ""str""}, {""name"": ""in_queue"", ""type"": ""str""}, {""name"": ""out_queue"", ""type"": ""str""}, {""name"": ""up_down"", ""type"": ""str""}, {""name"": ""state_pfxrcd"", ""type"": ""str""}]",TextFSM template: cisco_xr_show_ip_bgp_summary.textfsm,2026-02-27T17:13:28.655888
textfsm,show ip interface brief,cisco_xr,"[{""name"": ""interface"", ""type"": ""str""}, {""name"": ""ip_address"", ""type"": ""str""}, {""name"": ""status"", ""type"": ""str""}, {""name"": ""proto"", ""type"": ""str""}, {""name"": ""vrf"", ""type"": ""str""}]",TextFSM template: cisco_xr_show_ip_interface_brief.textfsm,2026-02-27T17:13:28.655888
textfsm,show ip route,cisco_xr,"[{""name"": ""vrf"", ""type"": ""str""}, {""name"": ""protocol"", ""type"": ""str""}, {""name"": ""network"", ""type"": ""str""}, {""name"": ""prefix_length"", ""type"": ""str""}, {""name"": ""distance"", ""type"": ""str""}, {""name"": ""metric"", ""type"": ""str""}, {""name"": ""type"", ""type"": ""str""}, {""name"": ""next_hop"", ""type"": ""str""}, {""name"": ""interface"", ""type"": ""str""}, {""name"": ""uptime"", ""type"": ""str""}]",TextFSM template: cisco_xr_show_ip_route.textfsm,2026-02-27T17:13:28.655888
textfsm,show ipv4 interface,cisco_xr,"[{""name"": ""interface"", ""type"": ""str""}, {""name"": ""link_status"", ""type"": ""str""}, {""name"": ""protocol"", ""type"": ""str""}, {""name"": ""protocol_status"", ""type"": ""str""}, {""name"": ""vrf"", ""type"": ""str""}, {""name"": ""vrf_id"", ""type"": ""str""}, {""name"": ""ip_address"", ""type"": ""str""}, {""name"": ""sec_ip_address"", ""type"": ""str""}, {""name"": ""prefix_length"", ""type"": ""str""}, {""name"": ""sec_prefix_length"", ""type"": ""str""}, {""name"": ""mtu"", ""type"": ""str""}, {""name"": ""ip_mtu"", ""type"": ""str""}, {""name"": ""multicast_groups"", ""type"": ""str""}, {""name"": ""out_acl"", ""type"": ""str""}, {""name"": ""in_acl"", ""type"": ""str""}, {""name"": ""rpf_check"", ""type"": ""str""}]",TextFSM template: cisco_xr_show_ipv4_interface.textfsm,2026-02-27T17:13:28.655888
textfsm,show ipv4 vrf all interface brief,cisco_xr,"[{""name"": ""interface"", ""type"": ""str""}, {""name"": ""ip_address"", ""type"": ""str""}, {""name"": ""status"", ""type"": ""str""}, {""name"": ""proto"", ""type"": ""str""}, {""name"": ""vrf"", ""type"": ""str""}]",TextFSM template: cisco_xr_show_ipv4_vrf_all_interface_brief.textfsm,2026-02-27T17:13:28.655888
textfsm,show ipv6 neighbors,cisco_xr,"[{""name"": ""ipv6_address"", ""type"": ""str""}, {""name"": ""age"", ""type"": ""str""}, {""name"": ""mac_address"", ""type"": ""str""}, {""name"": ""state"", ""type"": ""str""}, {""name"": ""interface"", ""type"": ""str""}, {""name"": ""location"", ""type"": ""str""}]",TextFSM template: cisco_xr_show_ipv6_neighbors.textfsm,2026-02-27T17:13:28.655888
textfsm,show isis neighbors,cisco_xr,"[{""name"": ""system_id"", ""type"": ""str""}, {""name"": ""interface"", ""type"": ""str""}, {""name"": ""snpa"", ""type"": ""str""}, {""name"": ""state"", ""type"": ""str""}, {""name"": ""hold_time"", ""type"": ""str""}, {""name"": ""type"", ""type"": ""str""}, {""name"": ""ietf_nsf"", ""type"": ""str""}]",TextFSM template: cisco_xr_show_isis_neighbors.textfsm,2026-02-27T17:13:28.655888
textfsm,show l2vpn mac-learning mac all location,cisco_xr,"[{""name"": ""topo_id"", ""type"": ""str""}, {""name"": ""producer"", ""type"": ""str""}, {""name"": ""next_hop"", ""type"": ""str""}, {""name"": ""mac_address"", ""type"": ""str""}]",TextFSM template: cisco_xr_show_l2vpn_mac-learning_mac_all_location.textfsm,2026-02-27T17:13:28.655888
textfsm,show lldp neighbors,cisco_xr,"[{""name"": ""neighbor_name"", ""type"": ""str""}, {""name"": ""local_interface"", ""type"": ""str""}, {""name"": ""neighbor_interface"", ""type"": ""str""}]",TextFSM template: cisco_xr_show_lldp_neighbors.textfsm,2026-02-27T17:13:28.655888
textfsm,show lldp neighbors detail,cisco_xr,"[{""name"": ""local_interface"", ""type"": ""str""}, {""name"": ""chassis_id"", ""type"": ""str""}, {""name"": ""neighbor_port_description"", ""type"": ""str""}, {""name"": ""neighbor_port_id"", ""type"": ""str""}, {""name"": ""neighbor"", ""type"": ""str""}, {""name"": ""system_description"", ""type"": ""str""}, {""name"": ""capabilities"", ""type"": ""str""}, {""name"": ""management_ip"", ""type"": ""str""}, {""name"": ""management_ipv6"", ""type"": ""str""}, {""name"": ""mac_address"", ""type"": ""str""}]",TextFSM template: cisco_xr_show_lldp_neighbors_detail.textfsm,2026-02-27T17:13:28.655888
textfsm,show lpts pifib hardware police location,cisco_xr,"[{""name"": ""location"", ""type"": ""str""}, {""name"": ""flowtype"", ""type"": ""str""}, {""name"": ""policer"", ""type"": ""str""}, {""name"": ""type"", ""type"": ""str""}, {""name"": ""cur_rate"", ""type"": ""str""}, {""name"": ""def_rate"", ""type"": ""str""}, {""name"": ""accepted"", ""type"": ""str""}, {""name"": ""dropped"", ""type"": ""str""}, {""name"": ""tos_value"", ""type"": ""str""}]",TextFSM template: cisco_xr_show_lpts_pifib_hardware_police_location.textfsm,2026-02-27T17:13:28.655888
textfsm,show mpls ldp neighbor brief,cisco_xr,"[{""name"": ""peer"", ""type"": ""str""}, {""name"": ""gr"", ""type"": ""str""}, {""name"": ""nsr"", ""type"": ""str""}, {""name"": ""uptime"", ""type"": ""str""}, {""name"": ""discovery_ipv4"", ""type"": ""str""}, {""name"": ""discovery_ipv6"", ""type"": ""str""}, {""name"": ""addresses_ipv4"", ""type"": ""str""}, {""name"": ""addresses_ipv6"", ""type"": ""str""}, {""name"": ""labels_ipv4"", ""type"": ""str""}, {""name"": ""labels_ipv6"", ""type"": ""str""}]",TextFSM template: cisco_xr_show_mpls_ldp_neighbor_brief.textfsm,2026-02-27T17:13:28.655888
textfsm,show ospf neighbor,cisco_xr,"[{""name"": ""neighbor_id"", ""type"": ""str""}, {""name"": ""priority"", ""type"": ""str""}, {""name"": ""state"", ""type"": ""str""}, {""name"": ""dead_time"", ""type"": ""str""}, {""name"": ""ip_address"", ""type"": ""str""}, {""name"": ""interface"", ""type"": ""str""}, {""name"": ""neighbor_uptime"", ""type"": ""str""}]",TextFSM template: cisco_xr_show_ospf_neighbor.textfsm,2026-02-27T17:13:28.655888
textfsm,show ospf vrf all interface brief,cisco_xr,"[{""name"": ""vrf"", ""type"": ""str""}, {""name"": ""interface"", ""type"": ""str""}, {""name"": ""process"", ""type"": ""str""}, {""name"": ""area"", ""type"": ""str""}, {""name"": ""ip_address"", ""type"": ""str""}, {""name"": ""prefix_length"", ""type"": ""str""}, {""name"": ""cost"", ""type"": ""str""}, {""name"": ""state"", ""type"": ""str""}, {""name"": ""neighbors"", ""type"": ""str""}]",TextFSM template: cisco_xr_show_ospf_vrf_all_interface_brief.textfsm,2026-02-27T17:13:28.655888
textfsm,show ospf vrf all neighbor,cisco_xr,"[{""name"": ""process"", ""type"": ""str""}, {""name"": ""vrf"", ""type"": ""str""}, {""name"": ""neighbor_id"", ""type"": ""str""}, {""name"": ""priority"", ""type"": ""str""}, {""name"": ""state"", ""type"": ""str""}, {""name"": ""dead_time"", ""type"": ""str""}, {""name"": ""ip_address"", ""type"": ""str""}, {""name"": ""interface"", ""type"": ""str""}, {""name"": ""neighbor_uptime"", ""type"": ""str""}]",TextFSM template: cisco_xr_show_ospf_vrf_all_neighbor.textfsm,2026-02-27T17:13:28.655888
textfsm,show pim ipv4 group-map,cisco_xr,"[{""name"": ""group_range"", ""type"": ""str""}, {""name"": ""protocol"", ""type"": ""str""}, {""name"": ""client"", ""type"": ""str""}, {""name"": ""groups"", ""type"": ""str""}, {""name"": ""rp_address"", ""type"": ""str""}, {""name"": ""info"", ""type"": ""str""}]",TextFSM template: cisco_xr_show_pim_ipv4_group-map.textfsm,2026-02-27T17:13:28.655888
textfsm,show pim ipv4 interface,cisco_xr,"[{""name"": ""vrf"", ""type"": ""str""}, {""name"": ""ip_address"", ""type"": ""str""}, {""name"": ""interface"", ""type"": ""str""}, {""name"": ""state"", ""type"": ""str""}, {""name"": ""neighbors"", ""type"": ""str""}, {""name"": ""hello_interval"", ""type"": ""str""}, {""name"": ""dr_priority"", ""type"": ""str""}, {""name"": ""dr"", ""type"": ""str""}]",TextFSM template: cisco_xr_show_pim_ipv4_interface.textfsm,2026-02-27T17:13:28.655888
textfsm,show pim ipv4 neighbor,cisco_xr,"[{""name"": ""vrf"", ""type"": ""str""}, {""name"": ""neighbor"", ""type"": ""str""}, {""name"": ""interface"", ""type"": ""str""}, {""name"": ""uptime"", ""type"": ""str""}, {""name"": ""expires"", ""type"": ""str""}, {""name"": ""dr_priority"", ""type"": ""str""}, {""name"": ""flags"", ""type"": ""str""}]",TextFSM template: cisco_xr_show_pim_ipv4_neighbor.textfsm,2026-02-27T17:13:28.655888
textfsm,show pim neighbor,cisco_xr,"[{""name"": ""neighbor"", ""type"": ""str""}, {""name"": ""interface"", ""type"": ""str""}, {""name"": ""uptime"", ""type"": ""str""}, {""name"": ""expires"", ""type"": ""str""}, {""name"": ""dr"", ""type"": ""str""}, {""name"": ""pri"", ""type"": ""str""}, {""name"": ""flags"", ""type"": ""str""}]",TextFSM template: cisco_xr_show_pim_neighbor.textfsm,2026-02-27T17:13:28.655888
textfsm,show platform summary location all,cisco_xr,"[{""name"": ""platform_node"", ""type"": ""str""}, {""name"": ""part_id"", ""type"": ""str""}, {""name"": ""card_type"", ""type"": ""str""}, {""name"": ""hw_version"", ""type"": ""str""}, {""name"": ""serial_number"", ""type"": ""str""}, {""name"": ""oper_state"", ""type"": ""str""}, {""name"": ""last_reset"", ""type"": ""str""}, {""name"": ""last_reset_process"", ""type"": ""str""}, {""name"": ""last_reset_time"", ""type"": ""str""}, {""name"": ""configuration"", ""type"": ""str""}, {""name"": ""rommon_version"", ""type"": ""str""}, {""name"": ""ios_version"", ""type"": ""str""}, {""name"": ""main_power"", ""type"": ""str""}, {""name"": ""faults"", ""type"": ""str""}]",TextFSM template: cisco_xr_show_platform_summary_location_all.textfsm,2026-02-27T17:13:28.655888
textfsm,show processes cpu,cisco_xr,"[{""name"": ""cpu_1_min"", ""type"": ""str""}, {""name"": ""cpu_5_min"", ""type"": ""str""}, {""name"": ""cpu_15_min"", ""type"": ""str""}]",TextFSM template: cisco_xr_show_processes_cpu.textfsm,2026-02-27T17:13:28.655888
textfsm,show redundancy summary,cisco_xr,"[{""name"": ""primary"", ""type"": ""str""}, {""name"": ""backup"", ""type"": ""str""}, {""name"": ""status"", ""type"": ""str""}, {""name"": ""nsr"", ""type"": ""str""}]",TextFSM template: cisco_xr_show_redundancy_summary.textfsm,2026-02-27T17:13:28.655888
textfsm,show rsvp neighbors,cisco_xr,"[{""name"": ""global_neighbor"", ""type"": ""str""}, {""name"": ""interface_neighbor"", ""type"": ""str""}, {""name"": ""interface"", ""type"": ""str""}]",TextFSM template: cisco_xr_show_rsvp_neighbors.textfsm,2026-02-27T17:13:28.655888
textfsm,show running-config hostname,cisco_xr,"[{""name"": ""hostname"", ""type"": ""str""}]",TextFSM template: cisco_xr_show_running-config_hostname.textfsm,2026-02-27T17:13:28.655888
textfsm,show version,cisco_xr,"[{""name"": ""version"", ""type"": ""str""}, {""name"": ""uptime"", ""type"": ""str""}, {""name"": ""location"", ""type"": ""str""}, {""name"": ""hardware"", ""type"": ""str""}, {""name"": ""build_host"", ""type"": ""str""}, {""name"": ""label"", ""type"": ""str""}]",TextFSM template: cisco_xr_show_version.textfsm,2026-02-27T17:13:28.655888
textfsm,show version brief,cisco_xr,"[{""name"": ""version"", ""type"": ""str""}, {""name"": ""hostname"", ""type"": ""str""}, {""name"": ""uptime"", ""type"": ""str""}, {""name"": ""boot_image"", ""type"": ""str""}, {""name"": ""family"", ""type"": ""str""}, {""name"": ""model"", ""type"": ""str""}]",TextFSM template: cisco_xr_show_version_brief.textfsm,2026-02-27T17:13:28.655888
textfsm,show vrf all detail,cisco_xr,"[{""name"": ""vrf"", ""type"": ""str""}, {""name"": ""rd"", ""type"": ""str""}, {""name"": ""rt_import"", ""type"": ""str""}, {""name"": ""rt_export"", ""type"": ""str""}, {""name"": ""vpn_id"", ""type"": ""str""}, {""name"": ""mode"", ""type"": ""str""}, {""name"": ""description"", ""type"": ""str""}, {""name"": ""interfaces"", ""type"": ""str""}]",TextFSM template: cisco_xr_show_vrf_all_detail.textfsm,2026-02-27T17:13:28.655888
textfsm,show arp,dell_force10,"[{""name"": ""ip_address"", ""type"": ""str""}, {""name"": ""mac_address"", ""type"": ""str""}, {""name"": ""port"", ""type"": ""str""}, {""name"": ""age"", ""type"": ""str""}, {""name"": ""vlan_id"", ""type"": ""str""}]",TextFSM template: dell_force10_show_arp.textfsm,2026-02-27T17:13:28.655888
textfsm,show ip interface brief,dell_force10,"[{""name"": ""interface"", ""type"": ""str""}, {""name"": ""ip_address"", ""type"": ""str""}, {""name"": ""ok"", ""type"": ""str""}, {""name"": ""method"", ""type"": ""str""}, {""name"": ""status"", ""type"": ""str""}, {""name"": ""proto"", ""type"": ""str""}]",TextFSM template: dell_force10_show_ip_interface_brief.textfsm,2026-02-27T17:13:28.655888
textfsm,show version,dell_force10,"[{""name"": ""os_version"", ""type"": ""str""}, {""name"": ""uptime"", ""type"": ""str""}, {""name"": ""device_type"", ""type"": ""str""}]",TextFSM template: dell_force10_show_version.textfsm,2026-02-27T17:13:28.655888
textfsm,show vlan,dell_force10,"[{""name"": ""vlan_id"", ""type"": ""str""}, {""name"": ""status"", ""type"": ""str""}, {""name"": ""vlan_name"", ""type"": ""str""}, {""name"": ""ports_u_gi"", ""type"": ""str""}, {""name"": ""ports_t_gi"", ""type"": ""str""}, {""name"": ""ports_u_te"", ""type"": ""str""}, {""name"": ""ports_t_te"", ""type"": ""str""}, {""name"": ""ports_u_fo"", ""type"": ""str""}, {""name"": ""ports_t_fo"", ""type"": ""str""}, {""name"": ""ports_u_ma"", ""type"": ""str""}, {""name"": ""ports_t_ma"", ""type"": ""str""}]",TextFSM template: dell_force10_show_vlan.textfsm,2026-02-27T17:13:28.655888
textfsm,show vlan brief,dell_force10,"[{""name"": ""vlan_id"", ""type"": ""str""}, {""name"": ""vlan_name"", ""type"": ""str""}, {""name"": ""stg"", ""type"": ""str""}, {""name"": ""mac_aging"", ""type"": ""str""}, {""name"": ""ip_address"", ""type"": ""str""}]",TextFSM template: dell_force10_show_vlan_brief.textfsm,2026-02-27T17:13:28.655888
textfsm,show bridge address table,dell_powerconnect,"[{""name"": ""destination_address"", ""type"": ""str""}, {""name"": ""type"", ""type"": ""str""}, {""name"": ""vlan_id"", ""type"": ""str""}, {""name"": ""destination_port"", ""type"": ""str""}]",TextFSM template: dell_powerconnect_show_bridge_address_table.textfsm,2026-02-27T17:13:28.655888
textfsm,show interfaces description,dell_powerconnect,"[{""name"": ""interface"", ""type"": ""str""}, {""name"": ""description"", ""type"": ""str""}]",TextFSM template: dell_powerconnect_show_interfaces_description.textfsm,2026-02-27T17:13:28.655888
textfsm,show interfaces status,dell_powerconnect,"[{""name"": ""port"", ""type"": ""str""}, {""name"": ""type"", ""type"": ""str""}, {""name"": ""duplex"", ""type"": ""str""}, {""name"": ""speed"", ""type"": ""str""}, {""name"": ""neg"", ""type"": ""str""}, {""name"": ""flowctrl"", ""type"": ""str""}, {""name"": ""linkstate"", ""type"": ""str""}, {""name"": ""backpressure"", ""type"": ""str""}, {""name"": ""mdixmode"", ""type"": ""str""}]",TextFSM template: dell_powerconnect_show_interfaces_status.textfsm,2026-02-27T17:13:28.655888
textfsm,show arpentry,dlink_ds,"[{""name"": ""interface"", ""type"": ""str""}, {""name"": ""ip_address"", ""type"": ""str""}, {""name"": ""mac_address"", ""type"": ""str""}, {""name"": ""type"", ""type"": ""str""}]",TextFSM template: dlink_ds_show_arpentry.textfsm,2026-02-27T17:13:28.655888
textfsm,interfaces brief,edgecore_show,"[{""name"": ""interface"", ""type"": ""str""}, {""name"": ""name"", ""type"": ""str""}, {""name"": ""status"", ""type"": ""str""}, {""name"": ""vlan_id"", ""type"": ""str""}, {""name"": ""priority"", ""type"": ""str""}, {""name"": ""negotiation"", ""type"": ""str""}, {""name"": ""speed"", ""type"": ""str""}, {""name"": ""duplex"", ""type"": ""str""}, {""name"": ""type"", ""type"": ""str""}, {""name"": ""trunk"", ""type"": ""str""}]",TextFSM template: edgecore_show_interfaces_brief.textfsm,2026-02-27T17:13:28.655888
textfsm,interfaces status,edgecore_show,"[{""name"": ""port"", ""type"": ""str""}, {""name"": ""port_type"", ""type"": ""str""}, {""name"": ""address"", ""type"": ""str""}, {""name"": ""name"", ""type"": ""str""}, {""name"": ""port_admin"", ""type"": ""str""}, {""name"": ""mdix_mode"", ""type"": ""str""}, {""name"": ""negotiation"", ""type"": ""str""}, {""name"": ""speed"", ""type"": ""str""}, {""name"": ""duplex"", ""type"": ""str""}, {""name"": ""capabilities"", ""type"": ""str""}, {""name"": ""broadcast_storm"", ""type"": ""str""}, {""name"": ""broadcast_storm_limit"", ""type"": ""str""}, {""name"": ""multicast_storm"", ""type"": ""str""}, {""name"": ""multicast_storm_limit"", ""type"": ""str""}, {""name"": ""unknownunicast_storm"", ""type"": ""str""}, {""name"": ""unknownunicast_storm_limit"", ""type"": ""str""}, {""name"": ""flow_control"", ""type"": ""str""}, {""name"": ""vlan_trunking"", ""type"": ""str""}, {""name"": ""lacp"", ""type"": ""str""}, {""name"": ""port_security"", ""type"": ""str""}, {""name"": ""max_mac_count"", ""type"": ""str""}, {""name"": ""port_security_action"", ""type"": ""str""}, {""name"": ""media_type"", ""type"": ""str""}, {""name"": ""giga_phy_mode"", ""type"": ""str""}, {""name"": ""link_status"", ""type"": ""str""}, {""name"": ""link_down_reason"", ""type"": ""str""}, {""name"": ""operation_status"", ""type"": ""str""}, {""name"": ""port_uptime"", ""type"": ""str""}, {""name"": ""flow_control_type"", ""type"": ""str""}]",TextFSM template: edgecore_show_interfaces_status.textfsm,2026-02-27T17:13:28.655888
textfsm,interfaces switchport,edgecore_show,"[{""name"": ""interface"", ""type"": ""str""}, {""name"": ""broadcast_threshold"", ""type"": ""str""}, {""name"": ""multicast_threshold"", ""type"": ""str""}, {""name"": ""unicast_threshold"", ""type"": ""str""}, {""name"": ""unknown_unicast_threshold"", ""type"": ""str""}, {""name"": ""lacp_status"", ""type"": ""str""}, {""name"": ""ingress_rate_limit"", ""type"": ""str""}, {""name"": ""egress_rate_limit"", ""type"": ""str""}, {""name"": ""vlan_membership_mode"", ""type"": ""str""}, {""name"": ""ingress_rule"", ""type"": ""str""}, {""name"": ""acceptable_frame_type"", ""type"": ""str""}, {""name"": ""native_vlan"", ""type"": ""str""}, {""name"": ""priority_for_untagged_traffic"", ""type"": ""str""}, {""name"": ""gvrp_status"", ""type"": ""str""}, {""name"": ""allowed_vlan"", ""type"": ""str""}, {""name"": ""allowed_vlan_tag"", ""type"": ""str""}, {""name"": ""forbidden_vlan"", ""type"": ""str""}, {""name"": ""forbidden_vlan_tag"", ""type"": ""str""}, {""name"": ""private_vlan_mode"", ""type"": ""str""}, {""name"": ""private_vlan_host_association"", ""type"": ""str""}, {""name"": ""private_vlan_mapping"", ""type"": ""str""}, {""name"": ""tunnel_status_802_1q"", ""type"": ""str""}, {""name"": ""tunnel_mode_802_1q"", ""type"": ""str""}, {""name"": ""tunnel_tpid_802_1q"", ""type"": ""str""}, {""name"": ""layer_2_protocol_tunnel"", ""type"": ""str""}]",TextFSM template: edgecore_show_interfaces_switchport.textfsm,2026-02-27T17:13:28.655888
textfsm,ip interface,edgecore_show,"[{""name"": ""ip"", ""type"": ""str""}, {""name"": ""netmask"", ""type"": ""str""}, {""name"": ""interface"", ""type"": ""str""}, {""name"": ""addr_mode"", ""type"": ""str""}]",TextFSM template: edgecore_show_ip_interface.textfsm,2026-02-27T17:13:28.655888
textfsm,system,edgecore_show,"[{""name"": ""description"", ""type"": ""str""}, {""name"": ""oid"", ""type"": ""str""}, {""name"": ""uptime"", ""type"": ""str""}, {""name"": ""hostname"", ""type"": ""str""}, {""name"": ""location"", ""type"": ""str""}, {""name"": ""contact"", ""type"": ""str""}, {""name"": ""address"", ""type"": ""str""}, {""name"": ""server_status"", ""type"": ""str""}, {""name"": ""server_port"", ""type"": ""str""}, {""name"": ""secure_server_status"", ""type"": ""str""}, {""name"": ""secure_server_port"", ""type"": ""str""}, {""name"": ""telnet_server_status"", ""type"": ""str""}, {""name"": ""telnet_server_port"", ""type"": ""str""}, {""name"": ""auth_login"", ""type"": ""str""}, {""name"": ""auth_enabled"", ""type"": ""str""}, {""name"": ""jumbo_frame_status"", ""type"": ""str""}, {""name"": ""post_results"", ""type"": ""str""}]",TextFSM template: edgecore_show_system.textfsm,2026-02-27T17:13:28.655888
textfsm,version,edgecore_show,"[{""name"": ""unit"", ""type"": ""str""}, {""name"": ""serial"", ""type"": ""str""}, {""name"": ""service_tag"", ""type"": ""str""}, {""name"": ""hardware_version"", ""type"": ""str""}, {""name"": ""chip_id"", ""type"": ""str""}, {""name"": ""epld_version"", ""type"": ""str""}, {""name"": ""num_of_ports"", ""type"": ""str""}, {""name"": ""power_status"", ""type"": ""str""}, {""name"": ""redundant_power_status"", ""type"": ""str""}, {""name"": ""loader_version"", ""type"": ""str""}, {""name"": ""rom_version"", ""type"": ""str""}, {""name"": ""operation_code_version"", ""type"": ""str""}]",TextFSM template: edgecore_show_version.textfsm,2026-02-27T17:13:28.655888
textfsm,vlan,edgecore_show,"[{""name"": ""vlan_id"", ""type"": ""str""}, {""name"": ""type"", ""type"": ""str""}, {""name"": ""vlan_name"", ""type"": ""str""}, {""name"": ""status"", ""type"": ""str""}, {""name"": ""ports"", ""type"": ""str""}]",TextFSM template: edgecore_show_vlan.textfsm,2026-02-27T17:13:28.655888
textfsm,interface,eltex_show,"[{""name"": ""interface"", ""type"": ""str""}, {""name"": ""status"", ""type"": ""str""}, {""name"": ""iface_index"", ""type"": ""str""}, {""name"": ""mac_address"", ""type"": ""str""}, {""name"": ""description"", ""type"": ""str""}, {""name"": ""mtu"", ""type"": ""str""}, {""name"": ""duplex_type"", ""type"": ""str""}, {""name"": ""speed"", ""type"": ""str""}, {""name"": ""link_type"", ""type"": ""str""}, {""name"": ""media_type"", ""type"": ""str""}, {""name"": ""uptime"", ""type"": ""str""}, {""name"": ""downtime"", ""type"": ""str""}, {""name"": ""link_aggregation_type"", ""type"": ""str""}, {""name"": ""link_modes"", ""type"": ""str""}, {""name"": ""flow_control_status"", ""type"": ""str""}, {""name"": ""fec_status"", ""type"": ""str""}, {""name"": ""mdix_mode_status"", ""type"": ""str""}, {""name"": ""iface_in_po_num"", ""type"": ""str""}, {""name"": ""active_iface_in_po_num"", ""type"": ""str""}, {""name"": ""min_iface_required_in_po_num"", ""type"": ""str""}, {""name"": ""iface_in_po"", ""type"": ""str""}, {""name"": ""iface_in_po_bandwidth"", ""type"": ""str""}, {""name"": ""iface_in_po_status"", ""type"": ""str""}, {""name"": ""sum_bandwidth"", ""type"": ""str""}, {""name"": ""input_rate"", ""type"": ""str""}, {""name"": ""output_rate"", ""type"": ""str""}, {""name"": ""input_packets"", ""type"": ""str""}, {""name"": ""bytes_received"", ""type"": ""str""}, {""name"": ""broadcasts_num"", ""type"": ""str""}, {""name"": ""multicasts_num"", ""type"": ""str""}, {""name"": ""input_err_num"", ""type"": ""str""}, {""name"": ""fcs_num"", ""type"": ""str""}, {""name"": ""alignments_num"", ""type"": ""str""}, {""name"": ""oversize_num"", ""type"": ""str""}, {""name"": ""internal_mac_num"", ""type"": ""str""}, {""name"": ""pause_frames_received"", ""type"": ""str""}, {""name"": ""output_packets"", ""type"": ""str""}, {""name"": ""bytes_sent"", ""type"": ""str""}, {""name"": ""output_err_num"", ""type"": ""str""}, {""name"": ""collisions_num"", ""type"": ""str""}, {""name"": ""excessive_collisions_num"", ""type"": ""str""}, {""name"": ""late_collisions_num"", ""type"": ""str""}, {""name"": ""pause_frames_sent"", ""type"": ""str""}, {""name"": ""symbol_err_num"", ""type"": ""str""}, {""name"": ""carrier_num"", ""type"": ""str""}, {""name"": ""sqe_test_err_num"", ""type"": ""str""}, {""name"": ""output_queue_num"", ""type"": ""str""}, {""name"": ""output_queue_packets_passed"", ""type"": ""str""}, {""name"": ""output_queue_packets_dropped"", ""type"": ""str""}]",TextFSM template: eltex_show_interface.textfsm,2026-02-27T17:13:28.655888
textfsm,interfaces description,eltex_show,"[{""name"": ""interface"", ""type"": ""str""}, {""name"": ""interface_mode"", ""type"": ""str""}, {""name"": ""admin_state"", ""type"": ""str""}, {""name"": ""link_state"", ""type"": ""str""}, {""name"": ""description"", ""type"": ""str""}]",TextFSM template: eltex_show_interfaces_description.textfsm,2026-02-27T17:13:28.655888
textfsm,interfaces status,eltex_show,"[{""name"": ""interface"", ""type"": ""str""}, {""name"": ""type"", ""type"": ""str""}, {""name"": ""duplex"", ""type"": ""str""}, {""name"": ""speed"", ""type"": ""str""}, {""name"": ""bw"", ""type"": ""str""}, {""name"": ""neg"", ""type"": ""str""}, {""name"": ""flow_ctrl"", ""type"": ""str""}, {""name"": ""link_state"", ""type"": ""str""}, {""name"": ""up_time"", ""type"": ""str""}, {""name"": ""back_pressure"", ""type"": ""str""}, {""name"": ""mdix_mode"", ""type"": ""str""}, {""name"": ""interface_mode"", ""type"": ""str""}]",TextFSM template: eltex_show_interfaces_status.textfsm,2026-02-27T17:13:28.655888
textfsm,interfaces switchport,eltex_show,"[{""name"": ""interface"", ""type"": ""str""}, {""name"": ""interface_mode"", ""type"": ""str""}, {""name"": ""gvrp_status"", ""type"": ""str""}, {""name"": ""ingress_filtering"", ""type"": ""str""}, {""name"": ""acceptable_frame_type"", ""type"": ""str""}, {""name"": ""native_vlan"", ""type"": ""str""}, {""name"": ""protected"", ""type"": ""str""}, {""name"": ""vlan_id"", ""type"": ""str""}, {""name"": ""vlan_name"", ""type"": ""str""}, {""name"": ""egress_rule"", ""type"": ""str""}, {""name"": ""interface_membership_type"", ""type"": ""str""}, {""name"": ""added_by"", ""type"": ""str""}, {""name"": ""forbidden_vlan"", ""type"": ""str""}, {""name"": ""forbidden_vlan_name"", ""type"": ""str""}, {""name"": ""protocol_based_vlan_group_id"", ""type"": ""str""}, {""name"": ""protocol_based_vlan_id"", ""type"": ""str""}, {""name"": ""mac_based_vlan_group_id"", ""type"": ""str""}, {""name"": ""mac_based_vlan_id"", ""type"": ""str""}, {""name"": ""subnet_based_vlan_group_id"", ""type"": ""str""}, {""name"": ""subnet_based_vlan_id"", ""type"": ""str""}]",TextFSM template: eltex_show_interfaces_switchport.textfsm,2026-02-27T17:13:28.655888
textfsm,ip interface,eltex_show,"[{""name"": ""gateway_ip"", ""type"": ""str""}, {""name"": ""gateway_status"", ""type"": ""str""}, {""name"": ""gateway_type"", ""type"": ""str""}, {""name"": ""ip"", ""type"": ""str""}, {""name"": ""interface"", ""type"": ""str""}, {""name"": ""interface_status_admin"", ""type"": ""str""}, {""name"": ""interface_status_oper"", ""type"": ""str""}, {""name"": ""type"", ""type"": ""str""}, {""name"": ""directed_broadcast"", ""type"": ""str""}, {""name"": ""precedence"", ""type"": ""str""}, {""name"": ""redirect"", ""type"": ""str""}, {""name"": ""status"", ""type"": ""str""}]",TextFSM template: eltex_show_ip_interface.textfsm,2026-02-27T17:13:28.655888
textfsm,system,eltex_show,"[{""name"": ""description"", ""type"": ""str""}, {""name"": ""uptime"", ""type"": ""str""}, {""name"": ""contact"", ""type"": ""str""}, {""name"": ""hostname"", ""type"": ""str""}, {""name"": ""location"", ""type"": ""str""}, {""name"": ""address"", ""type"": ""str""}, {""name"": ""oid"", ""type"": ""str""}, {""name"": ""main_power_supply_status"", ""type"": ""str""}, {""name"": ""redundant_power_supply_status"", ""type"": ""str""}, {""name"": ""reset_btn_status"", ""type"": ""str""}, {""name"": ""fan_id"", ""type"": ""str""}, {""name"": ""fans_status"", ""type"": ""str""}, {""name"": ""sensor_id"", ""type"": ""str""}, {""name"": ""sensor_temp"", ""type"": ""str""}, {""name"": ""sensor_status"", ""type"": ""str""}, {""name"": ""unit_descriptions"", ""type"": ""str""}, {""name"": ""unit_main_power_supply"", ""type"": ""str""}, {""name"": ""unit_redundant_power_supply"", ""type"": ""str""}, {""name"": ""unit_fans_status"", ""type"": ""str""}, {""name"": ""unit_temp"", ""type"": ""str""}, {""name"": ""unit_temp_status"", ""type"": ""str""}]",TextFSM template: eltex_show_system.textfsm,2026-02-27T17:13:28.655888
textfsm,system id,eltex_show,"[{""name"": ""unit"", ""type"": ""str""}, {""name"": ""mac_address"", ""type"": ""str""}, {""name"": ""hardware_version"", ""type"": ""str""}, {""name"": ""serial_number"", ""type"": ""str""}]",TextFSM template: eltex_show_system_id.textfsm,2026-02-27T17:13:28.655888
textfsm,vlan,eltex_show,"[{""name"": ""vlan_id"", ""type"": ""str""}, {""name"": ""vlan_name"", ""type"": ""str""}, {""name"": ""type"", ""type"": ""str""}, {""name"": ""authorization"", ""type"": ""str""}, {""name"": ""created_by"", ""type"": ""str""}]",TextFSM template: eltex_show_vlan.textfsm,2026-02-27T17:13:28.655888
textfsm,show arp,ericsson_ipos,"[{""name"": ""host"", ""type"": ""str""}, {""name"": ""mac_address"", ""type"": ""str""}, {""name"": ""ttl"", ""type"": ""str""}, {""name"": ""type"", ""type"": ""str""}, {""name"": ""circuit"", ""type"": ""str""}, {""name"": ""context"", ""type"": ""str""}, {""name"": ""context_id"", ""type"": ""str""}]",TextFSM template: ericsson_ipos_show_arp.textfsm,2026-02-27T17:13:28.655888
textfsm,show isis adjacency,ericsson_ipos,"[{""name"": ""system_id"", ""type"": ""str""}, {""name"": ""interface"", ""type"": ""str""}, {""name"": ""l"", ""type"": ""str""}, {""name"": ""mt"", ""type"": ""str""}, {""name"": ""stat"", ""type"": ""str""}, {""name"": ""hold"", ""type"": ""str""}, {""name"": ""snpa"", ""type"": ""str""}, {""name"": ""uptime"", ""type"": ""str""}]",TextFSM template: ericsson_ipos_show_isis_adjacency.textfsm,2026-02-27T17:13:28.655888
textfsm,show version,ericsson_ipos,"[{""name"": ""version"", ""type"": ""str""}, {""name"": ""uptime"", ""type"": ""str""}]",TextFSM template: ericsson_ipos_show_version.textfsm,2026-02-27T17:13:28.655888
textfsm,show fdb,extreme_exos,"[{""name"": ""mac_address"", ""type"": ""str""}, {""name"": ""vlan_name"", ""type"": ""str""}, {""name"": ""vlan_id"", ""type"": ""str""}, {""name"": ""age"", ""type"": ""str""}, {""name"": ""interface"", ""type"": ""str""}]",TextFSM template: extreme_exos_show_fdb.textfsm,2026-02-27T17:13:28.655888
textfsm,show iparp,extreme_exos,"[{""name"": ""vr"", ""type"": ""str""}, {""name"": ""destination"", ""type"": ""str""}, {""name"": ""mac_address"", ""type"": ""str""}, {""name"": ""port"", ""type"": ""str""}, {""name"": ""static"", ""type"": ""str""}, {""name"": ""age"", ""type"": ""str""}, {""name"": ""vlan_name"", ""type"": ""str""}, {""name"": ""vlan_id"", ""type"": ""str""}]",TextFSM template: extreme_exos_show_iparp.textfsm,2026-02-27T17:13:28.655888
textfsm,show ipconfig,extreme_exos,"[{""name"": ""use_redirects"", ""type"": ""str""}, {""name"": ""ip_option_lsrr"", ""type"": ""str""}, {""name"": ""ip_option_ssrr"", ""type"": ""str""}, {""name"": ""ip_option_rr"", ""type"": ""str""}, {""name"": ""ip_option_ts"", ""type"": ""str""}, {""name"": ""ip_option_ra"", ""type"": ""str""}, {""name"": ""route_sharing"", ""type"": ""str""}, {""name"": ""route_compression"", ""type"": ""str""}, {""name"": ""originated_packets"", ""type"": ""str""}, {""name"": ""max_shared_gateways_current"", ""type"": ""str""}, {""name"": ""max_shared_gateways_configured"", ""type"": ""str""}, {""name"": ""route_sharing_hash"", ""type"": ""str""}, {""name"": ""irdp_advertisement_address"", ""type"": ""str""}, {""name"": ""irdp_max_interval"", ""type"": ""str""}, {""name"": ""irdp_min_interval"", ""type"": ""str""}, {""name"": ""irdp_lifetime"", ""type"": ""str""}, {""name"": ""irdp_preference"", ""type"": ""str""}, {""name"": ""interface"", ""type"": ""str""}, {""name"": ""ip"", ""type"": ""str""}, {""name"": ""subnet"", ""type"": ""str""}, {""name"": ""flags"", ""type"": ""str""}, {""name"": ""nsia"", ""type"": ""str""}]",TextFSM template: extreme_exos_show_ipconfig.textfsm,2026-02-27T17:13:28.655888
textfsm,show ports description,extreme_exos,"[{""name"": ""interface"", ""type"": ""str""}, {""name"": ""description"", ""type"": ""str""}]",TextFSM template: extreme_exos_show_ports_description.textfsm,2026-02-27T17:13:28.655888
textfsm,show ports information,extreme_exos,"[{""name"": ""interface"", ""type"": ""str""}, {""name"": ""flags"", ""type"": ""str""}, {""name"": ""link_state"", ""type"": ""str""}, {""name"": ""elsm"", ""type"": ""str""}, {""name"": ""oam"", ""type"": ""str""}, {""name"": ""link_ups"", ""type"": ""str""}, {""name"": ""num_stp"", ""type"": ""str""}, {""name"": ""num_vlan"", ""type"": ""str""}, {""name"": ""num_proto"", ""type"": ""str""}, {""name"": ""jumbo_size"", ""type"": ""str""}, {""name"": ""qos_profile"", ""type"": ""str""}, {""name"": ""load_master"", ""type"": ""str""}]",TextFSM template: extreme_exos_show_ports_information.textfsm,2026-02-27T17:13:28.655888
textfsm,show ports information detail,extreme_exos,"[{""name"": ""interface"", ""type"": ""str""}, {""name"": ""description"", ""type"": ""str""}, {""name"": ""virtual_router"", ""type"": ""str""}, {""name"": ""type"", ""type"": ""str""}, {""name"": ""random_early_drop"", ""type"": ""str""}, {""name"": ""admin_state"", ""type"": ""str""}, {""name"": ""link_state"", ""type"": ""str""}, {""name"": ""link_ups_num"", ""type"": ""str""}, {""name"": ""link_ups_last"", ""type"": ""str""}, {""name"": ""link_downs_num"", ""type"": ""str""}, {""name"": ""link_downs_last"", ""type"": ""str""}, {""name"": ""vlan_id"", ""type"": ""str""}]",TextFSM template: extreme_exos_show_ports_information_detail.textfsm,2026-02-27T17:13:28.655888
textfsm,show sharing,extreme_exos,"[{""name"": ""config_master"", ""type"": ""str""}, {""name"": ""current_master"", ""type"": ""str""}, {""name"": ""agg_control"", ""type"": ""str""}, {""name"": ""ld_share_algorithm"", ""type"": ""str""}, {""name"": ""ld_share_group"", ""type"": ""str""}, {""name"": ""agg_mbr"", ""type"": ""str""}, {""name"": ""link_state"", ""type"": ""str""}, {""name"": ""link_up_transitions"", ""type"": ""str""}]",TextFSM template: extreme_exos_show_sharing.textfsm,2026-02-27T17:13:28.655888
textfsm,show vlan description,extreme_exos,"[{""name"": ""vlan_name"", ""type"": ""str""}, {""name"": ""vlan_id"", ""type"": ""str""}, {""name"": ""description"", ""type"": ""str""}]",TextFSM template: extreme_exos_show_vlan_description.textfsm,2026-02-27T17:13:28.655888
textfsm,show clock,extreme_slxos,"[{""name"": ""year"", ""type"": ""str""}, {""name"": ""month"", ""type"": ""str""}, {""name"": ""day"", ""type"": ""str""}, {""name"": ""time"", ""type"": ""str""}, {""name"": ""timezone"", ""type"": ""str""}]",TextFSM template: extreme_slxos_show_clock.textfsm,2026-02-27T17:13:28.655888
textfsm,show ip interface brief,extreme_slxos,"[{""name"": ""interface"", ""type"": ""str""}, {""name"": ""ip_address"", ""type"": ""str""}, {""name"": ""vrf"", ""type"": ""str""}, {""name"": ""status"", ""type"": ""str""}, {""name"": ""protocol"", ""type"": ""str""}]",TextFSM template: extreme_slxos_show_ip_interface_brief.textfsm,2026-02-27T17:13:28.655888
textfsm,lldprx port neighbor details port-name,fortinet_diagnose,"[{""name"": ""port"", ""type"": ""str""}, {""name"": ""port_txt"", ""type"": ""str""}, {""name"": ""mac_address"", ""type"": ""str""}, {""name"": ""chassis_type"", ""type"": ""str""}, {""name"": ""chassis_type_txt"", ""type"": ""str""}, {""name"": ""chassis_data"", ""type"": ""str""}, {""name"": ""port_id_type"", ""type"": ""str""}, {""name"": ""port_id_type_txt"", ""type"": ""str""}, {""name"": ""port_id_len"", ""type"": ""str""}, {""name"": ""port_id_data"", ""type"": ""str""}, {""name"": ""ttl"", ""type"": ""str""}, {""name"": ""port_desc_len"", ""type"": ""str""}, {""name"": ""port_desc_data"", ""type"": ""str""}, {""name"": ""system_name_len"", ""type"": ""str""}, {""name"": ""system_name_data"", ""type"": ""str""}, {""name"": ""system_desc_len"", ""type"": ""str""}, {""name"": ""system_desc_data"", ""type"": ""str""}, {""name"": ""system_caps_available"", ""type"": ""str""}, {""name"": ""system_caps_available_txt"", ""type"": ""str""}, {""name"": ""system_caps_enabled"", ""type"": ""str""}, {""name"": ""system_caps_enabled_txt"", ""type"": ""str""}, {""name"": ""address_count"", ""type"": ""str""}, {""name"": ""address_1_type"", ""type"": ""str""}, {""name"": ""address_1_type_txt"", ""type"": ""str""}, {""name"": ""address_1_len"", ""type"": ""str""}, {""name"": ""address_1_addr"", ""type"": ""str""}, {""name"": ""address_1_addr_interface_type"", ""type"": ""str""}, {""name"": ""address_1_addr_interface_type_txt"", ""type"": ""str""}, {""name"": ""address_1_addr_interface_number"", ""type"": ""str""}, {""name"": ""vlan_id"", ""type"": ""str""}, {""name"": ""vlan_protocol_count"", ""type"": ""str""}, {""name"": ""vlan_protocol_1_flag"", ""type"": ""str""}, {""name"": ""vlan_protocol_1_flag_txt"", ""type"": ""str""}, {""name"": ""vlan_protocol_1_id"", ""type"": ""str""}, {""name"": ""vlan_name_count"", ""type"": ""str""}, {""name"": ""vlan_name_1_id"", ""type"": ""str""}, {""name"": ""vlan_name_1_len"", ""type"": ""str""}, {""name"": ""vlan_name_1_data"", ""type"": ""str""}, {""name"": ""aggregation_status"", ""type"": ""str""}, {""name"": ""aggregation_status_txt"", ""type"": ""str""}, {""name"": ""aggregation_port"", ""type"": ""str""}, {""name"": ""mac_phy_auto"", ""type"": ""str""}, {""name"": ""mac_phy_auto_txt"", ""type"": ""str""}, {""name"": ""mac_phy_pmd"", ""type"": ""str""}, {""name"": ""mac_phy_pmd_txt"", ""type"": ""str""}, {""name"": ""mac_phy_mau"", ""type"": ""str""}, {""name"": ""mac_phy_mau_txt"", ""type"": ""str""}, {""name"": ""power_status"", ""type"": ""str""}, {""name"": ""power_status_txt"", ""type"": ""str""}, {""name"": ""power_pair"", ""type"": ""str""}, {""name"": ""power_class"", ""type"": ""str""}, {""name"": ""max_frame_size"", ""type"": ""str""}]",TextFSM template: fortinet_diagnose_lldprx_port_neighbor_details_port-name.textfsm,2026-02-27T17:13:28.655888
textfsm,sys top,fortinet_diagnose,"[{""name"": ""uptime_days"", ""type"": ""str""}, {""name"": ""uptime_hours"", ""type"": ""str""}, {""name"": ""uptime_minutes"", ""type"": ""str""}, {""name"": ""userspace_app_cpu"", ""type"": ""str""}, {""name"": ""n_cpu"", ""type"": ""str""}, {""name"": ""system_app_cpu"", ""type"": ""str""}, {""name"": ""idle_cpu"", ""type"": ""str""}, {""name"": ""wa_cpu"", ""type"": ""str""}, {""name"": ""hi_cpu"", ""type"": ""str""}, {""name"": ""si_cpu"", ""type"": ""str""}, {""name"": ""st_cpu"", ""type"": ""str""}, {""name"": ""total_memory"", ""type"": ""str""}, {""name"": ""free_memory"", ""type"": ""str""}, {""name"": ""total_shared_memory_pages"", ""type"": ""str""}, {""name"": ""process_name"", ""type"": ""str""}, {""name"": ""process_id"", ""type"": ""str""}, {""name"": ""process_state"", ""type"": ""str""}, {""name"": ""process_cpu_usage"", ""type"": ""str""}, {""name"": ""process_memory_usage"", ""type"": ""str""}, {""name"": ""process_cpu_core"", ""type"": ""str""}]",TextFSM template: fortinet_diagnose_sys_top.textfsm,2026-02-27T17:13:28.655888
textfsm,date,fortinet_execute,"[{""name"": ""year"", ""type"": ""str""}, {""name"": ""month"", ""type"": ""str""}, {""name"": ""day"", ""type"": ""str""}]",TextFSM template: fortinet_execute_date.textfsm,2026-02-27T17:13:28.655888
textfsm,dhcp lease-list,fortinet_execute,"[{""name"": ""interface"", ""type"": ""str""}, {""name"": ""ip"", ""type"": ""str""}, {""name"": ""mac_address"", ""type"": ""str""}, {""name"": ""hostname"", ""type"": ""str""}, {""name"": ""vci"", ""type"": ""str""}, {""name"": ""ssid"", ""type"": ""str""}, {""name"": ""ap"", ""type"": ""str""}, {""name"": ""expiry"", ""type"": ""str""}]",TextFSM template: fortinet_execute_dhcp_lease-list.textfsm,2026-02-27T17:13:28.655888
textfsm,log display,fortinet_execute,"[{""name"": ""logs_found"", ""type"": ""str""}, {""name"": ""logs_returned"", ""type"": ""str""}, {""name"": ""logs_searched"", ""type"": ""str""}, {""name"": ""message_number"", ""type"": ""str""}, {""name"": ""year"", ""type"": ""str""}, {""name"": ""month"", ""type"": ""str""}, {""name"": ""day"", ""type"": ""str""}, {""name"": ""hour"", ""type"": ""str""}, {""name"": ""minute"", ""type"": ""str""}, {""name"": ""second"", ""type"": ""str""}, {""name"": ""message"", ""type"": ""str""}]",TextFSM template: fortinet_execute_log_display.textfsm,2026-02-27T17:13:28.655888
textfsm,ping,fortinet_execute,"[{""name"": ""sent_packet_size"", ""type"": ""str""}, {""name"": ""sent_packet_address"", ""type"": ""str""}, {""name"": ""sent_packet_icmp_seq"", ""type"": ""str""}, {""name"": ""sent_packet_ttl"", ""type"": ""str""}, {""name"": ""sent_packet_time"", ""type"": ""str""}, {""name"": ""address"", ""type"": ""str""}, {""name"": ""transmitted"", ""type"": ""str""}, {""name"": ""received"", ""type"": ""str""}, {""name"": ""packet_loss"", ""type"": ""str""}, {""name"": ""min_rtt"", ""type"": ""str""}, {""name"": ""avg_rtt"", ""type"": ""str""}, {""name"": ""max_rtt"", ""type"": ""str""}]",TextFSM template: fortinet_execute_ping.textfsm,2026-02-27T17:13:28.655888
textfsm,time,fortinet_execute,"[{""name"": ""hour"", ""type"": ""str""}, {""name"": ""minute"", ""type"": ""str""}, {""name"": ""second"", ""type"": ""str""}, {""name"": ""last_ntp_sync"", ""type"": ""str""}]",TextFSM template: fortinet_execute_time.textfsm,2026-02-27T17:13:28.655888
textfsm,traceroute,fortinet_execute,"[{""name"": ""destination_address"", ""type"": ""str""}, {""name"": ""hops_max"", ""type"": ""str""}, {""name"": ""packets_per_hop"", ""type"": ""str""}, {""name"": ""packet_size"", ""type"": ""str""}, {""name"": ""hop_num"", ""type"": ""str""}, {""name"": ""address"", ""type"": ""str""}, {""name"": ""details"", ""type"": ""str""}]",TextFSM template: fortinet_execute_traceroute.textfsm,2026-02-27T17:13:28.655888
textfsm,ifconfig,fortinet_fnsysctl,"[{""name"": ""nic"", ""type"": ""str""}, {""name"": ""link_encap"", ""type"": ""str""}, {""name"": ""hardware_address"", ""type"": ""str""}, {""name"": ""ip_address"", ""type"": ""str""}, {""name"": ""bcast"", ""type"": ""str""}, {""name"": ""mask"", ""type"": ""str""}, {""name"": ""link_local6"", ""type"": ""str""}, {""name"": ""link_local6_prefixlen"", ""type"": ""str""}, {""name"": ""multicast"", ""type"": ""str""}, {""name"": ""mtu"", ""type"": ""str""}, {""name"": ""metric"", ""type"": ""str""}, {""name"": ""rx_packets"", ""type"": ""str""}, {""name"": ""rx_errors"", ""type"": ""str""}, {""name"": ""rx_dropped"", ""type"": ""str""}, {""name"": ""rx_overruns"", ""type"": ""str""}, {""name"": ""rx_frame"", ""type"": ""str""}, {""name"": ""tx_packets"", ""type"": ""str""}, {""name"": ""tx_errors"", ""type"": ""str""}, {""name"": ""tx_dropped"", ""type"": ""str""}, {""name"": ""tx_overruns"", ""type"": ""str""}, {""name"": ""tx_carrier"", ""type"": ""str""}, {""name"": ""collisions"", ""type"": ""str""}, {""name"": ""tx_queue_len"", ""type"": ""str""}, {""name"": ""rx_bytes"", ""type"": ""str""}, {""name"": ""tx_bytes"", ""type"": ""str""}]",TextFSM template: fortinet_fnsysctl_ifconfig.textfsm,2026-02-27T17:13:28.655888
textfsm,hardware nic,fortinet_get,"[{""name"": ""nic"", ""type"": ""str""}]",TextFSM template: fortinet_get_hardware_nic.textfsm,2026-02-27T17:13:28.655888
textfsm,hardware nic nic-name,fortinet_get,"[{""name"": ""description"", ""type"": ""str""}, {""name"": ""driver_name"", ""type"": ""str""}, {""name"": ""board"", ""type"": ""str""}, {""name"": ""lif_id"", ""type"": ""str""}, {""name"": ""lif_oid"", ""type"": ""str""}, {""name"": ""netdev_oid"", ""type"": ""str""}, {""name"": ""current_hwaddr"", ""type"": ""str""}, {""name"": ""permanent_hwaddr"", ""type"": ""str""}, {""name"": ""admin"", ""type"": ""str""}, {""name"": ""netdev_status"", ""type"": ""str""}, {""name"": ""autonego_setting"", ""type"": ""str""}, {""name"": ""link_setting"", ""type"": ""str""}, {""name"": ""speed_setting"", ""type"": ""str""}, {""name"": ""duplex_setting"", ""type"": ""str""}, {""name"": ""speed"", ""type"": ""str""}, {""name"": ""duplex"", ""type"": ""str""}, {""name"": ""link_status"", ""type"": ""str""}, {""name"": ""rx_packets"", ""type"": ""str""}, {""name"": ""rx_bytes"", ""type"": ""str""}, {""name"": ""tx_packets"", ""type"": ""str""}, {""name"": ""tx_bytes"", ""type"": ""str""}, {""name"": ""host_rx_packets"", ""type"": ""str""}, {""name"": ""host_rx_bytes"", ""type"": ""str""}, {""name"": ""host_tx_packets"", ""type"": ""str""}, {""name"": ""host_tx_bytes"", ""type"": ""str""}, {""name"": ""host_tx_dropped"", ""type"": ""str""}, {""name"": ""fragtxcreate"", ""type"": ""str""}, {""name"": ""fragtxok"", ""type"": ""str""}, {""name"": ""fragtxdrop"", ""type"": ""str""}, {""name"": ""member_ports"", ""type"": ""str""}]",TextFSM template: fortinet_get_hardware_nic_nic-name.textfsm,2026-02-27T17:13:28.655888
textfsm,router info bgp neighbors,fortinet_get,"[{""name"": ""neighbor"", ""type"": ""str""}, {""name"": ""bgp_version"", ""type"": ""str""}, {""name"": ""remote_asn"", ""type"": ""str""}, {""name"": ""local_asn"", ""type"": ""str""}, {""name"": ""remote_router_id"", ""type"": ""str""}, {""name"": ""bgp_state"", ""type"": ""str""}, {""name"": ""uptime"", ""type"": ""str""}, {""name"": ""addr_family"", ""type"": ""str""}, {""name"": ""table_version"", ""type"": ""str""}, {""name"": ""nei_table_version"", ""type"": ""str""}, {""name"": ""inbound_routemap"", ""type"": ""str""}, {""name"": ""outbound_routemap"", ""type"": ""str""}, {""name"": ""accepted_prefixes"", ""type"": ""str""}, {""name"": ""accepted_prefixes_rib"", ""type"": ""str""}, {""name"": ""announced_prefixes"", ""type"": ""str""}, {""name"": ""localhost_ip"", ""type"": ""str""}, {""name"": ""localhost_port"", ""type"": ""str""}, {""name"": ""remote_ip"", ""type"": ""str""}, {""name"": ""remote_port"", ""type"": ""str""}, {""name"": ""nexthop_ip"", ""type"": ""str""}, {""name"": ""nexthop_interface"", ""type"": ""str""}]",TextFSM template: fortinet_get_router_info_bgp_neighbors.textfsm,2026-02-27T17:13:28.655888
textfsm,router info bgp summary,fortinet_get,"[{""name"": ""bgp_neigh"", ""type"": ""str""}, {""name"": ""neigh_as"", ""type"": ""str""}, {""name"": ""up_down"", ""type"": ""str""}, {""name"": ""state_pfxrcd"", ""type"": ""str""}]",TextFSM template: fortinet_get_router_info_bgp_summary.textfsm,2026-02-27T17:13:28.655888
textfsm,router info ospf status,fortinet_get,"[{""name"": ""process_name"", ""type"": ""str""}, {""name"": ""process_id"", ""type"": ""str""}, {""name"": ""process_status"", ""type"": ""str""}, {""name"": ""attached_areas_number"", ""type"": ""str""}, {""name"": ""attached_area"", ""type"": ""str""}, {""name"": ""attached_area_interfaces"", ""type"": ""str""}, {""name"": ""attached_area_fully_adjacent_neighbors"", ""type"": ""str""}]",TextFSM template: fortinet_get_router_info_ospf_status.textfsm,2026-02-27T17:13:28.655888
textfsm,router info routing-table all,fortinet_get,"[{""name"": ""type"", ""type"": ""str""}, {""name"": ""destination"", ""type"": ""str""}, {""name"": ""distance"", ""type"": ""str""}, {""name"": ""metric"", ""type"": ""str""}, {""name"": ""gateway"", ""type"": ""str""}, {""name"": ""interface"", ""type"": ""str""}, {""name"": ""last_time_update"", ""type"": ""str""}]",TextFSM template: fortinet_get_router_info_routing-table_all.textfsm,2026-02-27T17:13:28.655888
textfsm,system arp,fortinet_get,"[{""name"": ""ip_address"", ""type"": ""str""}, {""name"": ""age"", ""type"": ""str""}, {""name"": ""mac_address"", ""type"": ""str""}, {""name"": ""interface"", ""type"": ""str""}]",TextFSM template: fortinet_get_system_arp.textfsm,2026-02-27T17:13:28.655888
textfsm,system ha status,fortinet_get,"[{""name"": ""ha_health"", ""type"": ""str""}, {""name"": ""model"", ""type"": ""str""}, {""name"": ""ha_mode"", ""type"": ""str""}, {""name"": ""ha_group"", ""type"": ""str""}, {""name"": ""cluster_uptime"", ""type"": ""str""}, {""name"": ""cluster_state_changed_time"", ""type"": ""str""}, {""name"": ""ha_session_pickup_status"", ""type"": ""str""}, {""name"": ""ha_session_pickup_delay"", ""type"": ""str""}, {""name"": ""ha_override_status"", ""type"": ""str""}, {""name"": ""ha_master_unit_name"", ""type"": ""str""}, {""name"": ""ha_slave_unit_name"", ""type"": ""str""}, {""name"": ""ha_master_unit_serial"", ""type"": ""str""}, {""name"": ""ha_slave_unit_serial"", ""type"": ""str""}, {""name"": ""ha_master_unit_index"", ""type"": ""str""}, {""name"": ""ha_slave_unit_index"", ""type"": ""str""}]",TextFSM template: fortinet_get_system_ha_status.textfsm,2026-02-27T17:13:28.655888
textfsm,system interface,fortinet_get,"[{""name"": ""name"", ""type"": ""str""}, {""name"": ""mode"", ""type"": ""str""}, {""name"": ""management_ip"", ""type"": ""str""}, {""name"": ""management_netmask"", ""type"": ""str""}, {""name"": ""ip_address"", ""type"": ""str""}, {""name"": ""netmask"", ""type"": ""str""}, {""name"": ""status"", ""type"": ""str""}, {""name"": ""netbios_forward"", ""type"": ""str""}, {""name"": ""type"", ""type"": ""str""}, {""name"": ""ring_rx"", ""type"": ""str""}, {""name"": ""ring_tx"", ""type"": ""str""}, {""name"": ""netflow_sampler"", ""type"": ""str""}, {""name"": ""sflow_sampler"", ""type"": ""str""}, {""name"": ""scan_botnet_connections"", ""type"": ""str""}, {""name"": ""src_check"", ""type"": ""str""}, {""name"": ""explicit_web_proxy"", ""type"": ""str""}, {""name"": ""explicit_ftp_proxy"", ""type"": ""str""}, {""name"": ""proxy_captive_portal"", ""type"": ""str""}, {""name"": ""switch_controller_feature"", ""type"": ""str""}, {""name"": ""mtu_override"", ""type"": ""str""}, {""name"": ""wccp"", ""type"": ""str""}, {""name"": ""drop_overlapped_fragment"", ""type"": ""str""}, {""name"": ""drop_fragment"", ""type"": ""str""}]",TextFSM template: fortinet_get_system_interface.textfsm,2026-02-27T17:13:28.655888
textfsm,system interface physical,fortinet_get,"[{""name"": ""name"", ""type"": ""str""}, {""name"": ""mode"", ""type"": ""str""}, {""name"": ""ip_address"", ""type"": ""str""}, {""name"": ""netmask"", ""type"": ""str""}, {""name"": ""ipv6_address"", ""type"": ""str""}, {""name"": ""ipv6netmask"", ""type"": ""str""}, {""name"": ""status"", ""type"": ""str""}, {""name"": ""speed"", ""type"": ""str""}, {""name"": ""duplex"", ""type"": ""str""}, {""name"": ""fec"", ""type"": ""str""}, {""name"": ""fec_cap"", ""type"": ""str""}]",TextFSM template: fortinet_get_system_interface_physical.textfsm,2026-02-27T17:13:28.655888
textfsm,system status,fortinet_get,"[{""name"": ""hostname"", ""type"": ""str""}, {""name"": ""version"", ""type"": ""str""}, {""name"": ""security_level"", ""type"": ""str""}, {""name"": ""firmware_signature"", ""type"": ""str""}, {""name"": ""virus_db"", ""type"": ""str""}, {""name"": ""extended_db"", ""type"": ""str""}, {""name"": ""extreme_db"", ""type"": ""str""}, {""name"": ""ips_db"", ""type"": ""str""}, {""name"": ""ips_etdb"", ""type"": ""str""}, {""name"": ""app_db"", ""type"": ""str""}, {""name"": ""fmwp_db"", ""type"": ""str""}, {""name"": ""industrial_db"", ""type"": ""str""}, {""name"": ""serial_number"", ""type"": ""str""}, {""name"": ""license_status"", ""type"": ""str""}, {""name"": ""evaluation_license_expires"", ""type"": ""str""}, {""name"": ""vm_resources"", ""type"": ""str""}, {""name"": ""ips_malicious_url_database"", ""type"": ""str""}, {""name"": ""iot_detect"", ""type"": ""str""}, {""name"": ""ot_detect_db"", ""type"": ""str""}, {""name"": ""ot_patch_db"", ""type"": ""str""}, {""name"": ""ot_threat_db"", ""type"": ""str""}, {""name"": ""ips_engine"", ""type"": ""str""}, {""name"": ""botnet_db"", ""type"": ""str""}, {""name"": ""bios_version"", ""type"": ""str""}, {""name"": ""system_part_number"", ""type"": ""str""}, {""name"": ""log_hard_disk"", ""type"": ""str""}, {""name"": ""private_encryption"", ""type"": ""str""}, {""name"": ""operation_mode"", ""type"": ""str""}, {""name"": ""current_virtual_domain"", ""type"": ""str""}, {""name"": ""max_number_of_virtual_domains"", ""type"": ""str""}, {""name"": ""virtual_domains_status"", ""type"": ""str""}, {""name"": ""virtual_domain_configuration"", ""type"": ""str""}, {""name"": ""fips_cc_mode"", ""type"": ""str""}, {""name"": ""current_ha_mode"", ""type"": ""str""}, {""name"": ""cluster_uptime"", ""type"": ""str""}, {""name"": ""cluster_state_change_time"", ""type"": ""str""}, {""name"": ""branch_point"", ""type"": ""str""}, {""name"": ""release_version_information"", ""type"": ""str""}, {""name"": ""fortios_x86_64"", ""type"": ""str""}, {""name"": ""system_time"", ""type"": ""str""}, {""name"": ""av_ai_ml_model"", ""type"": ""str""}, {""name"": ""last_reboot_reason"", ""type"": ""str""}]",TextFSM template: fortinet_get_system_status.textfsm,2026-02-27T17:13:28.655888
textfsm,show ether,fsas_sir,"[{""name"": ""ether_group"", ""type"": ""str""}, {""name"": ""ether_port"", ""type"": ""str""}, {""name"": ""description"", ""type"": ""str""}, {""name"": ""status"", ""type"": ""str""}, {""name"": ""status_speed"", ""type"": ""str""}, {""name"": ""status_duplex"", ""type"": ""str""}, {""name"": ""status_mdi"", ""type"": ""str""}, {""name"": ""media"", ""type"": ""str""}, {""name"": ""flow_control_send"", ""type"": ""str""}, {""name"": ""flow_control_receive"", ""type"": ""str""}, {""name"": ""type"", ""type"": ""str""}, {""name"": ""since"", ""type"": ""str""}, {""name"": ""config_mode"", ""type"": ""str""}, {""name"": ""config_mdi"", ""type"": ""str""}, {""name"": ""config_media"", ""type"": ""str""}]",TextFSM template: fsas_sir_show_ether.textfsm,2026-02-27T17:13:28.655888
textfsm,show ip ospf neighbor,fsas_sir,"[{""name"": ""filldown"", ""type"": ""str""}, {""name"": ""neighbor_id"", ""type"": ""str""}, {""name"": ""priority"", ""type"": ""str""}, {""name"": ""state"", ""type"": ""str""}, {""name"": ""dead_time"", ""type"": ""str""}, {""name"": ""ip_address"", ""type"": ""str""}, {""name"": ""database_summary_list"", ""type"": ""str""}, {""name"": ""link_state_request_list"", ""type"": ""str""}, {""name"": ""link_state_retransmission_list"", ""type"": ""str""}]",TextFSM template: fsas_sir_show_ip_ospf_neighbor.textfsm,2026-02-27T17:13:28.655888
textfsm,show ip route,fsas_sir,"[{""name"": ""flag"", ""type"": ""str""}, {""name"": ""protocol"", ""type"": ""str""}, {""name"": ""network"", ""type"": ""str""}, {""name"": ""prefix_length"", ""type"": ""str""}, {""name"": ""gateway"", ""type"": ""str""}, {""name"": ""distance"", ""type"": ""str""}, {""name"": ""uptime"", ""type"": ""str""}, {""name"": ""interface"", ""type"": ""str""}]",TextFSM template: fsas_sir_show_ip_route.textfsm,2026-02-27T17:13:28.655888
textfsm,show system information,fsas_sir,"[{""name"": ""version"", ""type"": ""str""}, {""name"": ""serial"", ""type"": ""str""}, {""name"": ""system"", ""type"": ""str""}, {""name"": ""firmware"", ""type"": ""str""}, {""name"": ""config_file"", ""type"": ""str""}, {""name"": ""startup_time"", ""type"": ""str""}, {""name"": ""current_time"", ""type"": ""str""}, {""name"": ""firmware1_version"", ""type"": ""str""}, {""name"": ""firmware2_version"", ""type"": ""str""}]",TextFSM template: fsas_sir_show_system_information.textfsm,2026-02-27T17:13:28.655888
textfsm,show vlan,fsas_sir,"[{""name"": ""vlan_id"", ""type"": ""str""}, {""name"": ""vlan_name"", ""type"": ""str""}, {""name"": ""interfaces"", ""type"": ""str""}]",TextFSM template: fsas_sir_show_vlan.textfsm,2026-02-27T17:13:28.655888
textfsm,display arp,hp_comware,"[{""name"": ""ip_address"", ""type"": ""str""}, {""name"": ""mac_address"", ""type"": ""str""}, {""name"": ""vlan_id"", ""type"": ""str""}, {""name"": ""interface"", ""type"": ""str""}, {""name"": ""aging"", ""type"": ""str""}, {""name"": ""type"", ""type"": ""str""}]",TextFSM template: hp_comware_display_arp.textfsm,2026-02-27T17:13:28.655888
textfsm,display bgp peer ipv4,hp_comware,"[{""name"": ""local_router_id"", ""type"": ""str""}, {""name"": ""local_as_number"", ""type"": ""str""}, {""name"": ""required"", ""type"": ""str""}, {""name"": ""remote_asn"", ""type"": ""str""}, {""name"": ""messages_received"", ""type"": ""str""}, {""name"": ""messages_sent"", ""type"": ""str""}, {""name"": ""output_queue"", ""type"": ""str""}, {""name"": ""prefixes_received"", ""type"": ""str""}, {""name"": ""up_down"", ""type"": ""str""}, {""name"": ""state"", ""type"": ""str""}]",TextFSM template: hp_comware_display_bgp_peer_ipv4.textfsm,2026-02-27T17:13:28.655888
textfsm,display clock,hp_comware,"[{""name"": ""time"", ""type"": ""str""}, {""name"": ""timezone"", ""type"": ""str""}, {""name"": ""dayweek"", ""type"": ""str""}, {""name"": ""month"", ""type"": ""str""}, {""name"": ""day"", ""type"": ""str""}, {""name"": ""year"", ""type"": ""str""}]",TextFSM template: hp_comware_display_clock.textfsm,2026-02-27T17:13:28.655888
textfsm,display counters bound interface,hp_comware,"[{""name"": ""interface"", ""type"": ""str""}, {""name"": ""packets_total"", ""type"": ""str""}, {""name"": ""packets_broadcast"", ""type"": ""str""}, {""name"": ""packets_multicast"", ""type"": ""str""}, {""name"": ""packets_error"", ""type"": ""str""}]",TextFSM template: hp_comware_display_counters_bound_interface.textfsm,2026-02-27T17:13:28.655888
textfsm,display device manuinfo,hp_comware,"[{""name"": ""chassis_id"", ""type"": ""str""}, {""name"": ""slot_type"", ""type"": ""str""}, {""name"": ""slot_id"", ""type"": ""str""}, {""name"": ""device_name"", ""type"": ""str""}, {""name"": ""device_serial_number"", ""type"": ""str""}, {""name"": ""manufacturing_date"", ""type"": ""str""}, {""name"": ""vendor_name"", ""type"": ""str""}, {""name"": ""mac_address"", ""type"": ""str""}]",TextFSM template: hp_comware_display_device_manuinfo.textfsm,2026-02-27T17:13:28.655888
textfsm,display interface,hp_comware,"[{""name"": ""interface"", ""type"": ""str""}, {""name"": ""line_status"", ""type"": ""str""}, {""name"": ""protocol_status"", ""type"": ""str""}, {""name"": ""ip_address"", ""type"": ""str""}, {""name"": ""mtu"", ""type"": ""str""}, {""name"": ""l2mtu"", ""type"": ""str""}, {""name"": ""hw_address"", ""type"": ""str""}, {""name"": ""description"", ""type"": ""str""}, {""name"": ""bandwidth"", ""type"": ""str""}, {""name"": ""duplex"", ""type"": ""str""}, {""name"": ""speed"", ""type"": ""str""}, {""name"": ""port_link_type"", ""type"": ""str""}, {""name"": ""untagged_vlan_id"", ""type"": ""str""}, {""name"": ""vlan_native"", ""type"": ""str""}, {""name"": ""vlan_passing"", ""type"": ""str""}, {""name"": ""vlan_permitted"", ""type"": ""str""}]",TextFSM template: hp_comware_display_interface.textfsm,2026-02-27T17:13:28.655888
textfsm,display interface brief,hp_comware,"[{""name"": ""interface"", ""type"": ""str""}, {""name"": ""link"", ""type"": ""str""}, {""name"": ""protocol"", ""type"": ""str""}, {""name"": ""main_ip"", ""type"": ""str""}, {""name"": ""speed"", ""type"": ""str""}, {""name"": ""duplex"", ""type"": ""str""}, {""name"": ""type"", ""type"": ""str""}, {""name"": ""vlan_id"", ""type"": ""str""}, {""name"": ""description"", ""type"": ""str""}]",TextFSM template: hp_comware_display_interface_brief.textfsm,2026-02-27T17:13:28.655888
textfsm,display ip interface,hp_comware,"[{""name"": ""interface"", ""type"": ""str""}, {""name"": ""line_status"", ""type"": ""str""}, {""name"": ""protocol_status"", ""type"": ""str""}, {""name"": ""route_map"", ""type"": ""str""}, {""name"": ""ip_address"", ""type"": ""str""}, {""name"": ""mtu"", ""type"": ""str""}]",TextFSM template: hp_comware_display_ip_interface.textfsm,2026-02-27T17:13:28.655888
textfsm,display ip routing-table,hp_comware,"[{""name"": ""network"", ""type"": ""str""}, {""name"": ""prefix_length"", ""type"": ""str""}, {""name"": ""protocol"", ""type"": ""str""}, {""name"": ""distance"", ""type"": ""str""}, {""name"": ""metric"", ""type"": ""str""}, {""name"": ""nexthop_ip"", ""type"": ""str""}, {""name"": ""nexthop_if"", ""type"": ""str""}]",TextFSM template: hp_comware_display_ip_routing-table.textfsm,2026-02-27T17:13:28.655888
textfsm,display ip vpn-instance,hp_comware,"[{""name"": ""name"", ""type"": ""str""}, {""name"": ""rd"", ""type"": ""str""}]",TextFSM template: hp_comware_display_ip_vpn-instance.textfsm,2026-02-27T17:13:28.655888
textfsm,display ip vpn-instance instance-name,hp_comware,"[{""name"": ""name"", ""type"": ""str""}, {""name"": ""id"", ""type"": ""str""}, {""name"": ""rd"", ""type"": ""str""}, {""name"": ""ipv4_export_rts"", ""type"": ""str""}, {""name"": ""ipv4_import_rts"", ""type"": ""str""}, {""name"": ""ipv6_export_rts"", ""type"": ""str""}, {""name"": ""ipv6_import_rts"", ""type"": ""str""}, {""name"": ""description"", ""type"": ""str""}, {""name"": ""ipv4_export_policy"", ""type"": ""str""}, {""name"": ""ipv4_import_policy"", ""type"": ""str""}, {""name"": ""ipv4_tunnel_policy"", ""type"": ""str""}, {""name"": ""ipv6_export_policy"", ""type"": ""str""}, {""name"": ""ipv6_import_policy"", ""type"": ""str""}, {""name"": ""ipv6_tunnel_policy"", ""type"": ""str""}, {""name"": ""interfaces"", ""type"": ""str""}]",TextFSM template: hp_comware_display_ip_vpn-instance_instance-name.textfsm,2026-02-27T17:13:28.655888
textfsm,display link-aggregation verbose,hp_comware,"[{""name"": ""interface"", ""type"": ""str""}, {""name"": ""creation_mode"", ""type"": ""str""}, {""name"": ""aggregation_mode"", ""type"": ""str""}, {""name"": ""loadsharing"", ""type"": ""str""}, {""name"": ""local_interfaces"", ""type"": ""str""}, {""name"": ""remote_interfaces"", ""type"": ""str""}]",TextFSM template: hp_comware_display_link-aggregation_verbose.textfsm,2026-02-27T17:13:28.655888
textfsm,display lldp neighbor-information list,hp_comware,"[{""name"": ""local_interface"", ""type"": ""str""}, {""name"": ""chassis_id"", ""type"": ""str""}, {""name"": ""neighbor_interface"", ""type"": ""str""}, {""name"": ""neighbor_name"", ""type"": ""str""}]",TextFSM template: hp_comware_display_lldp_neighbor-information_list.textfsm,2026-02-27T17:13:28.655888
textfsm,display lldp neighbor-information verbose,hp_comware,"[{""name"": ""local_interface"", ""type"": ""str""}, {""name"": ""chassis_id"", ""type"": ""str""}, {""name"": ""neighbor_interface"", ""type"": ""str""}, {""name"": ""neighbor_interface_description"", ""type"": ""str""}, {""name"": ""neighbor_name"", ""type"": ""str""}, {""name"": ""mgmt_address"", ""type"": ""str""}, {""name"": ""vlan_id"", ""type"": ""str""}]",TextFSM template: hp_comware_display_lldp_neighbor-information_verbose.textfsm,2026-02-27T17:13:28.655888
textfsm,display mac-address,hp_comware,"[{""name"": ""mac_address"", ""type"": ""str""}, {""name"": ""vlan_id"", ""type"": ""str""}, {""name"": ""state"", ""type"": ""str""}, {""name"": ""interface"", ""type"": ""str""}, {""name"": ""aging"", ""type"": ""str""}]",TextFSM template: hp_comware_display_mac-address.textfsm,2026-02-27T17:13:28.655888
textfsm,display vlan all,hp_comware,"[{""name"": ""vlan_id"", ""type"": ""str""}, {""name"": ""vlan_name"", ""type"": ""str""}, {""name"": ""description"", ""type"": ""str""}, {""name"": ""type"", ""type"": ""str""}, {""name"": ""route_interface"", ""type"": ""str""}, {""name"": ""ipv4_address"", ""type"": ""str""}, {""name"": ""ipv4_subnet"", ""type"": ""str""}]",TextFSM template: hp_comware_display_vlan_all.textfsm,2026-02-27T17:13:28.655888
textfsm,display vlan brief,hp_comware,"[{""name"": ""vlan_id"", ""type"": ""str""}, {""name"": ""vlan_name"", ""type"": ""str""}]",TextFSM template: hp_comware_display_vlan_brief.textfsm,2026-02-27T17:13:28.655888
textfsm,show arp,hp_procurve,"[{""name"": ""ip_address"", ""type"": ""str""}, {""name"": ""mac_address"", ""type"": ""str""}, {""name"": ""type"", ""type"": ""str""}, {""name"": ""port"", ""type"": ""str""}]",TextFSM template: hp_procurve_show_arp.textfsm,2026-02-27T17:13:28.655888
textfsm,show cdp neighbors detail,hp_procurve,"[{""name"": ""local_interface"", ""type"": ""str""}, {""name"": ""chassis_id"", ""type"": ""str""}, {""name"": ""mgmt_address"", ""type"": ""str""}, {""name"": ""platform"", ""type"": ""str""}, {""name"": ""capabilities"", ""type"": ""str""}, {""name"": ""neighbor_interface"", ""type"": ""str""}, {""name"": ""neighbor_description"", ""type"": ""str""}]",TextFSM template: hp_procurve_show_cdp_neighbors_detail.textfsm,2026-02-27T17:13:28.655888
textfsm,show interfaces,hp_procurve,"[{""name"": ""port"", ""type"": ""str""}, {""name"": ""total_bytes"", ""type"": ""str""}, {""name"": ""total_frames"", ""type"": ""str""}, {""name"": ""errors_rx"", ""type"": ""str""}, {""name"": ""drops_tx"", ""type"": ""str""}, {""name"": ""flow_ctrl"", ""type"": ""str""}, {""name"": ""bcast_limit"", ""type"": ""str""}]",TextFSM template: hp_procurve_show_interfaces.textfsm,2026-02-27T17:13:28.655888
textfsm,show interfaces brief,hp_procurve,"[{""name"": ""port"", ""type"": ""str""}, {""name"": ""type"", ""type"": ""str""}, {""name"": ""intrusion_alert"", ""type"": ""str""}, {""name"": ""enabled"", ""type"": ""str""}, {""name"": ""status"", ""type"": ""str""}, {""name"": ""mode"", ""type"": ""str""}, {""name"": ""mdi_mode"", ""type"": ""str""}, {""name"": ""flow_ctrl"", ""type"": ""str""}, {""name"": ""bcast_limit"", ""type"": ""str""}]",TextFSM template: hp_procurve_show_interfaces_brief.textfsm,2026-02-27T17:13:28.655888
textfsm,show ip,hp_procurve,"[{""name"": ""vlan_name"", ""type"": ""str""}, {""name"": ""config"", ""type"": ""str""}, {""name"": ""ip_address"", ""type"": ""str""}, {""name"": ""subnet_mask"", ""type"": ""str""}, {""name"": ""proxy"", ""type"": ""str""}, {""name"": ""local"", ""type"": ""str""}]",TextFSM template: hp_procurve_show_ip.textfsm,2026-02-27T17:13:28.655888
textfsm,show ip route,hp_procurve,"[{""name"": ""destination"", ""type"": ""str""}, {""name"": ""gateway"", ""type"": ""str""}, {""name"": ""vlan_name"", ""type"": ""str""}, {""name"": ""type"", ""type"": ""str""}, {""name"": ""subtype"", ""type"": ""str""}, {""name"": ""metric"", ""type"": ""str""}, {""name"": ""distance"", ""type"": ""str""}]",TextFSM template: hp_procurve_show_ip_route.textfsm,2026-02-27T17:13:28.655888
textfsm,show lldp info remote-device,hp_procurve,"[{""name"": ""local_interface"", ""type"": ""str""}, {""name"": ""chassis_id"", ""type"": ""str""}, {""name"": ""neighbor_interface"", ""type"": ""str""}, {""name"": ""neighbor_description"", ""type"": ""str""}, {""name"": ""neighbor_name"", ""type"": ""str""}]",TextFSM template: hp_procurve_show_lldp_info_remote-device.textfsm,2026-02-27T17:13:28.655888
textfsm,show lldp info remote-device detail,hp_procurve,"[{""name"": ""local_interface"", ""type"": ""str""}, {""name"": ""neighbor_chassis_type"", ""type"": ""str""}, {""name"": ""chassis_id"", ""type"": ""str""}, {""name"": ""port_type"", ""type"": ""str""}, {""name"": ""neighbor_interface"", ""type"": ""str""}, {""name"": ""neighbor_name"", ""type"": ""str""}, {""name"": ""neighbor_description"", ""type"": ""str""}, {""name"": ""neighbor_interface_description"", ""type"": ""str""}, {""name"": ""vlan_id"", ""type"": ""str""}, {""name"": ""capabilities_supported"", ""type"": ""str""}, {""name"": ""capabilities"", ""type"": ""str""}, {""name"": ""mgmt_address"", ""type"": ""str""}]",TextFSM template: hp_procurve_show_lldp_info_remote-device_detail.textfsm,2026-02-27T17:13:28.655888
textfsm,show mac-address,hp_procurve,"[{""name"": ""mac_address"", ""type"": ""str""}, {""name"": ""port"", ""type"": ""str""}, {""name"": ""vlan_id"", ""type"": ""str""}]",TextFSM template: hp_procurve_show_mac-address.textfsm,2026-02-27T17:13:28.655888
textfsm,show port-security,hp_procurve,"[{""name"": ""port"", ""type"": ""str""}, {""name"": ""learn_mode"", ""type"": ""str""}, {""name"": ""action"", ""type"": ""str""}, {""name"": ""eavesdrop_prevention"", ""type"": ""str""}]",TextFSM template: hp_procurve_show_port-security.textfsm,2026-02-27T17:13:28.655888
textfsm,show system,hp_procurve,"[{""name"": ""name"", ""type"": ""str""}, {""name"": ""contact"", ""type"": ""str""}, {""name"": ""location"", ""type"": ""str""}, {""name"": ""mac_age"", ""type"": ""str""}, {""name"": ""timezone"", ""type"": ""str""}, {""name"": ""daylight_rule"", ""type"": ""str""}, {""name"": ""software_version"", ""type"": ""str""}, {""name"": ""rom_version"", ""type"": ""str""}, {""name"": ""allow_mods"", ""type"": ""str""}, {""name"": ""mac_address"", ""type"": ""str""}, {""name"": ""serial"", ""type"": ""str""}, {""name"": ""uptime"", ""type"": ""str""}, {""name"": ""cpu_util"", ""type"": ""str""}, {""name"": ""mem_tot"", ""type"": ""str""}, {""name"": ""mem_free"", ""type"": ""str""}, {""name"": ""packets_rx"", ""type"": ""str""}, {""name"": ""packets_tx"", ""type"": ""str""}, {""name"": ""packets_tot"", ""type"": ""str""}, {""name"": ""buffers_free"", ""type"": ""str""}, {""name"": ""buffers_lowest"", ""type"": ""str""}, {""name"": ""buffers_missed"", ""type"": ""str""}]",TextFSM template: hp_procurve_show_system.textfsm,2026-02-27T17:13:28.655888
textfsm,show tech buffers,hp_procurve,"[{""name"": ""product"", ""type"": ""str""}, {""name"": ""name"", ""type"": ""str""}, {""name"": ""date"", ""type"": ""str""}, {""name"": ""build"", ""type"": ""str""}, {""name"": ""version"", ""type"": ""str""}, {""name"": ""cpu"", ""type"": ""str""}]",TextFSM template: hp_procurve_show_tech_buffers.textfsm,2026-02-27T17:13:28.655888
textfsm,show trunks,hp_procurve,"[{""name"": ""local_port"", ""type"": ""str""}, {""name"": ""int_name"", ""type"": ""str""}, {""name"": ""int_type"", ""type"": ""str""}, {""name"": ""trunk"", ""type"": ""str""}, {""name"": ""trunk_type"", ""type"": ""str""}]",TextFSM template: hp_procurve_show_trunks.textfsm,2026-02-27T17:13:28.655888
textfsm,show version,hp_procurve,"[{""name"": ""model"", ""type"": ""str""}, {""name"": ""version"", ""type"": ""str""}, {""name"": ""compilation"", ""type"": ""str""}, {""name"": ""fips_mode"", ""type"": ""str""}, {""name"": ""uptime"", ""type"": ""str""}, {""name"": ""reboot_cause"", ""type"": ""str""}]",TextFSM template: hp_procurve_show_version.textfsm,2026-02-27T17:13:28.655888
textfsm,show vlans,hp_procurve,"[{""name"": ""vlan_id"", ""type"": ""str""}, {""name"": ""vlan_name"", ""type"": ""str""}, {""name"": ""status"", ""type"": ""str""}, {""name"": ""voice"", ""type"": ""str""}, {""name"": ""jumbo"", ""type"": ""str""}]",TextFSM template: hp_procurve_show_vlans.textfsm,2026-02-27T17:13:28.655888
textfsm,display access mode,huawei_ont,"[{""name"": ""access_mode"", ""type"": ""str""}]",TextFSM template: huawei_ont_display_access_mode.textfsm,2026-02-27T17:13:28.655888
textfsm,display boardItem,huawei_ont,"[{""name"": ""board_item"", ""type"": ""str""}]",TextFSM template: huawei_ont_display_boardItem.textfsm,2026-02-27T17:13:28.655888
textfsm,display deviceInfo,huawei_ont,"[{""name"": ""manufacturer"", ""type"": ""str""}, {""name"": ""manufacturer_oui"", ""type"": ""str""}, {""name"": ""model_name"", ""type"": ""str""}, {""name"": ""description"", ""type"": ""str""}, {""name"": ""manufacture_info"", ""type"": ""str""}, {""name"": ""product_class"", ""type"": ""str""}, {""name"": ""spec_version"", ""type"": ""str""}, {""name"": ""provisioning_code"", ""type"": ""str""}, {""name"": ""up_time"", ""type"": ""str""}, {""name"": ""release_time"", ""type"": ""str""}, {""name"": ""up_port_mode"", ""type"": ""str""}]",TextFSM template: huawei_ont_display_deviceInfo.textfsm,2026-02-27T17:13:28.655888
textfsm,display epon ont info,huawei_ont,"[{""name"": ""ont_id"", ""type"": ""str""}, {""name"": ""ont_status"", ""type"": ""str""}]",TextFSM template: huawei_ont_display_epon_ont_info.textfsm,2026-02-27T17:13:28.655888
textfsm,display flashlock status,huawei_ont,"[{""name"": ""flashlock_status"", ""type"": ""str""}]",TextFSM template: huawei_ont_display_flashlock_status.textfsm,2026-02-27T17:13:28.655888
textfsm,display inner version,huawei_ont,"[{""name"": ""main_version"", ""type"": ""str""}, {""name"": ""standby_version"", ""type"": ""str""}, {""name"": ""component_version"", ""type"": ""str""}, {""name"": ""resource_version"", ""type"": ""str""}]",TextFSM template: huawei_ont_display_inner_version.textfsm,2026-02-27T17:13:28.655888
textfsm,display lanmac,huawei_ont,"[{""name"": ""lan_mac"", ""type"": ""str""}]",TextFSM template: huawei_ont_display_lanmac.textfsm,2026-02-27T17:13:28.655888
textfsm,display log info,huawei_ont,"[{""name"": ""manufacturer"", ""type"": ""str""}, {""name"": ""product_class"", ""type"": ""str""}, {""name"": ""serial_number"", ""type"": ""str""}, {""name"": ""ip"", ""type"": ""str""}, {""name"": ""hw_ver"", ""type"": ""str""}, {""name"": ""sw_ver"", ""type"": ""str""}, {""name"": ""log_info"", ""type"": ""str""}]",TextFSM template: huawei_ont_display_log_info.textfsm,2026-02-27T17:13:28.655888
textfsm,display macaddress,huawei_ont,"[{""name"": ""index"", ""type"": ""str""}, {""name"": ""port_id"", ""type"": ""str""}, {""name"": ""vlan"", ""type"": ""str""}, {""name"": ""mac_address"", ""type"": ""str""}]",TextFSM template: huawei_ont_display_macaddress.textfsm,2026-02-27T17:13:28.655888
textfsm,display machineItem,huawei_ont,"[{""name"": ""machine_item"", ""type"": ""str""}]",TextFSM template: huawei_ont_display_machineItem.textfsm,2026-02-27T17:13:28.655888
textfsm,display memory info,huawei_ont,"[{""name"": ""memory_total"", ""type"": ""str""}, {""name"": ""memory_used"", ""type"": ""str""}, {""name"": ""memory_free"", ""type"": ""str""}, {""name"": ""memory_shared"", ""type"": ""str""}, {""name"": ""memory_buffers"", ""type"": ""str""}, {""name"": ""buffers_used"", ""type"": ""str""}, {""name"": ""buffers_free"", ""type"": ""str""}, {""name"": ""swap_total"", ""type"": ""str""}, {""name"": ""swap_used"", ""type"": ""str""}, {""name"": ""swap_free"", ""type"": ""str""}]",TextFSM template: huawei_ont_display_memory_info.textfsm,2026-02-27T17:13:28.655888
textfsm,display optic,huawei_ont,"[{""name"": ""link_status"", ""type"": ""str""}, {""name"": ""voltage_mv"", ""type"": ""str""}, {""name"": ""current_bias_ma"", ""type"": ""str""}, {""name"": ""temperature"", ""type"": ""str""}, {""name"": ""tx_power_dbm"", ""type"": ""str""}, {""name"": ""rx_power_dbm"", ""type"": ""str""}, {""name"": ""rf_rx_power"", ""type"": ""str""}, {""name"": ""rf_output_power"", ""type"": ""str""}, {""name"": ""vendor_name"", ""type"": ""str""}, {""name"": ""vendor_serial_number"", ""type"": ""str""}, {""name"": ""vendor_revision"", ""type"": ""str""}, {""name"": ""vendor_product_name"", ""type"": ""str""}, {""name"": ""date_code"", ""type"": ""str""}]",TextFSM template: huawei_ont_display_optic.textfsm,2026-02-27T17:13:28.655888
textfsm,display optmode,huawei_ont,"[{""name"": ""optic_mode"", ""type"": ""str""}]",TextFSM template: huawei_ont_display_optmode.textfsm,2026-02-27T17:13:28.655888
textfsm,display port statistics portid 0,huawei_ont,"[{""name"": ""ethernet_portid"", ""type"": ""str""}, {""name"": ""rx_unicast_packets"", ""type"": ""str""}, {""name"": ""tx_unicast_packets"", ""type"": ""str""}, {""name"": ""rx_broadcast_packets"", ""type"": ""str""}, {""name"": ""tx_broadcast_packets"", ""type"": ""str""}, {""name"": ""rx_multicast_packets"", ""type"": ""str""}, {""name"": ""tx_multicast_packets"", ""type"": ""str""}, {""name"": ""dropped_packets"", ""type"": ""str""}]",TextFSM template: huawei_ont_display_port_statistics_portid_0.textfsm,2026-02-27T17:13:28.655888
textfsm,display portstatistics portnum 0,huawei_ont,"[{""name"": ""rx_fifo_overruns"", ""type"": ""str""}, {""name"": ""rx_fcs_err"", ""type"": ""str""}, {""name"": ""rx_over_max"", ""type"": ""str""}, {""name"": ""rx_allign_err"", ""type"": ""str""}, {""name"": ""rx"", ""type"": ""str""}, {""name"": ""rx_unicast"", ""type"": ""str""}, {""name"": ""rx_multicast"", ""type"": ""str""}, {""name"": ""rx_broadcast"", ""type"": ""str""}, {""name"": ""rx_pause"", ""type"": ""str""}, {""name"": ""rx_undersize"", ""type"": ""str""}, {""name"": ""rx_fragments"", ""type"": ""str""}, {""name"": ""rx_jabbers"", ""type"": ""str""}, {""name"": ""rx_64"", ""type"": ""str""}, {""name"": ""rx_65_127"", ""type"": ""str""}, {""name"": ""rx_128_255"", ""type"": ""str""}, {""name"": ""rx_256_511"", ""type"": ""str""}, {""name"": ""rx_512_1023"", ""type"": ""str""}, {""name"": ""rx_1024_1518"", ""type"": ""str""}, {""name"": ""rx_oversize"", ""type"": ""str""}, {""name"": ""rx_byte_ok"", ""type"": ""str""}, {""name"": ""rx_byte_err"", ""type"": ""str""}, {""name"": ""tx_excess_col"", ""type"": ""str""}, {""name"": ""tx_late_col"", ""type"": ""str""}, {""name"": ""tx_single_col"", ""type"": ""str""}, {""name"": ""tx_multi_col"", ""type"": ""str""}, {""name"": ""tx"", ""type"": ""str""}, {""name"": ""tx_unicast"", ""type"": ""str""}, {""name"": ""tx_multicast"", ""type"": ""str""}, {""name"": ""tx_broadcast"", ""type"": ""str""}, {""name"": ""tx_pause"", ""type"": ""str""}, {""name"": ""tx_byte_ok"", ""type"": ""str""}]",TextFSM template: huawei_ont_display_portstatistics_portnum_0.textfsm,2026-02-27T17:13:28.655888
textfsm,display pppoe em result,huawei_ont,"[{""name"": ""result"", ""type"": ""str""}, {""name"": ""session_id"", ""type"": ""str""}, {""name"": ""external_ip_address"", ""type"": ""str""}, {""name"": ""default_gateway"", ""type"": ""str""}]",TextFSM template: huawei_ont_display_pppoe_em_result.textfsm,2026-02-27T17:13:28.655888
textfsm,display productmac,huawei_ont,"[{""name"": ""lan_mac"", ""type"": ""str""}, {""name"": ""wan_mac"", ""type"": ""str""}, {""name"": ""wlan_mac"", ""type"": ""str""}, {""name"": ""llid_mac"", ""type"": ""str""}, {""name"": ""reserved_mac"", ""type"": ""str""}]",TextFSM template: huawei_ont_display_productmac.textfsm,2026-02-27T17:13:28.655888
textfsm,display rf config,huawei_ont,"[{""name"": ""switch"", ""type"": ""str""}, {""name"": ""state"", ""type"": ""str""}]",TextFSM template: huawei_ont_display_rf_config.textfsm,2026-02-27T17:13:28.655888
textfsm,display sn,huawei_ont,"[{""name"": ""serial_number"", ""type"": ""str""}]",TextFSM template: huawei_ont_display_sn.textfsm,2026-02-27T17:13:28.655888
textfsm,display swm bootstate,huawei_ont,"[{""name"": ""struct_crc"", ""type"": ""str""}, {""name"": ""magic_1"", ""type"": ""str""}, {""name"": ""magic_2"", ""type"": ""str""}, {""name"": ""boot_count"", ""type"": ""str""}, {""name"": ""start_area"", ""type"": ""str""}, {""name"": ""run_area"", ""type"": ""str""}, {""name"": ""flag"", ""type"": ""str""}]",TextFSM template: huawei_ont_display_swm_bootstate.textfsm,2026-02-27T17:13:28.655888
textfsm,display swm state,huawei_ont,"[{""name"": ""state"", ""type"": ""str""}, {""name"": ""operation"", ""type"": ""str""}, {""name"": ""progress"", ""type"": ""str""}]",TextFSM template: huawei_ont_display_swm_state.textfsm,2026-02-27T17:13:28.655888
textfsm,display sysinfo,huawei_ont,"[{""name"": ""cpu_used"", ""type"": ""str""}, {""name"": ""mem_used"", ""type"": ""str""}, {""name"": ""current_time"", ""type"": ""str""}]",TextFSM template: huawei_ont_display_sysinfo.textfsm,2026-02-27T17:13:28.655888
textfsm,display timeout,huawei_ont,"[{""name"": ""timeout"", ""type"": ""str""}]",TextFSM template: huawei_ont_display_timeout.textfsm,2026-02-27T17:13:28.655888
textfsm,display version,huawei_ont,"[{""name"": ""hardware_version"", ""type"": ""str""}, {""name"": ""main_software_version"", ""type"": ""str""}, {""name"": ""standby_software_version"", ""type"": ""str""}, {""name"": ""uboot_version"", ""type"": ""str""}]",TextFSM template: huawei_ont_display_version.textfsm,2026-02-27T17:13:28.655888
textfsm,display wanmac,huawei_ont,"[{""name"": ""mac_address"", ""type"": ""str""}]",TextFSM template: huawei_ont_display_wanmac.textfsm,2026-02-27T17:13:28.655888
textfsm,display wifi information,huawei_ont,"[{""name"": ""ssid_index"", ""type"": ""str""}, {""name"": ""ssid"", ""type"": ""str""}, {""name"": ""bssid"", ""type"": ""str""}, {""name"": ""enabled"", ""type"": ""str""}, {""name"": ""status"", ""type"": ""str""}, {""name"": ""authentication_mode"", ""type"": ""str""}, {""name"": ""encryption_mode"", ""type"": ""str""}, {""name"": ""channel"", ""type"": ""str""}, {""name"": ""channel_bandwidth_mhz"", ""type"": ""str""}, {""name"": ""wifi_standard"", ""type"": ""str""}, {""name"": ""supported_max_rate_mbps"", ""type"": ""str""}, {""name"": ""country_code"", ""type"": ""str""}, {""name"": ""maximum_tx_power"", ""type"": ""str""}, {""name"": ""current_tx_power_level"", ""type"": ""str""}]",TextFSM template: huawei_ont_display_wifi_information.textfsm,2026-02-27T17:13:28.655888
textfsm,display board,huawei_smartax,"[{""name"": ""key"", ""type"": ""str""}, {""name"": ""boardname"", ""type"": ""str""}, {""name"": ""status"", ""type"": ""str""}, {""name"": ""subtype_0"", ""type"": ""str""}, {""name"": ""subtype_1"", ""type"": ""str""}, {""name"": ""online_offline"", ""type"": ""str""}]",TextFSM template: huawei_smartax_display_board.textfsm,2026-02-27T17:13:28.655888
textfsm,display board serial-number,huawei_smartax,"[{""name"": ""key"", ""type"": ""str""}, {""name"": ""board_name"", ""type"": ""str""}, {""name"": ""serial_number"", ""type"": ""str""}]",TextFSM template: huawei_smartax_display_board_serial-number.textfsm,2026-02-27T17:13:28.655888
textfsm,display cpu,huawei_smartax,"[{""name"": ""cpu_occupancy"", ""type"": ""str""}]",TextFSM template: huawei_smartax_display_cpu.textfsm,2026-02-27T17:13:28.655888
textfsm,display location,huawei_smartax,"[{""name"": ""srv_port_index"", ""type"": ""str""}, {""name"": ""bundle_index"", ""type"": ""str""}, {""name"": ""type"", ""type"": ""str""}, {""name"": ""mac"", ""type"": ""str""}, {""name"": ""mac_type"", ""type"": ""str""}, {""name"": ""fsp"", ""type"": ""str""}, {""name"": ""ont_id"", ""type"": ""str""}, {""name"": ""gem_index"", ""type"": ""str""}, {""name"": ""vlan_id"", ""type"": ""str""}]",TextFSM template: huawei_smartax_display_location.textfsm,2026-02-27T17:13:28.655888
textfsm,display location aaaa-aaaa-aaaa ont,huawei_smartax,"[{""name"": ""mac_address"", ""type"": ""str""}, {""name"": ""mac_address_type"", ""type"": ""str""}, {""name"": ""fsp"", ""type"": ""str""}, {""name"": ""ont_id"", ""type"": ""str""}, {""name"": ""port_id"", ""type"": ""str""}, {""name"": ""port_type"", ""type"": ""str""}, {""name"": ""vlan_id"", ""type"": ""str""}]",TextFSM template: huawei_smartax_display_location_aaaa-aaaa-aaaa_ont.textfsm,2026-02-27T17:13:28.655888
textfsm,display mac-address,huawei_smartax,"[{""name"": ""service_port_index"", ""type"": ""str""}, {""name"": ""bundle_index"", ""type"": ""str""}, {""name"": ""type"", ""type"": ""str""}, {""name"": ""mac"", ""type"": ""str""}, {""name"": ""mac_type"", ""type"": ""str""}, {""name"": ""fsp"", ""type"": ""str""}, {""name"": ""ont_id"", ""type"": ""str""}, {""name"": ""gem_index"", ""type"": ""str""}, {""name"": ""vlan_id"", ""type"": ""str""}]",TextFSM template: huawei_smartax_display_mac-address.textfsm,2026-02-27T17:13:28.655888
textfsm,display mac-address ont 0 1 2 0,huawei_smartax,"[{""name"": ""fsp"", ""type"": ""str""}, {""name"": ""ont_id"", ""type"": ""str""}, {""name"": ""ont_port_type"", ""type"": ""str""}, {""name"": ""ont_port_id"", ""type"": ""str""}, {""name"": ""mac"", ""type"": ""str""}, {""name"": ""vlan_id"", ""type"": ""str""}]",TextFSM template: huawei_smartax_display_mac-address_ont_0_1_2_0.textfsm,2026-02-27T17:13:28.655888
textfsm,display mem,huawei_smartax,"[{""name"": ""memory_occupancy"", ""type"": ""str""}]",TextFSM template: huawei_smartax_display_mem.textfsm,2026-02-27T17:13:28.655888
textfsm,display ont-lineprofile gpon all,huawei_smartax,"[{""name"": ""profile_id"", ""type"": ""str""}, {""name"": ""profile_name"", ""type"": ""str""}, {""name"": ""binding_times"", ""type"": ""str""}]",TextFSM template: huawei_smartax_display_ont-lineprofile_gpon_all.textfsm,2026-02-27T17:13:28.655888
textfsm,display ont-srvprofile gpon all,huawei_smartax,"[{""name"": ""profile_id"", ""type"": ""str""}, {""name"": ""profile_name"", ""type"": ""str""}, {""name"": ""binding_times"", ""type"": ""str""}]",TextFSM template: huawei_smartax_display_ont-srvprofile_gpon_all.textfsm,2026-02-27T17:13:28.655888
textfsm,display ont autofind,huawei_smartax,"[{""name"": ""number"", ""type"": ""str""}, {""name"": ""fsp"", ""type"": ""str""}, {""name"": ""serial_number"", ""type"": ""str""}, {""name"": ""password"", ""type"": ""str""}, {""name"": ""loid"", ""type"": ""str""}, {""name"": ""checkcode"", ""type"": ""str""}, {""name"": ""vendor_id"", ""type"": ""str""}, {""name"": ""ont_version"", ""type"": ""str""}, {""name"": ""ont_software_version"", ""type"": ""str""}, {""name"": ""ont_equipment_id"", ""type"": ""str""}, {""name"": ""ont_customized_info"", ""type"": ""str""}, {""name"": ""ont_mac"", ""type"": ""str""}, {""name"": ""ont_equipment_serial_number"", ""type"": ""str""}, {""name"": ""ont_autofind_time"", ""type"": ""str""}, {""name"": ""multi_channel"", ""type"": ""str""}]",TextFSM template: huawei_smartax_display_ont_autofind.textfsm,2026-02-27T17:13:28.655888
textfsm,display ont capability all,huawei_smartax,"[{""name"": ""ont_fsp"", ""type"": ""str""}, {""name"": ""ont_description"", ""type"": ""str""}, {""name"": ""ont_id"", ""type"": ""str""}, {""name"": ""equipment_id"", ""type"": ""str""}, {""name"": ""number_of_uplink_pon_ports"", ""type"": ""str""}, {""name"": ""number_of_pots_ports"", ""type"": ""str""}, {""name"": ""number_of_eth_ports"", ""type"": ""str""}, {""name"": ""number_of_vdsl_ports"", ""type"": ""str""}, {""name"": ""number_of_tdm_ports"", ""type"": ""str""}, {""name"": ""number_of_moca_ports"", ""type"": ""str""}, {""name"": ""number_of_catv_ani_ports"", ""type"": ""str""}, {""name"": ""number_of_catv_uni_ports"", ""type"": ""str""}, {""name"": ""number_of_gem_ports"", ""type"": ""str""}, {""name"": ""ip_configuration"", ""type"": ""str""}, {""name"": ""number_of_traffic_schedulers"", ""type"": ""str""}, {""name"": ""number_of_tconts"", ""type"": ""str""}, {""name"": ""type_of_flow_control"", ""type"": ""str""}, {""name"": ""ont_optical_module_power_control_capability"", ""type"": ""str""}, {""name"": ""ont_type"", ""type"": ""str""}, {""name"": ""extended_omci_message_format"", ""type"": ""str""}, {""name"": ""voip_configuration_method"", ""type"": ""str""}, {""name"": ""voip_signaling_protocol"", ""type"": ""str""}, {""name"": ""ethoam"", ""type"": ""str""}, {""name"": ""single_ring_check"", ""type"": ""str""}, {""name"": ""multicast_encrypt"", ""type"": ""str""}, {""name"": ""multi_channel"", ""type"": ""str""}, {""name"": ""fit_ap"", ""type"": ""str""}]",TextFSM template: huawei_smartax_display_ont_capability_all.textfsm,2026-02-27T17:13:28.655888
textfsm,display ont gemport 0 ontid 0,huawei_smartax,"[{""name"": ""key"", ""type"": ""str""}, {""name"": ""t_cont_id"", ""type"": ""str""}, {""name"": ""service_type"", ""type"": ""str""}, {""name"": ""encrypt"", ""type"": ""str""}, {""name"": ""upstream_pq"", ""type"": ""str""}, {""name"": ""downstream_pq"", ""type"": ""str""}, {""name"": ""traffic_table_index"", ""type"": ""str""}]",TextFSM template: huawei_smartax_display_ont_gemport_0_ontid_0.textfsm,2026-02-27T17:13:28.655888
textfsm,display ont info 0 1,huawei_smartax,"[{""name"": ""fsp"", ""type"": ""str""}, {""name"": ""ont_id"", ""type"": ""str""}, {""name"": ""control_flag"", ""type"": ""str""}, {""name"": ""run_state"", ""type"": ""str""}, {""name"": ""config_state"", ""type"": ""str""}, {""name"": ""match_state"", ""type"": ""str""}, {""name"": ""ont_llid"", ""type"": ""str""}, {""name"": ""dba_type"", ""type"": ""str""}, {""name"": ""distance_m"", ""type"": ""str""}, {""name"": ""last_distance_m"", ""type"": ""str""}, {""name"": ""ont_rtt"", ""type"": ""str""}, {""name"": ""battery_state"", ""type"": ""str""}, {""name"": ""power_type"", ""type"": ""str""}, {""name"": ""memory_occupation"", ""type"": ""str""}, {""name"": ""cpu_occupation"", ""type"": ""str""}, {""name"": ""temperature"", ""type"": ""str""}, {""name"": ""authentic_type"", ""type"": ""str""}, {""name"": ""serial_number"", ""type"": ""str""}, {""name"": ""management_mode"", ""type"": ""str""}, {""name"": ""software_work_mode"", ""type"": ""str""}, {""name"": ""multicast_mode"", ""type"": ""str""}, {""name"": ""isolation_state"", ""type"": ""str""}, {""name"": ""ip_0_address_mask"", ""type"": ""str""}, {""name"": ""ip_1_address_mask"", ""type"": ""str""}, {""name"": ""description"", ""type"": ""str""}, {""name"": ""last_down_cause"", ""type"": ""str""}, {""name"": ""last_up_time"", ""type"": ""str""}, {""name"": ""last_down_time"", ""type"": ""str""}, {""name"": ""last_dying_gasp_time"", ""type"": ""str""}, {""name"": ""ont_online_duration"", ""type"": ""str""}, {""name"": ""ont_system_up_duration"", ""type"": ""str""}, {""name"": ""last_restart_reason"", ""type"": ""str""}, {""name"": ""type_c_support"", ""type"": ""str""}, {""name"": ""type_d_support"", ""type"": ""str""}, {""name"": ""ont_nni_type"", ""type"": ""str""}, {""name"": ""ont_actual_nni_type"", ""type"": ""str""}, {""name"": ""last_ont_actual_nni_type"", ""type"": ""str""}, {""name"": ""interoperability_mode"", ""type"": ""str""}, {""name"": ""power_reduction_status"", ""type"": ""str""}, {""name"": ""fec_upstream_state"", ""type"": ""str""}, {""name"": ""vs_id"", ""type"": ""str""}, {""name"": ""vs_name"", ""type"": ""str""}, {""name"": ""global_ont_id"", ""type"": ""str""}, {""name"": ""voip_configure_method"", ""type"": ""str""}, {""name"": ""line_profile_id"", ""type"": ""str""}, {""name"": ""line_profile_name"", ""type"": ""str""}, {""name"": ""fec_upstream_switch"", ""type"": ""str""}, {""name"": ""omcc_encrypt_switch"", ""type"": ""str""}, {""name"": ""qos_mode"", ""type"": ""str""}, {""name"": ""mapping_mode"", ""type"": ""str""}, {""name"": ""tr069_management"", ""type"": ""str""}, {""name"": ""tr069_ip_index"", ""type"": ""str""}, {""name"": ""service_profile_id"", ""type"": ""str""}, {""name"": ""service_profile_name"", ""type"": ""str""}, {""name"": ""tdm_port_type"", ""type"": ""str""}, {""name"": ""tdm_service_type"", ""type"": ""str""}, {""name"": ""mac_learning_function_switch"", ""type"": ""str""}, {""name"": ""ont_transparent_function_switch"", ""type"": ""str""}, {""name"": ""ring_check_switch"", ""type"": ""str""}, {""name"": ""ring_port_auto_shutdown"", ""type"": ""str""}, {""name"": ""ring_detect_frequency"", ""type"": ""str""}, {""name"": ""ring_resume_interval"", ""type"": ""str""}, {""name"": ""ring_detect_period"", ""type"": ""str""}, {""name"": ""service_profile_multicast_forward_mode"", ""type"": ""str""}, {""name"": ""service_profile_multicast_forward_vlan"", ""type"": ""str""}, {""name"": ""service_profile_multicast_mode"", ""type"": ""str""}, {""name"": ""upstream_igmp_packet_forward_mode"", ""type"": ""str""}, {""name"": ""upstream_igmp_packet_forward_vlan"", ""type"": ""str""}, {""name"": ""upstream_igmp_packet_priority"", ""type"": ""str""}, {""name"": ""native_vlan_option"", ""type"": ""str""}, {""name"": ""upstream_pq_color_policy"", ""type"": ""str""}, {""name"": ""downstream_pq_color_policy"", ""type"": ""str""}, {""name"": ""monitor_link"", ""type"": ""str""}, {""name"": ""mtu_byte"", ""type"": ""str""}, {""name"": ""alarm_policy_profile_id"", ""type"": ""str""}, {""name"": ""alarm_policy_profile_name"", ""type"": ""str""}, {""name"": ""tr069_server_profile_id"", ""type"": ""str""}, {""name"": ""tr069_server_profile_name"", ""type"": ""str""}, {""name"": ""fiber_route"", ""type"": ""str""}, {""name"": ""t_cont"", ""type"": ""str""}, {""name"": ""number_pots"", ""type"": ""str""}, {""name"": ""number_eth"", ""type"": ""str""}, {""name"": ""number_tdm"", ""type"": ""str""}, {""name"": ""number_moca"", ""type"": ""str""}, {""name"": ""number_catv"", ""type"": ""str""}, {""name"": ""number_vdsl"", ""type"": ""str""}, {""name"": ""number_max_adaptive_pots"", ""type"": ""str""}, {""name"": ""number_max_adaptive_eth"", ""type"": ""str""}, {""name"": ""number_max_adaptive_tdm"", ""type"": ""str""}, {""name"": ""number_max_adaptive_moca"", ""type"": ""str""}, {""name"": ""number_max_adaptive_catv"", ""type"": ""str""}, {""name"": ""number_max_adaptive_vdsl"", ""type"": ""str""}]",TextFSM template: huawei_smartax_display_ont_info_0_1.textfsm,2026-02-27T17:13:28.655888
textfsm,display ont info 0 1 2,huawei_smartax,"[{""name"": ""required"", ""type"": ""str""}, {""name"": ""key"", ""type"": ""str""}, {""name"": ""serial_number"", ""type"": ""str""}, {""name"": ""control_flag"", ""type"": ""str""}, {""name"": ""run_state"", ""type"": ""str""}, {""name"": ""config_state"", ""type"": ""str""}, {""name"": ""match_state"", ""type"": ""str""}, {""name"": ""protect_side"", ""type"": ""str""}]",TextFSM template: huawei_smartax_display_ont_info_0_1_2.textfsm,2026-02-27T17:13:28.655888
textfsm,display ont info description,huawei_smartax,"[{""name"": ""key"", ""type"": ""str""}, {""name"": ""key"", ""type"": ""str""}, {""name"": ""description"", ""type"": ""str""}]",TextFSM template: huawei_smartax_display_ont_info_description.textfsm,2026-02-27T17:13:28.655888
textfsm,display ont info summary ont,huawei_smartax,"[{""name"": ""key"", ""type"": ""str""}, {""name"": ""key"", ""type"": ""str""}, {""name"": ""run_state"", ""type"": ""str""}, {""name"": ""last_uptime"", ""type"": ""str""}, {""name"": ""last_downtime"", ""type"": ""str""}, {""name"": ""last_downcause"", ""type"": ""str""}]",TextFSM template: huawei_smartax_display_ont_info_summary_ont.textfsm,2026-02-27T17:13:28.655888
textfsm,display ont info summary sn,huawei_smartax,"[{""name"": ""key"", ""type"": ""str""}, {""name"": ""key"", ""type"": ""str""}, {""name"": ""serial_number"", ""type"": ""str""}, {""name"": ""ont_model_type"", ""type"": ""str""}, {""name"": ""distance_m"", ""type"": ""str""}, {""name"": ""rx_power_dbm"", ""type"": ""str""}, {""name"": ""tx_power_dbm"", ""type"": ""str""}, {""name"": ""description"", ""type"": ""str""}]",TextFSM template: huawei_smartax_display_ont_info_summary_sn.textfsm,2026-02-27T17:13:28.655888
textfsm,display ont optical-info 0 all,huawei_smartax,"[{""name"": ""key"", ""type"": ""str""}, {""name"": ""rx_power"", ""type"": ""str""}, {""name"": ""tx_power"", ""type"": ""str""}, {""name"": ""olt_rx_ont"", ""type"": ""str""}, {""name"": ""temperature"", ""type"": ""str""}, {""name"": ""voltage"", ""type"": ""str""}, {""name"": ""current"", ""type"": ""str""}, {""name"": ""distance"", ""type"": ""str""}]",TextFSM template: huawei_smartax_display_ont_optical-info_0_all.textfsm,2026-02-27T17:13:28.655888
textfsm,display ont port state 0 1 eth-port,huawei_smartax,"[{""name"": ""key"", ""type"": ""str""}, {""name"": ""ont_port_id"", ""type"": ""str""}, {""name"": ""ont_port_type"", ""type"": ""str""}, {""name"": ""speed_mbps"", ""type"": ""str""}, {""name"": ""duplex"", ""type"": ""str""}, {""name"": ""link_state"", ""type"": ""str""}, {""name"": ""ring_status"", ""type"": ""str""}]",TextFSM template: huawei_smartax_display_ont_port_state_0_1_eth-port.textfsm,2026-02-27T17:13:28.655888
textfsm,display ont port vlan 0 1 byport eth 0,huawei_smartax,"[{""name"": ""port_id"", ""type"": ""str""}, {""name"": ""port_type"", ""type"": ""str""}, {""name"": ""c_vlan"", ""type"": ""str""}, {""name"": ""c_pri"", ""type"": ""str""}, {""name"": ""eth_type"", ""type"": ""str""}, {""name"": ""vlan_type"", ""type"": ""str""}, {""name"": ""s_vlan"", ""type"": ""str""}, {""name"": ""s_pri"", ""type"": ""str""}, {""name"": ""s_pri_policy"", ""type"": ""str""}, {""name"": ""native_vlan"", ""type"": ""str""}, {""name"": ""default_priority"", ""type"": ""str""}, {""name"": ""downstream_mode"", ""type"": ""str""}, {""name"": ""mismatch_policy"", ""type"": ""str""}]",TextFSM template: huawei_smartax_display_ont_port_vlan_0_1_byport_eth_0.textfsm,2026-02-27T17:13:28.655888
textfsm,display ont port vlan 0 1 byvlan 0,huawei_smartax,"[{""name"": ""c_vlan"", ""type"": ""str""}, {""name"": ""c_pri"", ""type"": ""str""}, {""name"": ""eth_type"", ""type"": ""str""}, {""name"": ""vlan_type"", ""type"": ""str""}, {""name"": ""port_type"", ""type"": ""str""}, {""name"": ""port_id"", ""type"": ""str""}, {""name"": ""s_vlan"", ""type"": ""str""}, {""name"": ""s_pri"", ""type"": ""str""}, {""name"": ""s_pri_policy"", ""type"": ""str""}]",TextFSM template: huawei_smartax_display_ont_port_vlan_0_1_byvlan_0.textfsm,2026-02-27T17:13:28.655888
textfsm,display ont snmp-profile 0 all,huawei_smartax,"[{""name"": ""ont_id"", ""type"": ""str""}, {""name"": ""snmp_profile_id"", ""type"": ""str""}, {""name"": ""snmp_profile_name"", ""type"": ""str""}]",TextFSM template: huawei_smartax_display_ont_snmp-profile_0_all.textfsm,2026-02-27T17:13:28.655888
textfsm,display ont version summary 0,huawei_smartax,"[{""name"": ""access_type"", ""type"": ""str""}, {""name"": ""vendor_id"", ""type"": ""str""}, {""name"": ""ont_model"", ""type"": ""str""}, {""name"": ""software_version"", ""type"": ""str""}, {""name"": ""online"", ""type"": ""str""}, {""name"": ""offline"", ""type"": ""str""}]",TextFSM template: huawei_smartax_display_ont_version_summary_0.textfsm,2026-02-27T17:13:28.655888
textfsm,display ont wan-info 0 1 2 0,huawei_smartax,"[{""name"": ""index"", ""type"": ""str""}, {""name"": ""name"", ""type"": ""str""}, {""name"": ""service_type"", ""type"": ""str""}, {""name"": ""connection_type"", ""type"": ""str""}, {""name"": ""connection_status"", ""type"": ""str""}, {""name"": ""ipv4_connection_status"", ""type"": ""str""}, {""name"": ""ipv4_access_type"", ""type"": ""str""}, {""name"": ""ipv4_address"", ""type"": ""str""}, {""name"": ""subnet_mask"", ""type"": ""str""}, {""name"": ""default_gateway"", ""type"": ""str""}, {""name"": ""primary_dns"", ""type"": ""str""}, {""name"": ""secondary_dns"", ""type"": ""str""}, {""name"": ""manage_vlan"", ""type"": ""str""}, {""name"": ""manage_priority"", ""type"": ""str""}, {""name"": ""multicast_vlan"", ""type"": ""str""}, {""name"": ""nat_switch"", ""type"": ""str""}, {""name"": ""option60"", ""type"": ""str""}, {""name"": ""switch"", ""type"": ""str""}, {""name"": ""mac_address"", ""type"": ""str""}, {""name"": ""priority_policy"", ""type"": ""str""}, {""name"": ""l2_encap_type"", ""type"": ""str""}, {""name"": ""ipv4_switch"", ""type"": ""str""}, {""name"": ""ipv6_switch"", ""type"": ""str""}, {""name"": ""prefix"", ""type"": ""str""}, {""name"": ""prefix_access_mode"", ""type"": ""str""}, {""name"": ""prefix_preferred_time"", ""type"": ""str""}, {""name"": ""prefix_valid_time"", ""type"": ""str""}, {""name"": ""ipv6_connection_status"", ""type"": ""str""}, {""name"": ""ipv6_address"", ""type"": ""str""}, {""name"": ""ipv6_primary_dns"", ""type"": ""str""}, {""name"": ""ipv6_secondary_dns"", ""type"": ""str""}, {""name"": ""ipv6_multicast_vlan"", ""type"": ""str""}, {""name"": ""ipv6_address_status"", ""type"": ""str""}, {""name"": ""ipv6_address_access_mode"", ""type"": ""str""}, {""name"": ""ipv6_address_preferred_time"", ""type"": ""str""}, {""name"": ""ipv6_address_valid_time"", ""type"": ""str""}, {""name"": ""ds_lite_mode"", ""type"": ""str""}, {""name"": ""ds_lite_peer_address"", ""type"": ""str""}]",TextFSM template: huawei_smartax_display_ont_wan-info_0_1_2_0.textfsm,2026-02-27T17:13:28.655888
textfsm,display ont wlan-info 0 1 2 0,huawei_smartax,"[{""name"": ""ssid_index"", ""type"": ""str""}, {""name"": ""ssid_name"", ""type"": ""str""}, {""name"": ""wireless_standard"", ""type"": ""str""}, {""name"": ""administrative_state"", ""type"": ""str""}, {""name"": ""operational_state"", ""type"": ""str""}, {""name"": ""maximum_associate_number"", ""type"": ""str""}, {""name"": ""current_associate_number"", ""type"": ""str""}]",TextFSM template: huawei_smartax_display_ont_wlan-info_0_1_2_0.textfsm,2026-02-27T17:13:28.655888
textfsm,display ont wlan-status 0 1,huawei_smartax,"[{""name"": ""ap_id"", ""type"": ""str""}, {""name"": ""ssid_index"", ""type"": ""str""}, {""name"": ""ssid"", ""type"": ""str""}, {""name"": ""channel_number"", ""type"": ""str""}, {""name"": ""ap_number"", ""type"": ""str""}, {""name"": ""interference_degree"", ""type"": ""str""}, {""name"": ""sent_packets"", ""type"": ""str""}, {""name"": ""sent_error_packets"", ""type"": ""str""}, {""name"": ""sent_discard_packets"", ""type"": ""str""}, {""name"": ""received_packets"", ""type"": ""str""}, {""name"": ""received_error_packets"", ""type"": ""str""}, {""name"": ""received_discard_packets"", ""type"": ""str""}, {""name"": ""transmission_quality_level"", ""type"": ""str""}, {""name"": ""sta_mac_address"", ""type"": ""str""}, {""name"": ""tx_rate"", ""type"": ""str""}, {""name"": ""rx_rate"", ""type"": ""str""}, {""name"": ""rssi"", ""type"": ""str""}, {""name"": ""snr"", ""type"": ""str""}, {""name"": ""signal_quality_level"", ""type"": ""str""}]",TextFSM template: huawei_smartax_display_ont_wlan-status_0_1.textfsm,2026-02-27T17:13:28.655888
textfsm,display port info,huawei_smartax,"[{""name"": ""fsp"", ""type"": ""str""}, {""name"": ""min_distance_km"", ""type"": ""str""}, {""name"": ""max_distance_km"", ""type"": ""str""}, {""name"": ""max_guaranteed_bandwidth_kbps"", ""type"": ""str""}, {""name"": ""left_guaranteed_bandwidth_kbps"", ""type"": ""str""}, {""name"": ""number_of_t_conts"", ""type"": ""str""}, {""name"": ""autofind"", ""type"": ""str""}, {""name"": ""fec_check"", ""type"": ""str""}, {""name"": ""admin_state"", ""type"": ""str""}, {""name"": ""ont_encryption_key_switching_interval_m"", ""type"": ""str""}, {""name"": ""pon_id_switch"", ""type"": ""str""}, {""name"": ""pon_id_identifier"", ""type"": ""str""}, {""name"": ""jumbo_frame_switch"", ""type"": ""str""}, {""name"": ""port_mtu_bytes"", ""type"": ""str""}, {""name"": ""surplus_bandwidth_assignment"", ""type"": ""str""}, {""name"": ""best_effort_bandwidth_assignment"", ""type"": ""str""}, {""name"": ""traffic_alarm_profile_id"", ""type"": ""str""}, {""name"": ""ont_online_power_threshold_dbm"", ""type"": ""str""}, {""name"": ""low_latency"", ""type"": ""str""}, {""name"": ""multichannel_low_latency"", ""type"": ""str""}, {""name"": ""optical_module_work_mode"", ""type"": ""str""}, {""name"": ""channel_type"", ""type"": ""str""}, {""name"": ""online_ont_number_threshold"", ""type"": ""str""}]",TextFSM template: huawei_smartax_display_port_info.textfsm,2026-02-27T17:13:28.655888
textfsm,display service-port all,huawei_smartax,"[{""name"": ""index"", ""type"": ""str""}, {""name"": ""vlan_id"", ""type"": ""str""}, {""name"": ""vlan_attr"", ""type"": ""str""}, {""name"": ""port_type"", ""type"": ""str""}, {""name"": ""fsp"", ""type"": ""str""}, {""name"": ""ont_id"", ""type"": ""str""}, {""name"": ""gem_index"", ""type"": ""str""}, {""name"": ""flow_type"", ""type"": ""str""}, {""name"": ""vlan_access"", ""type"": ""str""}, {""name"": ""rx"", ""type"": ""str""}, {""name"": ""tx"", ""type"": ""str""}, {""name"": ""state"", ""type"": ""str""}]",TextFSM template: huawei_smartax_display_service-port_all.textfsm,2026-02-27T17:13:28.655888
textfsm,display sysman service state,huawei_smartax,"[{""name"": ""key"", ""type"": ""str""}, {""name"": ""port"", ""type"": ""str""}, {""name"": ""state"", ""type"": ""str""}]",TextFSM template: huawei_smartax_display_sysman_service_state.textfsm,2026-02-27T17:13:28.655888
textfsm,display sysuptime,huawei_smartax,"[{""name"": ""day"", ""type"": ""str""}, {""name"": ""hour"", ""type"": ""str""}, {""name"": ""minute"", ""type"": ""str""}, {""name"": ""second"", ""type"": ""str""}]",TextFSM template: huawei_smartax_display_sysuptime.textfsm,2026-02-27T17:13:28.655888
textfsm,display temperature,huawei_smartax,"[{""name"": ""slotid"", ""type"": ""str""}, {""name"": ""boardname"", ""type"": ""str""}, {""name"": ""temperature_c"", ""type"": ""str""}, {""name"": ""temperature_d"", ""type"": ""str""}]",TextFSM template: huawei_smartax_display_temperature.textfsm,2026-02-27T17:13:28.655888
textfsm,display version,huawei_smartax,"[{""name"": ""olt_version"", ""type"": ""str""}, {""name"": ""patch"", ""type"": ""str""}, {""name"": ""product"", ""type"": ""str""}, {""name"": ""mainboard_type"", ""type"": ""str""}, {""name"": ""current_program_area"", ""type"": ""str""}, {""name"": ""current_data_area"", ""type"": ""str""}, {""name"": ""program_area_a_version"", ""type"": ""str""}, {""name"": ""program_area_b_version"", ""type"": ""str""}, {""name"": ""data_area_a_version"", ""type"": ""str""}, {""name"": ""data_area_b_version"", ""type"": ""str""}]",TextFSM template: huawei_smartax_display_version.textfsm,2026-02-27T17:13:28.655888
textfsm,ont add,huawei_smartax,"[{""name"": ""onts"", ""type"": ""str""}, {""name"": ""success"", ""type"": ""str""}, {""name"": ""port_id"", ""type"": ""str""}, {""name"": ""ont_id"", ""type"": ""str""}]",TextFSM template: huawei_smartax_ont_add.textfsm,2026-02-27T17:13:28.655888
textfsm,port vlan,huawei_smartax,"[{""name"": ""success"", ""type"": ""str""}, {""name"": ""failed"", ""type"": ""str""}]",TextFSM template: huawei_smartax_port_vlan.textfsm,2026-02-27T17:13:28.655888
textfsm,dir,huawei_vrp,"[{""name"": ""idx"", ""type"": ""str""}, {""name"": ""attr"", ""type"": ""str""}, {""name"": ""size"", ""type"": ""str""}, {""name"": ""date_time"", ""type"": ""str""}, {""name"": ""file_name"", ""type"": ""str""}, {""name"": ""total_size"", ""type"": ""str""}, {""name"": ""total_free"", ""type"": ""str""}]",TextFSM template: huawei_vrp_dir.textfsm,2026-02-27T17:13:28.655888
textfsm,display acl all,huawei_vrp,"[{""name"": ""acl_name"", ""type"": ""str""}, {""name"": ""filldown"", ""type"": ""str""}, {""name"": ""sn"", ""type"": ""str""}, {""name"": ""action"", ""type"": ""str""}, {""name"": ""protocol"", ""type"": ""str""}, {""name"": ""source"", ""type"": ""str""}, {""name"": ""source_port_modifier"", ""type"": ""str""}, {""name"": ""source_port_range"", ""type"": ""str""}, {""name"": ""destination"", ""type"": ""str""}, {""name"": ""destination_port_modifier"", ""type"": ""str""}, {""name"": ""destination_port_range"", ""type"": ""str""}, {""name"": ""matches"", ""type"": ""str""}, {""name"": ""description"", ""type"": ""str""}]",TextFSM template: huawei_vrp_display_acl_all.textfsm,2026-02-27T17:13:28.655888
textfsm,display ap all,huawei_vrp,"[{""name"": ""id"", ""type"": ""str""}, {""name"": ""mac_address"", ""type"": ""str""}, {""name"": ""name"", ""type"": ""str""}, {""name"": ""group"", ""type"": ""str""}, {""name"": ""ip_address"", ""type"": ""str""}, {""name"": ""type"", ""type"": ""str""}, {""name"": ""state"", ""type"": ""str""}, {""name"": ""sta"", ""type"": ""str""}, {""name"": ""uptime"", ""type"": ""str""}, {""name"": ""extra_info"", ""type"": ""str""}, {""name"": ""scene"", ""type"": ""str""}]",TextFSM template: huawei_vrp_display_ap_all.textfsm,2026-02-27T17:13:28.655888
textfsm,display arp all,huawei_vrp,"[{""name"": ""ip_address"", ""type"": ""str""}, {""name"": ""mac_address"", ""type"": ""str""}, {""name"": ""expire"", ""type"": ""str""}, {""name"": ""type"", ""type"": ""str""}, {""name"": ""interface"", ""type"": ""str""}, {""name"": ""vpn_instance"", ""type"": ""str""}]",TextFSM template: huawei_vrp_display_arp_all.textfsm,2026-02-27T17:13:28.655888
textfsm,display arp brief,huawei_vrp,"[{""name"": ""ip_address"", ""type"": ""str""}, {""name"": ""mac_address"", ""type"": ""str""}, {""name"": ""expire"", ""type"": ""str""}, {""name"": ""type"", ""type"": ""str""}, {""name"": ""interface"", ""type"": ""str""}, {""name"": ""vlan_id"", ""type"": ""str""}, {""name"": ""pvc"", ""type"": ""str""}]",TextFSM template: huawei_vrp_display_arp_brief.textfsm,2026-02-27T17:13:28.655888
textfsm,display bgp peer,huawei_vrp,"[{""name"": ""peer"", ""type"": ""str""}, {""name"": ""asn"", ""type"": ""str""}, {""name"": ""msg_rcvd"", ""type"": ""str""}, {""name"": ""msg_sent"", ""type"": ""str""}, {""name"": ""out_q"", ""type"": ""str""}, {""name"": ""up_down"", ""type"": ""str""}, {""name"": ""state"", ""type"": ""str""}, {""name"": ""pref_rcvd"", ""type"": ""str""}]",TextFSM template: huawei_vrp_display_bgp_peer.textfsm,2026-02-27T17:13:28.655888
textfsm,display device,huawei_vrp,"[{""name"": ""slot"", ""type"": ""str""}, {""name"": ""card"", ""type"": ""str""}, {""name"": ""pid"", ""type"": ""str""}, {""name"": ""online_status"", ""type"": ""str""}, {""name"": ""power_status"", ""type"": ""str""}, {""name"": ""register_status"", ""type"": ""str""}, {""name"": ""alarm_status"", ""type"": ""str""}, {""name"": ""ha_status"", ""type"": ""str""}]",TextFSM template: huawei_vrp_display_device.textfsm,2026-02-27T17:13:28.655888
textfsm,display eth-trunk,huawei_vrp,"[{""name"": ""eth_trunk"", ""type"": ""str""}, {""name"": ""working_mode"", ""type"": ""str""}, {""name"": ""hash_arithmetic"", ""type"": ""str""}, {""name"": ""least_active_linknumber"", ""type"": ""str""}, {""name"": ""max_active_linknumber"", ""type"": ""str""}, {""name"": ""max_bandwidth_affected_linknumber"", ""type"": ""str""}, {""name"": ""operate_status"", ""type"": ""str""}, {""name"": ""number_of_up_port_in_trunk"", ""type"": ""str""}, {""name"": ""lag_id"", ""type"": ""str""}, {""name"": ""preempt_delay"", ""type"": ""str""}, {""name"": ""system_priority"", ""type"": ""str""}, {""name"": ""system_id"", ""type"": ""str""}, {""name"": ""interface"", ""type"": ""str""}, {""name"": ""status"", ""type"": ""str""}, {""name"": ""port_type"", ""type"": ""str""}, {""name"": ""port_priority"", ""type"": ""str""}, {""name"": ""port_number"", ""type"": ""str""}, {""name"": ""port_key"", ""type"": ""str""}, {""name"": ""port_state"", ""type"": ""str""}, {""name"": ""weight"", ""type"": ""str""}, {""name"": ""partner_system_priority"", ""type"": ""str""}, {""name"": ""partner_system_id"", ""type"": ""str""}]",TextFSM template: huawei_vrp_display_eth-trunk.textfsm,2026-02-27T17:13:28.655888
textfsm,display http server,huawei_vrp,"[{""name"": ""http_server_status"", ""type"": ""str""}, {""name"": ""http_server_port"", ""type"": ""str""}, {""name"": ""http_timeout_interval"", ""type"": ""str""}, {""name"": ""current_online_users"", ""type"": ""str""}, {""name"": ""maximum_users_allowed"", ""type"": ""str""}, {""name"": ""https_server_status"", ""type"": ""str""}, {""name"": ""https_server_port"", ""type"": ""str""}, {""name"": ""http_ssl_policy"", ""type"": ""str""}, {""name"": ""http_ipv6_server_status"", ""type"": ""str""}, {""name"": ""http_ipv6_server_port"", ""type"": ""str""}, {""name"": ""https_ipv6_status"", ""type"": ""str""}, {""name"": ""http_server_source_address"", ""type"": ""str""}]",TextFSM template: huawei_vrp_display_http_server.textfsm,2026-02-27T17:13:28.655888
textfsm,display interface,huawei_vrp,"[{""name"": ""interface"", ""type"": ""str""}, {""name"": ""link_status"", ""type"": ""str""}, {""name"": ""protocol_status"", ""type"": ""str""}, {""name"": ""interface_description"", ""type"": ""str""}, {""name"": ""link_type"", ""type"": ""str""}, {""name"": ""port_type"", ""type"": ""str""}, {""name"": ""vlan_id"", ""type"": ""str""}, {""name"": ""tpid"", ""type"": ""str""}, {""name"": ""mtu"", ""type"": ""str""}, {""name"": ""hold_timer"", ""type"": ""str""}, {""name"": ""ip_address"", ""type"": ""str""}, {""name"": ""ip_status"", ""type"": ""str""}, {""name"": ""mac_address"", ""type"": ""str""}, {""name"": ""last_physical_up_time"", ""type"": ""str""}, {""name"": ""last_physical_down_time"", ""type"": ""str""}, {""name"": ""last_line_protocol_uptime"", ""type"": ""str""}, {""name"": ""current_system_time"", ""type"": ""str""}, {""name"": ""port_mode"", ""type"": ""str""}, {""name"": ""current_work_mode"", ""type"": ""str""}, {""name"": ""speed"", ""type"": ""str""}, {""name"": ""loopback"", ""type"": ""str""}, {""name"": ""duplex"", ""type"": ""str""}, {""name"": ""negotiation"", ""type"": ""str""}, {""name"": ""aggregated_interfaces"", ""type"": ""str""}]",TextFSM template: huawei_vrp_display_interface.textfsm,2026-02-27T17:13:28.655888
textfsm,display interface brief,huawei_vrp,"[{""name"": ""interface"", ""type"": ""str""}, {""name"": ""phy"", ""type"": ""str""}, {""name"": ""protocol"", ""type"": ""str""}, {""name"": ""inuti"", ""type"": ""str""}, {""name"": ""oututi"", ""type"": ""str""}, {""name"": ""inerrors"", ""type"": ""str""}, {""name"": ""outerrors"", ""type"": ""str""}]",TextFSM template: huawei_vrp_display_interface_brief.textfsm,2026-02-27T17:13:28.655888
textfsm,display interface description,huawei_vrp,"[{""name"": ""interface"", ""type"": ""str""}, {""name"": ""phy"", ""type"": ""str""}, {""name"": ""protocol"", ""type"": ""str""}, {""name"": ""description"", ""type"": ""str""}]",TextFSM template: huawei_vrp_display_interface_description.textfsm,2026-02-27T17:13:28.655888
textfsm,display ip routing-table verbose,huawei_vrp,"[{""name"": ""destination"", ""type"": ""str""}, {""name"": ""prefix_length"", ""type"": ""str""}, {""name"": ""protocol"", ""type"": ""str""}, {""name"": ""process_id"", ""type"": ""str""}, {""name"": ""label"", ""type"": ""str""}, {""name"": ""qos_info"", ""type"": ""str""}, {""name"": ""neighbour"", ""type"": ""str""}, {""name"": ""next_hop"", ""type"": ""str""}, {""name"": ""preference"", ""type"": ""str""}, {""name"": ""state"", ""type"": ""str""}, {""name"": ""cost"", ""type"": ""str""}, {""name"": ""age"", ""type"": ""str""}, {""name"": ""tag"", ""type"": ""str""}, {""name"": ""priority"", ""type"": ""str""}, {""name"": ""indirect_id"", ""type"": ""str""}, {""name"": ""relay_next_hop"", ""type"": ""str""}, {""name"": ""interface"", ""type"": ""str""}, {""name"": ""tunnel_id"", ""type"": ""str""}, {""name"": ""flags"", ""type"": ""str""}, {""name"": ""entry_id"", ""type"": ""str""}, {""name"": ""entry_flags"", ""type"": ""str""}, {""name"": ""reference_cnt"", ""type"": ""str""}]",TextFSM template: huawei_vrp_display_ip_routing-table_verbose.textfsm,2026-02-27T17:13:28.655888
textfsm,display ip vpn-instance,huawei_vrp,"[{""name"": ""name"", ""type"": ""str""}, {""name"": ""rd"", ""type"": ""str""}, {""name"": ""address_family"", ""type"": ""str""}]",TextFSM template: huawei_vrp_display_ip_vpn-instance.textfsm,2026-02-27T17:13:28.655888
textfsm,display ip vpn-instance interface,huawei_vrp,"[{""name"": ""name"", ""type"": ""str""}, {""name"": ""id"", ""type"": ""str""}, {""name"": ""interface_list"", ""type"": ""str""}]",TextFSM template: huawei_vrp_display_ip_vpn-instance_interface.textfsm,2026-02-27T17:13:28.655888
textfsm,display ipv6 neighbors,huawei_vrp,"[{""name"": ""ipv6_address"", ""type"": ""str""}, {""name"": ""mac_address"", ""type"": ""str""}, {""name"": ""state"", ""type"": ""str""}, {""name"": ""interface"", ""type"": ""str""}, {""name"": ""age"", ""type"": ""str""}, {""name"": ""vlan_id"", ""type"": ""str""}, {""name"": ""ce_vlan"", ""type"": ""str""}, {""name"": ""vpn_name"", ""type"": ""str""}, {""name"": ""is_router"", ""type"": ""str""}, {""name"": ""secure_flag"", ""type"": ""str""}, {""name"": ""nickname"", ""type"": ""str""}]",TextFSM template: huawei_vrp_display_ipv6_neighbors.textfsm,2026-02-27T17:13:28.655888
textfsm,display isis peer,huawei_vrp,"[{""name"": ""system_id"", ""type"": ""str""}, {""name"": ""interface"", ""type"": ""str""}, {""name"": ""circuit_id"", ""type"": ""str""}, {""name"": ""state"", ""type"": ""str""}, {""name"": ""hold_time"", ""type"": ""str""}, {""name"": ""type"", ""type"": ""str""}, {""name"": ""pri"", ""type"": ""str""}]",TextFSM template: huawei_vrp_display_isis_peer.textfsm,2026-02-27T17:13:28.655888
textfsm,display license verbose,huawei_vrp,"[{""name"": ""active_license"", ""type"": ""str""}, {""name"": ""license_state"", ""type"": ""str""}, {""name"": ""revoke_ticket"", ""type"": ""str""}, {""name"": ""license_mode"", ""type"": ""str""}, {""name"": ""product_name"", ""type"": ""str""}, {""name"": ""product_version"", ""type"": ""str""}, {""name"": ""license_file_esn"", ""type"": ""str""}, {""name"": ""license_serial_no"", ""type"": ""str""}, {""name"": ""creator"", ""type"": ""str""}, {""name"": ""created_time"", ""type"": ""str""}, {""name"": ""country"", ""type"": ""str""}, {""name"": ""custom"", ""type"": ""str""}, {""name"": ""office"", ""type"": ""str""}, {""name"": ""feature_name"", ""type"": ""str""}, {""name"": ""authorize_type"", ""type"": ""str""}, {""name"": ""expired_date"", ""type"": ""str""}, {""name"": ""trial_days"", ""type"": ""str""}, {""name"": ""sale_name"", ""type"": ""str""}, {""name"": ""item_name"", ""type"": ""str""}, {""name"": ""item_type"", ""type"": ""str""}, {""name"": ""control_value"", ""type"": ""str""}, {""name"": ""used_value"", ""type"": ""str""}, {""name"": ""item_state"", ""type"": ""str""}, {""name"": ""item_expired_date"", ""type"": ""str""}, {""name"": ""item_trial_days"", ""type"": ""str""}, {""name"": ""description"", ""type"": ""str""}]",TextFSM template: huawei_vrp_display_license_verbose.textfsm,2026-02-27T17:13:28.655888
textfsm,display lldp neighbor,huawei_vrp,"[{""name"": ""local_interface"", ""type"": ""str""}, {""name"": ""chassis_type"", ""type"": ""str""}, {""name"": ""chassis_id"", ""type"": ""str""}, {""name"": ""port_id_type"", ""type"": ""str""}, {""name"": ""port_id_subtype"", ""type"": ""str""}, {""name"": ""manufacturer"", ""type"": ""str""}, {""name"": ""neighbor_port_id"", ""type"": ""str""}, {""name"": ""neighbor_interface"", ""type"": ""str""}, {""name"": ""neighbor_name"", ""type"": ""str""}, {""name"": ""neighbor_description"", ""type"": ""str""}, {""name"": ""system_capabilities_supported"", ""type"": ""str""}, {""name"": ""capabilities"", ""type"": ""str""}, {""name"": ""mgmt_address_type"", ""type"": ""str""}, {""name"": ""mgmt_address"", ""type"": ""str""}, {""name"": ""expired_time"", ""type"": ""str""}, {""name"": ""vlan_id"", ""type"": ""str""}, {""name"": ""vlan_id_and_protocol"", ""type"": ""str""}, {""name"": ""vlan_name"", ""type"": ""str""}, {""name"": ""serial"", ""type"": ""str""}, {""name"": ""oid"", ""type"": ""str""}, {""name"": ""autonegotiation_supported"", ""type"": ""str""}, {""name"": ""autonegotiation_enabled"", ""type"": ""str""}, {""name"": ""operation_mode"", ""type"": ""str""}, {""name"": ""power_port_class"", ""type"": ""str""}, {""name"": ""pse_power_pairsx"", ""type"": ""str""}, {""name"": ""pse_power_supported"", ""type"": ""str""}, {""name"": ""pse_power_enabled"", ""type"": ""str""}, {""name"": ""pse_pairs_control_ability"", ""type"": ""str""}, {""name"": ""power_pairs"", ""type"": ""str""}, {""name"": ""power_class"", ""type"": ""str""}, {""name"": ""power_class_ext"", ""type"": ""str""}, {""name"": ""power_ext_type"", ""type"": ""str""}, {""name"": ""pse_allocated_mode_power_a"", ""type"": ""str""}, {""name"": ""pse_allocated_mode_power_b"", ""type"": ""str""}, {""name"": ""pse_powering_status"", ""type"": ""str""}, {""name"": ""pse_autoclass_support"", ""type"": ""str""}, {""name"": ""pd_4pid"", ""type"": ""str""}, {""name"": ""pd_load"", ""type"": ""str""}, {""name"": ""pd_powered_status"", ""type"": ""str""}, {""name"": ""dual_signature_power_classx_mode_a"", ""type"": ""str""}, {""name"": ""dual_signature_power_classx_mode_b"", ""type"": ""str""}, {""name"": ""autoclass_completed"", ""type"": ""str""}, {""name"": ""autoclass_request"", ""type"": ""str""}, {""name"": ""power_down_request"", ""type"": ""str""}, {""name"": ""power_down_time"", ""type"": ""str""}, {""name"": ""power_down"", ""type"": ""str""}, {""name"": ""power_capability"", ""type"": ""str""}, {""name"": ""power_up_mode"", ""type"": ""str""}, {""name"": ""port_power_classification"", ""type"": ""str""}, {""name"": ""link_aggregation_supported"", ""type"": ""str""}, {""name"": ""link_aggregation_enabled"", ""type"": ""str""}, {""name"": ""aggregation_port_id"", ""type"": ""str""}, {""name"": ""port_identity"", ""type"": ""str""}, {""name"": ""discovered_time"", ""type"": ""str""}, {""name"": ""energy_efficient_ethernet_support"", ""type"": ""str""}, {""name"": ""transmit_tw"", ""type"": ""str""}, {""name"": ""receive_tw"", ""type"": ""str""}, {""name"": ""fallback_receive_tw"", ""type"": ""str""}, {""name"": ""echo_transmit_tw"", ""type"": ""str""}, {""name"": ""echo_receive_tw"", ""type"": ""str""}, {""name"": ""network_card_id"", ""type"": ""str""}, {""name"": ""maximum_frame_size"", ""type"": ""str""}, {""name"": ""med_capability"", ""type"": ""str""}, {""name"": ""med_device_type"", ""type"": ""str""}, {""name"": ""med_device_class"", ""type"": ""str""}, {""name"": ""firmware_revision"", ""type"": ""str""}, {""name"": ""hardware_revision"", ""type"": ""str""}, {""name"": ""software_revision"", ""type"": ""str""}, {""name"": ""model_name"", ""type"": ""str""}, {""name"": ""asset_tracking_identifier"", ""type"": ""str""}, {""name"": ""media_policy_type"", ""type"": ""str""}, {""name"": ""unknown_policy"", ""type"": ""str""}, {""name"": ""vlan_tagged"", ""type"": ""str""}, {""name"": ""media_policy_vlan_id"", ""type"": ""str""}, {""name"": ""media_policy_l2_priority"", ""type"": ""str""}, {""name"": ""media_policy_dscp"", ""type"": ""str""}, {""name"": ""power_type"", ""type"": ""str""}, {""name"": ""power_source"", ""type"": ""str""}, {""name"": ""power_priority"", ""type"": ""str""}, {""name"": ""pd_requested_power"", ""type"": ""str""}, {""name"": ""pse_allocated_power"", ""type"": ""str""}, {""name"": ""pd_requested_power_mode_a"", ""type"": ""str""}, {""name"": ""pd_requested_power_mode_b"", ""type"": ""str""}, {""name"": ""pse_maximum_available_power"", ""type"": ""str""}, {""name"": ""pse_power_pairs_ext"", ""type"": ""str""}, {""name"": ""poe_pse_power_source"", ""type"": ""str""}, {""name"": ""port_pse_priority"", ""type"": ""str""}, {""name"": ""port_available_power_value"", ""type"": ""str""}, {""name"": ""location_format"", ""type"": ""str""}, {""name"": ""location_information"", ""type"": ""str""}]",TextFSM template: huawei_vrp_display_lldp_neighbor.textfsm,2026-02-27T17:13:28.655888
textfsm,display mac-address,huawei_vrp,"[{""name"": ""destination_address"", ""type"": ""str""}, {""name"": ""destination_port"", ""type"": ""str""}, {""name"": ""type"", ""type"": ""str""}, {""name"": ""vlan_id"", ""type"": ""str""}]",TextFSM template: huawei_vrp_display_mac-address.textfsm,2026-02-27T17:13:28.655888
textfsm,display module-information verbose,huawei_vrp,"[{""name"": ""module"", ""type"": ""str""}, {""name"": ""version"", ""type"": ""str""}, {""name"": ""install_time"", ""type"": ""str""}, {""name"": ""package_name"", ""type"": ""str""}, {""name"": ""slot_id_cpu_id"", ""type"": ""str""}, {""name"": ""proc_name"", ""type"": ""str""}, {""name"": ""type"", ""type"": ""str""}, {""name"": ""file_name"", ""type"": ""str""}, {""name"": ""effective_time"", ""type"": ""str""}]",TextFSM template: huawei_vrp_display_module-information_verbose.textfsm,2026-02-27T17:13:28.655888
textfsm,display mpls te tunnel,huawei_vrp,"[{""name"": ""source"", ""type"": ""str""}, {""name"": ""destination"", ""type"": ""str""}, {""name"": ""id"", ""type"": ""str""}, {""name"": ""in_label"", ""type"": ""str""}, {""name"": ""out_label"", ""type"": ""str""}, {""name"": ""role"", ""type"": ""str""}, {""name"": ""name"", ""type"": ""str""}]",TextFSM template: huawei_vrp_display_mpls_te_tunnel.textfsm,2026-02-27T17:13:28.655888
textfsm,display nat server,huawei_vrp,"[{""name"": ""interface"", ""type"": ""str""}, {""name"": ""global_ip_port"", ""type"": ""str""}, {""name"": ""inside_ip_port"", ""type"": ""str""}, {""name"": ""protocol"", ""type"": ""str""}, {""name"": ""vpn"", ""type"": ""str""}, {""name"": ""acl"", ""type"": ""str""}, {""name"": ""vrrp_id"", ""type"": ""str""}, {""name"": ""description"", ""type"": ""str""}]",TextFSM template: huawei_vrp_display_nat_server.textfsm,2026-02-27T17:13:28.655888
textfsm,display ntp status,huawei_vrp,"[{""name"": ""clock_status"", ""type"": ""str""}, {""name"": ""clock_stratum"", ""type"": ""str""}, {""name"": ""reference_clock_id"", ""type"": ""str""}, {""name"": ""nominal_frequency"", ""type"": ""str""}, {""name"": ""actual_frequency"", ""type"": ""str""}, {""name"": ""clock_precision"", ""type"": ""str""}, {""name"": ""clock_offset"", ""type"": ""str""}, {""name"": ""clock_delay"", ""type"": ""str""}, {""name"": ""root_dispersion"", ""type"": ""str""}, {""name"": ""peer_dispersion"", ""type"": ""str""}, {""name"": ""reference_time"", ""type"": ""str""}, {""name"": ""synchronization_state"", ""type"": ""str""}]",TextFSM template: huawei_vrp_display_ntp_status.textfsm,2026-02-27T17:13:28.655888
textfsm,display patch-information,huawei_vrp,"[{""name"": ""name"", ""type"": ""str""}, {""name"": ""version"", ""type"": ""str""}, {""name"": ""state"", ""type"": ""str""}, {""name"": ""run_time"", ""type"": ""str""}]",TextFSM template: huawei_vrp_display_patch-information.textfsm,2026-02-27T17:13:28.655888
textfsm,display port vlan,huawei_vrp,"[{""name"": ""interface"", ""type"": ""str""}, {""name"": ""link_type"", ""type"": ""str""}, {""name"": ""vlan_id"", ""type"": ""str""}, {""name"": ""trunk_vlan_list"", ""type"": ""str""}]",TextFSM template: huawei_vrp_display_port_vlan.textfsm,2026-02-27T17:13:28.655888
textfsm,display service-set all,huawei_vrp,"[{""name"": ""id"", ""type"": ""str""}, {""name"": ""name"", ""type"": ""str""}, {""name"": ""ssid"", ""type"": ""str""}]",TextFSM template: huawei_vrp_display_service-set_all.textfsm,2026-02-27T17:13:28.655888
textfsm,display service-set id id,huawei_vrp,"[{""name"": ""id"", ""type"": ""str""}, {""name"": ""name"", ""type"": ""str""}, {""name"": ""ssid"", ""type"": ""str""}, {""name"": ""hide_ssid"", ""type"": ""str""}, {""name"": ""user_isolate"", ""type"": ""str""}, {""name"": ""type"", ""type"": ""str""}, {""name"": ""max_nb_user"", ""type"": ""str""}, {""name"": ""assoc_timeout"", ""type"": ""str""}, {""name"": ""traffic_profile_name"", ""type"": ""str""}, {""name"": ""security_profile_name"", ""type"": ""str""}, {""name"": ""wlan_bss_interface"", ""type"": ""str""}, {""name"": ""igmp_mode"", ""type"": ""str""}, {""name"": ""forward_mode"", ""type"": ""str""}]",TextFSM template: huawei_vrp_display_service-set_id_id.textfsm,2026-02-27T17:13:28.655888
textfsm,display sn license,huawei_vrp,"[{""name"": ""serial_number"", ""type"": ""str""}]",TextFSM template: huawei_vrp_display_sn_license.textfsm,2026-02-27T17:13:28.655888
textfsm,display snmp-agent community read,huawei_vrp,"[{""name"": ""name"", ""type"": ""str""}, {""name"": ""group"", ""type"": ""str""}, {""name"": ""storage_type"", ""type"": ""str""}, {""name"": ""view"", ""type"": ""str""}, {""name"": ""acl"", ""type"": ""str""}]",TextFSM template: huawei_vrp_display_snmp-agent_community_read.textfsm,2026-02-27T17:13:28.655888
textfsm,display startup,huawei_vrp,"[{""name"": ""startup_system_software"", ""type"": ""str""}, {""name"": ""next_startup_system_software"", ""type"": ""str""}, {""name"": ""backup_system_software_for_next_startup"", ""type"": ""str""}, {""name"": ""startup_saved_configuration_file"", ""type"": ""str""}, {""name"": ""next_startup_saved_configuration_file"", ""type"": ""str""}, {""name"": ""startup_license_file"", ""type"": ""str""}, {""name"": ""next_startup_license_file"", ""type"": ""str""}, {""name"": ""startup_patch_package"", ""type"": ""str""}, {""name"": ""next_startup_patch_package"", ""type"": ""str""}, {""name"": ""startup_voice_files"", ""type"": ""str""}, {""name"": ""next_startup_voice_files"", ""type"": ""str""}]",TextFSM template: huawei_vrp_display_startup.textfsm,2026-02-27T17:13:28.655888
textfsm,display telnet server status,huawei_vrp,"[{""name"": ""telnet_ipv4_server"", ""type"": ""str""}, {""name"": ""telnet_ipv6_server"", ""type"": ""str""}, {""name"": ""telnet_service_port"", ""type"": ""str""}, {""name"": ""telnet_server_source_address"", ""type"": ""str""}, {""name"": ""acl4_number"", ""type"": ""str""}, {""name"": ""acl6_number"", ""type"": ""str""}]",TextFSM template: huawei_vrp_display_telnet_server_status.textfsm,2026-02-27T17:13:28.655888
textfsm,display temperature,huawei_vrp,"[{""name"": ""slotid"", ""type"": ""str""}, {""name"": ""pcb"", ""type"": ""str""}, {""name"": ""status"", ""type"": ""str""}, {""name"": ""temperature"", ""type"": ""str""}]",TextFSM template: huawei_vrp_display_temperature.textfsm,2026-02-27T17:13:28.655888
textfsm,display traffic-filter applied-record,huawei_vrp,"[{""name"": ""instance_type"", ""type"": ""str""}, {""name"": ""instance"", ""type"": ""str""}, {""name"": ""direction"", ""type"": ""str""}, {""name"": ""ip_version"", ""type"": ""str""}, {""name"": ""acl_nb"", ""type"": ""str""}, {""name"": ""acl_name"", ""type"": ""str""}]",TextFSM template: huawei_vrp_display_traffic-filter_applied-record.textfsm,2026-02-27T17:13:28.655888
textfsm,display version,huawei_vrp,"[{""name"": ""vrp_version"", ""type"": ""str""}, {""name"": ""product_version"", ""type"": ""str""}, {""name"": ""model"", ""type"": ""str""}, {""name"": ""uptime"", ""type"": ""str""}, {""name"": ""patch_version"", ""type"": ""str""}]",TextFSM template: huawei_vrp_display_version.textfsm,2026-02-27T17:13:28.655888
textfsm,display vlan,huawei_vrp,"[{""name"": ""key"", ""type"": ""str""}, {""name"": ""vlan_type"", ""type"": ""str""}, {""name"": ""vlan_status"", ""type"": ""str""}, {""name"": ""vlan_mac_learning"", ""type"": ""str""}, {""name"": ""vlan_description"", ""type"": ""str""}, {""name"": ""vlan_property"", ""type"": ""str""}, {""name"": ""vlan_broadcast"", ""type"": ""str""}, {""name"": ""vlan_multicast"", ""type"": ""str""}, {""name"": ""vlan_unicast"", ""type"": ""str""}, {""name"": ""vlan_statistics"", ""type"": ""str""}]",TextFSM template: huawei_vrp_display_vlan.textfsm,2026-02-27T17:13:28.655888
textfsm,display vlan brief,huawei_vrp,"[{""name"": ""key"", ""type"": ""str""}, {""name"": ""vlan_name"", ""type"": ""str""}, {""name"": ""mode"", ""type"": ""str""}, {""name"": ""vlan_status"", ""type"": ""str""}, {""name"": ""vlan_type"", ""type"": ""str""}, {""name"": ""interface"", ""type"": ""str""}, {""name"": ""interface_status"", ""type"": ""str""}]",TextFSM template: huawei_vrp_display_vlan_brief.textfsm,2026-02-27T17:13:28.655888
textfsm,virtual-cable-test,huawei_vrp,"[{""name"": ""pair_a_length"", ""type"": ""str""}, {""name"": ""pair_b_length"", ""type"": ""str""}, {""name"": ""pair_c_length"", ""type"": ""str""}, {""name"": ""pair_d_length"", ""type"": ""str""}, {""name"": ""pair_a_state"", ""type"": ""str""}, {""name"": ""pair_b_state"", ""type"": ""str""}, {""name"": ""pair_c_state"", ""type"": ""str""}, {""name"": ""pair_d_state"", ""type"": ""str""}]",TextFSM template: huawei_vrp_virtual-cable-test.textfsm,2026-02-27T17:13:28.655888
textfsm,show lldp table,ipinfusion_ocnos,"[{""name"": ""local_interface"", ""type"": ""str""}, {""name"": ""neighbor_name"", ""type"": ""str""}, {""name"": ""neighbor_interface"", ""type"": ""str""}, {""name"": ""capabilities"", ""type"": ""str""}, {""name"": ""neighbor_interface_description"", ""type"": ""str""}]",TextFSM template: ipinfusion_ocnos_show_lldp_table.textfsm,2026-02-27T17:13:28.655888
textfsm,show arp no-resolve,juniper_junos,"[{""name"": ""mac_address"", ""type"": ""str""}, {""name"": ""ip_address"", ""type"": ""str""}, {""name"": ""interface"", ""type"": ""str""}, {""name"": ""flags"", ""type"": ""str""}]",TextFSM template: juniper_junos_show_arp_no-resolve.textfsm,2026-02-27T17:13:28.655888
textfsm,show bgp summary,juniper_junos,"[{""name"": ""peer_ip"", ""type"": ""str""}, {""name"": ""peer_as"", ""type"": ""str""}, {""name"": ""in_pkt"", ""type"": ""str""}, {""name"": ""out_pkt"", ""type"": ""str""}, {""name"": ""out_q"", ""type"": ""str""}, {""name"": ""flaps"", ""type"": ""str""}, {""name"": ""last_flap"", ""type"": ""str""}, {""name"": ""up_down"", ""type"": ""str""}, {""name"": ""state"", ""type"": ""str""}, {""name"": ""interface"", ""type"": ""str""}, {""name"": ""active"", ""type"": ""str""}, {""name"": ""received"", ""type"": ""str""}, {""name"": ""accepted"", ""type"": ""str""}, {""name"": ""damped"", ""type"": ""str""}]",TextFSM template: juniper_junos_show_bgp_summary.textfsm,2026-02-27T17:13:28.655888
textfsm,show chassis cluster interfaces,juniper_junos,"[{""name"": ""control_link_status"", ""type"": ""str""}, {""name"": ""fabric_link_status"", ""type"": ""str""}, {""name"": ""link_type"", ""type"": ""str""}, {""name"": ""index"", ""type"": ""str""}, {""name"": ""interface"", ""type"": ""str""}, {""name"": ""status"", ""type"": ""str""}, {""name"": ""security"", ""type"": ""str""}, {""name"": ""child_interface"", ""type"": ""str""}, {""name"": ""redundancy_group"", ""type"": ""str""}, {""name"": ""weight"", ""type"": ""str""}]",TextFSM template: juniper_junos_show_chassis_cluster_interfaces.textfsm,2026-02-27T17:13:28.655888
textfsm,show chassis cluster status,juniper_junos,"[{""name"": ""cluster_id"", ""type"": ""str""}, {""name"": ""redundancy_group_id"", ""type"": ""str""}, {""name"": ""failover_count"", ""type"": ""str""}, {""name"": ""node"", ""type"": ""str""}, {""name"": ""priority"", ""type"": ""str""}, {""name"": ""status"", ""type"": ""str""}, {""name"": ""preempt"", ""type"": ""str""}, {""name"": ""manual"", ""type"": ""str""}, {""name"": ""monitor_failures"", ""type"": ""str""}]",TextFSM template: juniper_junos_show_chassis_cluster_status.textfsm,2026-02-27T17:13:28.655888
textfsm,show chassis firmware,juniper_junos,"[{""name"": ""part"", ""type"": ""str""}, {""name"": ""type"", ""type"": ""str""}, {""name"": ""version"", ""type"": ""str""}]",TextFSM template: juniper_junos_show_chassis_firmware.textfsm,2026-02-27T17:13:28.655888
textfsm,show chassis hardware,juniper_junos,"[{""name"": ""chassis_serial_number"", ""type"": ""str""}, {""name"": ""chassis_description"", ""type"": ""str""}, {""name"": ""mid_version"", ""type"": ""str""}, {""name"": ""mid_part"", ""type"": ""str""}, {""name"": ""mid_serial_number"", ""type"": ""str""}, {""name"": ""mid_description"", ""type"": ""str""}, {""name"": ""fpm_version"", ""type"": ""str""}, {""name"": ""fpm_part"", ""type"": ""str""}, {""name"": ""fpm_serial_number"", ""type"": ""str""}, {""name"": ""fpm_description"", ""type"": ""str""}, {""name"": ""ps_number"", ""type"": ""str""}, {""name"": ""ps_version"", ""type"": ""str""}, {""name"": ""ps_part"", ""type"": ""str""}, {""name"": ""ps_serial_number"", ""type"": ""str""}, {""name"": ""ps_description"", ""type"": ""str""}, {""name"": ""re_number"", ""type"": ""str""}, {""name"": ""re_version"", ""type"": ""str""}, {""name"": ""re_part"", ""type"": ""str""}, {""name"": ""re_serial_number"", ""type"": ""str""}, {""name"": ""re_description"", ""type"": ""str""}, {""name"": ""tfeb_number"", ""type"": ""str""}, {""name"": ""tfeb_version"", ""type"": ""str""}, {""name"": ""tfeb_part"", ""type"": ""str""}, {""name"": ""tfeb_serial_number"", ""type"": ""str""}, {""name"": ""tfeb_description"", ""type"": ""str""}, {""name"": ""qxm_number"", ""type"": ""str""}, {""name"": ""qxm_version"", ""type"": ""str""}, {""name"": ""qxm_part"", ""type"": ""str""}, {""name"": ""qxm_serial_number"", ""type"": ""str""}, {""name"": ""qxm_description"", ""type"": ""str""}, {""name"": ""afeb_number"", ""type"": ""str""}, {""name"": ""afeb_version"", ""type"": ""str""}, {""name"": ""afeb_part"", ""type"": ""str""}, {""name"": ""afeb_serial_number"", ""type"": ""str""}, {""name"": ""afeb_description"", ""type"": ""str""}, {""name"": ""cb_number"", ""type"": ""str""}, {""name"": ""cb_version"", ""type"": ""str""}, {""name"": ""cb_part"", ""type"": ""str""}, {""name"": ""cb_serial_number"", ""type"": ""str""}, {""name"": ""cb_description"", ""type"": ""str""}, {""name"": ""fpc_number"", ""type"": ""str""}, {""name"": ""fpc_version"", ""type"": ""str""}, {""name"": ""fpc_part"", ""type"": ""str""}, {""name"": ""fpc_serial_number"", ""type"": ""str""}, {""name"": ""fpc_description"", ""type"": ""str""}, {""name"": ""cpu_version"", ""type"": ""str""}, {""name"": ""cpu_part"", ""type"": ""str""}, {""name"": ""cpu_serial_number"", ""type"": ""str""}, {""name"": ""cpu_description"", ""type"": ""str""}, {""name"": ""mic_number"", ""type"": ""str""}, {""name"": ""mic_version"", ""type"": ""str""}, {""name"": ""mic_part"", ""type"": ""str""}, {""name"": ""mic_serial_number"", ""type"": ""str""}, {""name"": ""mic_description"", ""type"": ""str""}, {""name"": ""pic_number"", ""type"": ""str""}, {""name"": ""pic_version"", ""type"": ""str""}, {""name"": ""pic_part"", ""type"": ""str""}, {""name"": ""pic_serial_number"", ""type"": ""str""}, {""name"": ""pic_description"", ""type"": ""str""}, {""name"": ""xcvr_number"", ""type"": ""str""}, {""name"": ""xcvr_version"", ""type"": ""str""}, {""name"": ""xcvr_part"", ""type"": ""str""}, {""name"": ""xcvr_serial_number"", ""type"": ""str""}, {""name"": ""xcvr_description"", ""type"": ""str""}, {""name"": ""fan_number"", ""type"": ""str""}, {""name"": ""fan_version"", ""type"": ""str""}, {""name"": ""fan_part"", ""type"": ""str""}, {""name"": ""fan_serial_number"", ""type"": ""str""}, {""name"": ""fan_description"", ""type"": ""str""}]",TextFSM template: juniper_junos_show_chassis_hardware.textfsm,2026-02-27T17:13:28.655888
textfsm,show ethernet-switching table,juniper_junos,"[{""name"": ""vlan_id"", ""type"": ""str""}, {""name"": ""bridge_domain_id"", ""type"": ""str""}, {""name"": ""mac_address"", ""type"": ""str""}, {""name"": ""mac_flag"", ""type"": ""str""}, {""name"": ""age"", ""type"": ""str""}, {""name"": ""logical_interface"", ""type"": ""str""}]",TextFSM template: juniper_junos_show_ethernet-switching_table.textfsm,2026-02-27T17:13:28.655888
textfsm,show interfaces,juniper_junos,"[{""name"": ""interface"", ""type"": ""str""}, {""name"": ""link_status"", ""type"": ""str""}, {""name"": ""admin_state"", ""type"": ""str""}, {""name"": ""hardware_type"", ""type"": ""str""}, {""name"": ""description"", ""type"": ""str""}, {""name"": ""destination"", ""type"": ""str""}, {""name"": ""local"", ""type"": ""str""}, {""name"": ""mtu"", ""type"": ""str""}]",TextFSM template: juniper_junos_show_interfaces.textfsm,2026-02-27T17:13:28.655888
textfsm,show isis adjacency,juniper_junos,"[{""name"": ""interface"", ""type"": ""str""}, {""name"": ""system_id"", ""type"": ""str""}, {""name"": ""type"", ""type"": ""str""}, {""name"": ""state"", ""type"": ""str""}, {""name"": ""hold_time"", ""type"": ""str""}, {""name"": ""snpa"", ""type"": ""str""}]",TextFSM template: juniper_junos_show_isis_adjacency.textfsm,2026-02-27T17:13:28.655888
textfsm,show lacp interfaces,juniper_junos,"[{""name"": ""bundle_name"", ""type"": ""str""}, {""name"": ""member_interface"", ""type"": ""str""}, {""name"": ""receive_state"", ""type"": ""str""}, {""name"": ""transmit_state"", ""type"": ""str""}, {""name"": ""mux_state"", ""type"": ""str""}]",TextFSM template: juniper_junos_show_lacp_interfaces.textfsm,2026-02-27T17:13:28.655888
textfsm,show lldp neighbors,juniper_junos,"[{""name"": ""local_interface"", ""type"": ""str""}, {""name"": ""parent_interface"", ""type"": ""str""}, {""name"": ""chassis_id"", ""type"": ""str""}, {""name"": ""neighbor_interface"", ""type"": ""str""}, {""name"": ""neighbor_name"", ""type"": ""str""}]",TextFSM template: juniper_junos_show_lldp_neighbors.textfsm,2026-02-27T17:13:28.655888
textfsm,show ospf neighbor,juniper_junos,"[{""name"": ""ip_address"", ""type"": ""str""}, {""name"": ""interface"", ""type"": ""str""}, {""name"": ""state"", ""type"": ""str""}, {""name"": ""neighbor_id"", ""type"": ""str""}, {""name"": ""priority"", ""type"": ""str""}, {""name"": ""dead_time"", ""type"": ""str""}]",TextFSM template: juniper_junos_show_ospf_neighbor.textfsm,2026-02-27T17:13:28.655888
textfsm,show route summary,juniper_junos,"[{""name"": ""asn"", ""type"": ""str""}, {""name"": ""router_id"", ""type"": ""str""}, {""name"": ""table_name"", ""type"": ""str""}, {""name"": ""route_src"", ""type"": ""str""}, {""name"": ""routes"", ""type"": ""str""}, {""name"": ""active_routes"", ""type"": ""str""}]",TextFSM template: juniper_junos_show_route_summary.textfsm,2026-02-27T17:13:28.655888
textfsm,show rsvp interface,juniper_junos,"[{""name"": ""total_interface"", ""type"": ""str""}, {""name"": ""interface"", ""type"": ""str""}, {""name"": ""oper_state"", ""type"": ""str""}, {""name"": ""active_resv"", ""type"": ""str""}, {""name"": ""subscription"", ""type"": ""str""}, {""name"": ""total_bw"", ""type"": ""str""}, {""name"": ""avail_bw"", ""type"": ""str""}, {""name"": ""resv_bw"", ""type"": ""str""}, {""name"": ""highwater_mark"", ""type"": ""str""}]",TextFSM template: juniper_junos_show_rsvp_interface.textfsm,2026-02-27T17:13:28.655888
textfsm,show system configuration database usage,juniper_junos,"[{""name"": ""max_db_size"", ""type"": ""str""}, {""name"": ""curr_db_size"", ""type"": ""str""}, {""name"": ""actual_db_size"", ""type"": ""str""}, {""name"": ""avail_db_space"", ""type"": ""str""}]",TextFSM template: juniper_junos_show_system_configuration_database_usage.textfsm,2026-02-27T17:13:28.655888
textfsm,show system processes brief,juniper_junos,"[{""name"": ""node"", ""type"": ""str""}, {""name"": ""task_total"", ""type"": ""str""}, {""name"": ""task_running"", ""type"": ""str""}, {""name"": ""task_sleeping"", ""type"": ""str""}, {""name"": ""task_stopped"", ""type"": ""str""}, {""name"": ""task_zombie"", ""type"": ""str""}, {""name"": ""task_waiting"", ""type"": ""str""}, {""name"": ""cpu_user"", ""type"": ""str""}, {""name"": ""cpu_system"", ""type"": ""str""}, {""name"": ""cpu_nice"", ""type"": ""str""}, {""name"": ""cpu_idle"", ""type"": ""str""}, {""name"": ""cpu_wait"", ""type"": ""str""}, {""name"": ""cpu_hw_irq"", ""type"": ""str""}, {""name"": ""cpu_sw_irq"", ""type"": ""str""}, {""name"": ""cpu_steal"", ""type"": ""str""}, {""name"": ""memory_format"", ""type"": ""str""}, {""name"": ""swap_format"", ""type"": ""str""}, {""name"": ""memory_active"", ""type"": ""str""}, {""name"": ""memory_free"", ""type"": ""str""}, {""name"": ""memory_used"", ""type"": ""str""}, {""name"": ""memory_buffer"", ""type"": ""str""}, {""name"": ""swap_total"", ""type"": ""str""}, {""name"": ""swap_free"", ""type"": ""str""}, {""name"": ""swap_used"", ""type"": ""str""}, {""name"": ""swap_avail"", ""type"": ""str""}]",TextFSM template: juniper_junos_show_system_processes_brief.textfsm,2026-02-27T17:13:28.655888
textfsm,show system processes summary,juniper_junos,"[{""name"": ""memory_active"", ""type"": ""str""}, {""name"": ""memory_inactive"", ""type"": ""str""}, {""name"": ""memory_wired"", ""type"": ""str""}, {""name"": ""memory_buffer"", ""type"": ""str""}, {""name"": ""memory_free"", ""type"": ""str""}, {""name"": ""swap_total"", ""type"": ""str""}, {""name"": ""swap_free"", ""type"": ""str""}]",TextFSM template: juniper_junos_show_system_processes_summary.textfsm,2026-02-27T17:13:28.655888
textfsm,show system uptime,juniper_junos,"[{""name"": ""time"", ""type"": ""str""}, {""name"": ""timezone"", ""type"": ""str""}, {""name"": ""month"", ""type"": ""str""}, {""name"": ""day"", ""type"": ""str""}, {""name"": ""year"", ""type"": ""str""}, {""name"": ""time_source"", ""type"": ""str""}, {""name"": ""boot_time"", ""type"": ""str""}, {""name"": ""boot_timezone"", ""type"": ""str""}, {""name"": ""boot_month"", ""type"": ""str""}, {""name"": ""boot_day"", ""type"": ""str""}, {""name"": ""boot_year"", ""type"": ""str""}, {""name"": ""protocols_time"", ""type"": ""str""}, {""name"": ""protocols_timezone"", ""type"": ""str""}, {""name"": ""protocols_month"", ""type"": ""str""}, {""name"": ""protocols_day"", ""type"": ""str""}, {""name"": ""protocols_year"", ""type"": ""str""}, {""name"": ""last_config_time"", ""type"": ""str""}, {""name"": ""last_config_timezone"", ""type"": ""str""}, {""name"": ""last_config_month"", ""type"": ""str""}, {""name"": ""last_config_day"", ""type"": ""str""}, {""name"": ""last_config_year"", ""type"": ""str""}, {""name"": ""last_config_user"", ""type"": ""str""}, {""name"": ""users"", ""type"": ""str""}, {""name"": ""load_average_1min"", ""type"": ""str""}, {""name"": ""load_average_5min"", ""type"": ""str""}, {""name"": ""load_average_15min"", ""type"": ""str""}]",TextFSM template: juniper_junos_show_system_uptime.textfsm,2026-02-27T17:13:28.655888
textfsm,show version,juniper_junos,"[{""name"": ""hostname"", ""type"": ""str""}, {""name"": ""model"", ""type"": ""str""}, {""name"": ""junos_version"", ""type"": ""str""}, {""name"": ""base_os_boot"", ""type"": ""str""}, {""name"": ""base_os_software_suite"", ""type"": ""str""}, {""name"": ""kernel_software_suite"", ""type"": ""str""}, {""name"": ""crypto_software_suite"", ""type"": ""str""}, {""name"": ""packet_forwarding_engine_support_m_t_ex_common"", ""type"": ""str""}, {""name"": ""packet_forwarding_engine_support_mx_common"", ""type"": ""str""}, {""name"": ""fips_mode_utilities"", ""type"": ""str""}, {""name"": ""online_documentation"", ""type"": ""str""}, {""name"": ""services_aacl_container_package"", ""type"": ""str""}, {""name"": ""services_application_level_gateways"", ""type"": ""str""}, {""name"": ""appid_services"", ""type"": ""str""}, {""name"": ""border_gateway_function_package"", ""type"": ""str""}, {""name"": ""services_captive_portal_content_delivery_package"", ""type"": ""str""}, {""name"": ""services_http_content_management_package"", ""type"": ""str""}, {""name"": ""idp_services"", ""type"": ""str""}, {""name"": ""services_jflow_container_package"", ""type"": ""str""}, {""name"": ""services_ll_pdf_container_package"", ""type"": ""str""}, {""name"": ""services_mobilenext_software_package"", ""type"": ""str""}, {""name"": ""services_mobile_subscriber_service_package"", ""type"": ""str""}, {""name"": ""services_nat"", ""type"": ""str""}, {""name"": ""services_ptsp_container_package"", ""type"": ""str""}, {""name"": ""services_rpm"", ""type"": ""str""}, {""name"": ""services_stateful_firewall"", ""type"": ""str""}, {""name"": ""voice_services_container_package"", ""type"": ""str""}, {""name"": ""services_crypto"", ""type"": ""str""}, {""name"": ""services_ssl"", ""type"": ""str""}, {""name"": ""services_ipsec"", ""type"": ""str""}, {""name"": ""platform_software_suite"", ""type"": ""str""}, {""name"": ""runtime_software_suite"", ""type"": ""str""}, {""name"": ""routing_software_suite"", ""type"": ""str""}, {""name"": ""py_base_i386"", ""type"": ""str""}, {""name"": ""lab_package"", ""type"": ""str""}, {""name"": ""serial_number"", ""type"": ""str""}, {""name"": ""qfabric_system_id"", ""type"": ""str""}, {""name"": ""other_device_properties"", ""type"": ""str""}, {""name"": ""other_properties_versions"", ""type"": ""str""}, {""name"": ""redis_version"", ""type"": ""str""}]",TextFSM template: juniper_junos_show_version.textfsm,2026-02-27T17:13:28.655888
textfsm,show vlans,juniper_junos,"[{""name"": ""routing_instance"", ""type"": ""str""}, {""name"": ""vlan_name"", ""type"": ""str""}, {""name"": ""tag"", ""type"": ""str""}, {""name"": ""interfaces"", ""type"": ""str""}]",TextFSM template: juniper_junos_show_vlans.textfsm,2026-02-27T17:13:28.655888
textfsm,get route,juniper_screenos,"[{""name"": ""vr"", ""type"": ""str""}, {""name"": ""best"", ""type"": ""str""}, {""name"": ""id"", ""type"": ""str""}, {""name"": ""ip_address"", ""type"": ""str""}, {""name"": ""prefix_length"", ""type"": ""str""}, {""name"": ""outinterface"", ""type"": ""str""}, {""name"": ""nexthop"", ""type"": ""str""}, {""name"": ""protocol"", ""type"": ""str""}, {""name"": ""pref"", ""type"": ""str""}, {""name"": ""metric"", ""type"": ""str""}, {""name"": ""vsys"", ""type"": ""str""}]",TextFSM template: juniper_screenos_get_route.textfsm,2026-02-27T17:13:28.655888
textfsm,-a,linux_arp,"[{""name"": ""rev_dns"", ""type"": ""str""}, {""name"": ""ip_address"", ""type"": ""str""}, {""name"": ""mac_address"", ""type"": ""str""}, {""name"": ""hw_type"", ""type"": ""str""}, {""name"": ""interface"", ""type"": ""str""}]",TextFSM template: linux_arp_-a.textfsm,2026-02-27T17:13:28.655888
textfsm,-t bios,linux_dmidecode,"[{""name"": ""bios_vendor"", ""type"": ""str""}, {""name"": ""bios_version"", ""type"": ""str""}, {""name"": ""bios_release_date"", ""type"": ""str""}, {""name"": ""bios_runtime_size"", ""type"": ""str""}, {""name"": ""bios_rom_size"", ""type"": ""str""}]",TextFSM template: linux_dmidecode_-t_bios.textfsm,2026-02-27T17:13:28.655888
textfsm,-t memory,linux_dmidecode,"[{""name"": ""ram_maximum_capacity"", ""type"": ""str""}, {""name"": ""ram_total_slot"", ""type"": ""str""}, {""name"": ""ram_total_width"", ""type"": ""str""}, {""name"": ""ram_data_width"", ""type"": ""str""}, {""name"": ""ram_size"", ""type"": ""str""}, {""name"": ""ram_form_factor"", ""type"": ""str""}, {""name"": ""ram_locator"", ""type"": ""str""}, {""name"": ""ram_type"", ""type"": ""str""}, {""name"": ""ram_speed"", ""type"": ""str""}, {""name"": ""ram_manufacturer"", ""type"": ""str""}, {""name"": ""ram_serial_number"", ""type"": ""str""}, {""name"": ""ram_asset_tag"", ""type"": ""str""}, {""name"": ""ram_part_number"", ""type"": ""str""}, {""name"": ""ram_configured_memory_speed"", ""type"": ""str""}, {""name"": ""ram_configured_clock_speed"", ""type"": ""str""}, {""name"": ""ram_minimum_voltage"", ""type"": ""str""}, {""name"": ""ram_maximum_voltage"", ""type"": ""str""}, {""name"": ""ram_configured_voltage"", ""type"": ""str""}]",TextFSM template: linux_dmidecode_-t_memory.textfsm,2026-02-27T17:13:28.655888
textfsm,-t processor,linux_dmidecode,"[{""name"": ""cpu_socket_designation"", ""type"": ""str""}, {""name"": ""cpu_type"", ""type"": ""str""}, {""name"": ""cpu_family"", ""type"": ""str""}, {""name"": ""cpu_manufacturer"", ""type"": ""str""}, {""name"": ""cpu_id"", ""type"": ""str""}, {""name"": ""cpu_signature"", ""type"": ""str""}, {""name"": ""cpu_version"", ""type"": ""str""}, {""name"": ""cpu_voltage"", ""type"": ""str""}, {""name"": ""cpu_max_speed"", ""type"": ""str""}, {""name"": ""cpu_external_clock"", ""type"": ""str""}, {""name"": ""cpu_current_speed"", ""type"": ""str""}, {""name"": ""cpu_status"", ""type"": ""str""}, {""name"": ""cpu_upgrade"", ""type"": ""str""}, {""name"": ""cpu_core_count"", ""type"": ""str""}, {""name"": ""cpu_core_enabled"", ""type"": ""str""}, {""name"": ""cpu_thread_count"", ""type"": ""str""}, {""name"": ""cpu_characteristics"", ""type"": ""str""}]",TextFSM template: linux_dmidecode_-t_processor.textfsm,2026-02-27T17:13:28.655888
textfsm,-t system,linux_dmidecode,"[{""name"": ""system_manufacturer"", ""type"": ""str""}, {""name"": ""system_product_name"", ""type"": ""str""}, {""name"": ""system_serial_number"", ""type"": ""str""}, {""name"": ""system_uuid"", ""type"": ""str""}]",TextFSM template: linux_dmidecode_-t_system.textfsm,2026-02-27T17:13:28.655888
textfsm,address show,linux_ip,"[{""name"": ""id"", ""type"": ""str""}, {""name"": ""interface"", ""type"": ""str""}, {""name"": ""flags"", ""type"": ""str""}, {""name"": ""mtu"", ""type"": ""str""}, {""name"": ""qdisc"", ""type"": ""str""}, {""name"": ""state"", ""type"": ""str""}, {""name"": ""group"", ""type"": ""str""}, {""name"": ""qlen"", ""type"": ""str""}, {""name"": ""master"", ""type"": ""str""}, {""name"": ""type"", ""type"": ""str""}, {""name"": ""mac_address"", ""type"": ""str""}, {""name"": ""broadcast"", ""type"": ""str""}, {""name"": ""ip_addresses"", ""type"": ""str""}, {""name"": ""ip_masks"", ""type"": ""str""}, {""name"": ""ipv6_addresses"", ""type"": ""str""}, {""name"": ""ipv6_masks"", ""type"": ""str""}]",TextFSM template: linux_ip_address_show.textfsm,2026-02-27T17:13:28.655888
textfsm,link show,linux_ip,"[{""name"": ""id"", ""type"": ""str""}, {""name"": ""interface"", ""type"": ""str""}, {""name"": ""flags"", ""type"": ""str""}, {""name"": ""mtu"", ""type"": ""str""}, {""name"": ""qdisc"", ""type"": ""str""}, {""name"": ""state"", ""type"": ""str""}, {""name"": ""mode"", ""type"": ""str""}, {""name"": ""group"", ""type"": ""str""}, {""name"": ""qlen"", ""type"": ""str""}, {""name"": ""master"", ""type"": ""str""}, {""name"": ""type"", ""type"": ""str""}, {""name"": ""mac_address"", ""type"": ""str""}, {""name"": ""broadcast"", ""type"": ""str""}, {""name"": ""permanent_mac"", ""type"": ""str""}, {""name"": ""alias"", ""type"": ""str""}]",TextFSM template: linux_ip_link_show.textfsm,2026-02-27T17:13:28.655888
textfsm,route show,linux_ip,"[{""name"": ""metric"", ""type"": ""str""}, {""name"": ""network"", ""type"": ""str""}, {""name"": ""nexthop_ip"", ""type"": ""str""}, {""name"": ""nexthop_if"", ""type"": ""str""}, {""name"": ""protocol"", ""type"": ""str""}, {""name"": ""reachability"", ""type"": ""str""}, {""name"": ""scope"", ""type"": ""str""}, {""name"": ""src"", ""type"": ""str""}]",TextFSM template: linux_ip_route_show.textfsm,2026-02-27T17:13:28.655888
textfsm,vrf show,linux_ip,"[{""name"": ""name"", ""type"": ""str""}, {""name"": ""table"", ""type"": ""str""}]",TextFSM template: linux_ip_vrf_show.textfsm,2026-02-27T17:13:28.655888
textfsm,linux iwconfig,linux_iwconfig,"[{""name"": ""interface"", ""type"": ""str""}, {""name"": ""nickname"", ""type"": ""str""}, {""name"": ""essid"", ""type"": ""str""}, {""name"": ""mode"", ""type"": ""str""}, {""name"": ""frequency"", ""type"": ""str""}, {""name"": ""access_point"", ""type"": ""str""}, {""name"": ""sensitivity"", ""type"": ""str""}, {""name"": ""bit_rate"", ""type"": ""str""}, {""name"": ""tx_power"", ""type"": ""str""}, {""name"": ""retry_short_limit"", ""type"": ""str""}, {""name"": ""rts_thr"", ""type"": ""str""}, {""name"": ""fragment_thr"", ""type"": ""str""}, {""name"": ""encryption_key"", ""type"": ""str""}, {""name"": ""power_management"", ""type"": ""str""}, {""name"": ""link_quality"", ""type"": ""str""}, {""name"": ""signal_level"", ""type"": ""str""}, {""name"": ""noise_level"", ""type"": ""str""}, {""name"": ""rx_invalid_nwid"", ""type"": ""str""}, {""name"": ""rx_invalid_crypt"", ""type"": ""str""}, {""name"": ""rx_invalid_frag"", ""type"": ""str""}, {""name"": ""tx_excessive_retries"", ""type"": ""str""}, {""name"": ""invalid_misc"", ""type"": ""str""}, {""name"": ""missed_beacon"", ""type"": ""str""}]",TextFSM template: linux_iwconfig.textfsm,2026-02-27T17:13:28.655888
textfsm,wlan0 scanning,linux_iwlist,"[{""name"": ""interface"", ""type"": ""str""}, {""name"": ""address"", ""type"": ""str""}, {""name"": ""ssid"", ""type"": ""str""}, {""name"": ""protocol"", ""type"": ""str""}, {""name"": ""mode"", ""type"": ""str""}, {""name"": ""frequency"", ""type"": ""str""}, {""name"": ""channel"", ""type"": ""str""}, {""name"": ""encryption_key"", ""type"": ""str""}, {""name"": ""bit_rate"", ""type"": ""str""}, {""name"": ""group_cipher"", ""type"": ""str""}, {""name"": ""pairwise_cipher"", ""type"": ""str""}, {""name"": ""authentication_suites"", ""type"": ""str""}, {""name"": ""preauthentication"", ""type"": ""str""}, {""name"": ""quality"", ""type"": ""str""}, {""name"": ""signal_level"", ""type"": ""str""}, {""name"": ""extra"", ""type"": ""str""}, {""name"": ""information_element"", ""type"": ""str""}]",TextFSM template: linux_iwlist_wlan0_scanning.textfsm,2026-02-27T17:13:28.655888
textfsm,connection show,linux_nmcli,"[{""name"": ""name"", ""type"": ""str""}, {""name"": ""uuid"", ""type"": ""str""}, {""name"": ""type"", ""type"": ""str""}, {""name"": ""device"", ""type"": ""str""}]",TextFSM template: linux_nmcli_connection_show.textfsm,2026-02-27T17:13:28.655888
textfsm,config 1,linux_pct,"[{""name"": ""arch"", ""type"": ""str""}, {""name"": ""cores"", ""type"": ""str""}, {""name"": ""cpulimit"", ""type"": ""str""}, {""name"": ""cpuunits"", ""type"": ""str""}, {""name"": ""description"", ""type"": ""str""}, {""name"": ""features"", ""type"": ""str""}, {""name"": ""hostname"", ""type"": ""str""}, {""name"": ""memory"", ""type"": ""str""}, {""name"": ""net0"", ""type"": ""str""}, {""name"": ""onboot"", ""type"": ""str""}, {""name"": ""ostype"", ""type"": ""str""}, {""name"": ""rootfs"", ""type"": ""str""}, {""name"": ""swap"", ""type"": ""str""}, {""name"": ""unprivileged"", ""type"": ""str""}, {""name"": ""lxc_apparmor_profile"", ""type"": ""str""}, {""name"": ""lxc_cgroup_device_allow"", ""type"": ""str""}, {""name"": ""tags"", ""type"": ""str""}]",TextFSM template: linux_pct_config_1.textfsm,2026-02-27T17:13:28.655888
textfsm,list,linux_pct,"[{""name"": ""vmid"", ""type"": ""str""}, {""name"": ""status"", ""type"": ""str""}, {""name"": ""lock"", ""type"": ""str""}, {""name"": ""name"", ""type"": ""str""}]",TextFSM template: linux_pct_list.textfsm,2026-02-27T17:13:28.655888
textfsm,linux pveversion,linux_pveversion,"[{""name"": ""proxmox_version"", ""type"": ""str""}, {""name"": ""running_kernel"", ""type"": ""str""}]",TextFSM template: linux_pveversion.textfsm,2026-02-27T17:13:28.655888
textfsm,config 1,linux_qm,"[{""name"": ""agent"", ""type"": ""str""}, {""name"": ""balloon"", ""type"": ""str""}, {""name"": ""boot"", ""type"": ""str""}, {""name"": ""cores"", ""type"": ""str""}, {""name"": ""cpu"", ""type"": ""str""}, {""name"": ""cpu_limit"", ""type"": ""str""}, {""name"": ""description"", ""type"": ""str""}, {""name"": ""audio0"", ""type"": ""str""}, {""name"": ""ide0"", ""type"": ""str""}, {""name"": ""ide1"", ""type"": ""str""}, {""name"": ""ide2"", ""type"": ""str""}, {""name"": ""keyboard"", ""type"": ""str""}, {""name"": ""lock"", ""type"": ""str""}, {""name"": ""machine"", ""type"": ""str""}, {""name"": ""kvm"", ""type"": ""str""}, {""name"": ""memory"", ""type"": ""str""}, {""name"": ""meta"", ""type"": ""str""}, {""name"": ""name"", ""type"": ""str""}, {""name"": ""net0"", ""type"": ""str""}, {""name"": ""net1"", ""type"": ""str""}, {""name"": ""net2"", ""type"": ""str""}, {""name"": ""net3"", ""type"": ""str""}, {""name"": ""numa"", ""type"": ""str""}, {""name"": ""onboot"", ""type"": ""str""}, {""name"": ""ostype"", ""type"": ""str""}, {""name"": ""parent"", ""type"": ""str""}, {""name"": ""scsi0"", ""type"": ""str""}, {""name"": ""scsi1"", ""type"": ""str""}, {""name"": ""serial0"", ""type"": ""str""}, {""name"": ""scsihw"", ""type"": ""str""}, {""name"": ""sata0"", ""type"": ""str""}, {""name"": ""sata1"", ""type"": ""str""}, {""name"": ""smbios1"", ""type"": ""str""}, {""name"": ""sockets"", ""type"": ""str""}, {""name"": ""virtio0"", ""type"": ""str""}, {""name"": ""vmgenid"", ""type"": ""str""}, {""name"": ""vga"", ""type"": ""str""}]",TextFSM template: linux_qm_config_1.textfsm,2026-02-27T17:13:28.655888
textfsm,list,linux_qm,"[{""name"": ""vmid"", ""type"": ""str""}, {""name"": ""name"", ""type"": ""str""}, {""name"": ""status"", ""type"": ""str""}, {""name"": ""memory"", ""type"": ""str""}, {""name"": ""disk"", ""type"": ""str""}, {""name"": ""pid"", ""type"": ""str""}]",TextFSM template: linux_qm_list.textfsm,2026-02-27T17:13:28.655888
textfsm,linux top,linux_top,"[{""name"": ""pid"", ""type"": ""str""}, {""name"": ""username"", ""type"": ""str""}, {""name"": ""process_priority"", ""type"": ""str""}, {""name"": ""nice_value"", ""type"": ""str""}, {""name"": ""virtual_memory"", ""type"": ""str""}, {""name"": ""resident_memory"", ""type"": ""str""}, {""name"": ""shared_memory"", ""type"": ""str""}, {""name"": ""status"", ""type"": ""str""}, {""name"": ""cpu_time"", ""type"": ""str""}, {""name"": ""memory"", ""type"": ""str""}, {""name"": ""time"", ""type"": ""str""}, {""name"": ""command"", ""type"": ""str""}]",TextFSM template: linux_top.textfsm,2026-02-27T17:13:28.655888
textfsm,linux vzlist,linux_vzlist,"[{""name"": ""ctid"", ""type"": ""str""}, {""name"": ""nproc"", ""type"": ""str""}, {""name"": ""status"", ""type"": ""str""}, {""name"": ""ip_addr"", ""type"": ""str""}, {""name"": ""hostname"", ""type"": ""str""}]",TextFSM template: linux_vzlist.textfsm,2026-02-27T17:13:28.655888
textfsm,interface bonding print detail,mikrotik_routeros,"[{""name"": ""id"", ""type"": ""str""}, {""name"": ""status"", ""type"": ""str""}, {""name"": ""name"", ""type"": ""str""}, {""name"": ""slaves"", ""type"": ""str""}, {""name"": ""description"", ""type"": ""str""}, {""name"": ""mode"", ""type"": ""str""}]",TextFSM template: mikrotik_routeros_interface_bonding_print_detail.textfsm,2026-02-27T17:13:28.655888
textfsm,interface bridge host print terse without-paging,mikrotik_routeros,"[{""name"": ""id"", ""type"": ""str""}, {""name"": ""disabled"", ""type"": ""str""}, {""name"": ""invalid"", ""type"": ""str""}, {""name"": ""dynamic"", ""type"": ""str""}, {""name"": ""local"", ""type"": ""str""}, {""name"": ""external"", ""type"": ""str""}, {""name"": ""comment"", ""type"": ""str""}, {""name"": ""mac_address"", ""type"": ""str""}, {""name"": ""vlan_id"", ""type"": ""str""}, {""name"": ""interface"", ""type"": ""str""}, {""name"": ""bridge"", ""type"": ""str""}, {""name"": ""on_interface"", ""type"": ""str""}]",TextFSM template: mikrotik_routeros_interface_bridge_host_print_terse_without-paging.textfsm,2026-02-27T17:13:28.655888
textfsm,interface ethernet monitor name once,mikrotik_routeros,"[{""name"": ""name"", ""type"": ""str""}, {""name"": ""status"", ""type"": ""str""}, {""name"": ""auto_negotiation"", ""type"": ""str""}, {""name"": ""default_cable_settings"", ""type"": ""str""}, {""name"": ""rate"", ""type"": ""str""}, {""name"": ""full_duplex"", ""type"": ""str""}, {""name"": ""tx_flow_control"", ""type"": ""str""}, {""name"": ""rx_flow_control"", ""type"": ""str""}, {""name"": ""combo_state"", ""type"": ""str""}, {""name"": ""sfp_module_present"", ""type"": ""str""}, {""name"": ""sfp_rx_loss"", ""type"": ""str""}, {""name"": ""sfp_tx_fault"", ""type"": ""str""}, {""name"": ""sfp_type"", ""type"": ""str""}, {""name"": ""sfp_connector_type"", ""type"": ""str""}, {""name"": ""sfp_link_length_9um"", ""type"": ""str""}, {""name"": ""sfp_link_length_50um"", ""type"": ""str""}, {""name"": ""sfp_link_length_62um"", ""type"": ""str""}, {""name"": ""sfp_link_length_copper"", ""type"": ""str""}, {""name"": ""sfp_vendor_name"", ""type"": ""str""}, {""name"": ""sfp_vendor_part_number"", ""type"": ""str""}, {""name"": ""sfp_vendor_revision"", ""type"": ""str""}, {""name"": ""sfp_vendor_serial"", ""type"": ""str""}, {""name"": ""sfp_manufacturing_date"", ""type"": ""str""}, {""name"": ""sfp_wavelength"", ""type"": ""str""}, {""name"": ""sfp_temperature"", ""type"": ""str""}, {""name"": ""sfp_supply_voltage"", ""type"": ""str""}, {""name"": ""sfp_tx_bias_current"", ""type"": ""str""}, {""name"": ""sfp_tx_power"", ""type"": ""str""}, {""name"": ""sfp_rx_power"", ""type"": ""str""}, {""name"": ""eeprom_checksum"", ""type"": ""str""}, {""name"": ""eeprom"", ""type"": ""str""}, {""name"": ""supported"", ""type"": ""str""}, {""name"": ""advertising"", ""type"": ""str""}, {""name"": ""link_partner_advertising"", ""type"": ""str""}]",TextFSM template: mikrotik_routeros_interface_ethernet_monitor_name_once.textfsm,2026-02-27T17:13:28.655888
textfsm,interface ethernet poe print without-paging,mikrotik_routeros,"[{""name"": ""index"", ""type"": ""str""}, {""name"": ""interface"", ""type"": ""str""}, {""name"": ""poe_out"", ""type"": ""str""}, {""name"": ""poe_voltage"", ""type"": ""str""}, {""name"": ""poe_priority"", ""type"": ""str""}, {""name"": ""power_cycle_ping_enabled"", ""type"": ""str""}, {""name"": ""power_cycle_interval"", ""type"": ""str""}]",TextFSM template: mikrotik_routeros_interface_ethernet_poe_print_without-paging.textfsm,2026-02-27T17:13:28.655888
textfsm,interface ethernet print,mikrotik_routeros,"[{""name"": ""id"", ""type"": ""str""}, {""name"": ""status"", ""type"": ""str""}, {""name"": ""slave"", ""type"": ""str""}, {""name"": ""name"", ""type"": ""str""}, {""name"": ""mtu"", ""type"": ""str""}, {""name"": ""mac_address"", ""type"": ""str""}, {""name"": ""arp"", ""type"": ""str""}, {""name"": ""switch"", ""type"": ""str""}]",TextFSM template: mikrotik_routeros_interface_ethernet_print.textfsm,2026-02-27T17:13:28.655888
textfsm,interface print brief,mikrotik_routeros,"[{""name"": ""id"", ""type"": ""str""}, {""name"": ""dynamic"", ""type"": ""str""}, {""name"": ""status"", ""type"": ""str""}, {""name"": ""slave"", ""type"": ""str""}, {""name"": ""name"", ""type"": ""str""}, {""name"": ""type"", ""type"": ""str""}, {""name"": ""actual_mtu"", ""type"": ""str""}, {""name"": ""l2mtu"", ""type"": ""str""}, {""name"": ""max_l2mtu"", ""type"": ""str""}, {""name"": ""mac_address"", ""type"": ""str""}]",TextFSM template: mikrotik_routeros_interface_print_brief.textfsm,2026-02-27T17:13:28.655888
textfsm,interface print detail,mikrotik_routeros,"[{""name"": ""id"", ""type"": ""str""}, {""name"": ""dynamic"", ""type"": ""str""}, {""name"": ""status"", ""type"": ""str""}, {""name"": ""slave"", ""type"": ""str""}, {""name"": ""name"", ""type"": ""str""}, {""name"": ""description"", ""type"": ""str""}, {""name"": ""default_name"", ""type"": ""str""}, {""name"": ""type"", ""type"": ""str""}, {""name"": ""mtu"", ""type"": ""str""}, {""name"": ""actual_mtu"", ""type"": ""str""}, {""name"": ""l2mtu"", ""type"": ""str""}, {""name"": ""max_l2mtu"", ""type"": ""str""}, {""name"": ""mac_address"", ""type"": ""str""}, {""name"": ""last_link_down_time"", ""type"": ""str""}, {""name"": ""last_link_up_time"", ""type"": ""str""}, {""name"": ""link_downs"", ""type"": ""str""}, {""name"": ""vrf"", ""type"": ""str""}]",TextFSM template: mikrotik_routeros_interface_print_detail.textfsm,2026-02-27T17:13:28.655888
textfsm,interface print terse without-paging,mikrotik_routeros,"[{""name"": ""id"", ""type"": ""str""}, {""name"": ""dynamic"", ""type"": ""str""}, {""name"": ""status"", ""type"": ""str""}, {""name"": ""slave"", ""type"": ""str""}, {""name"": ""comment"", ""type"": ""str""}, {""name"": ""name"", ""type"": ""str""}, {""name"": ""default_name"", ""type"": ""str""}, {""name"": ""type"", ""type"": ""str""}, {""name"": ""mtu"", ""type"": ""str""}, {""name"": ""actual_mtu"", ""type"": ""str""}, {""name"": ""l2mtu"", ""type"": ""str""}, {""name"": ""max_l2mtu"", ""type"": ""str""}, {""name"": ""vrf"", ""type"": ""str""}, {""name"": ""mac_address"", ""type"": ""str""}, {""name"": ""fast_path"", ""type"": ""str""}, {""name"": ""last_link_down_time"", ""type"": ""str""}, {""name"": ""last_link_up_time"", ""type"": ""str""}, {""name"": ""link_downs"", ""type"": ""str""}]",TextFSM template: mikrotik_routeros_interface_print_terse_without-paging.textfsm,2026-02-27T17:13:28.655888
textfsm,interface vlan print detail,mikrotik_routeros,"[{""name"": ""id"", ""type"": ""str""}, {""name"": ""name"", ""type"": ""str""}, {""name"": ""parent_interface"", ""type"": ""str""}, {""name"": ""description"", ""type"": ""str""}, {""name"": ""status"", ""type"": ""str""}, {""name"": ""vlan_id"", ""type"": ""str""}, {""name"": ""service_tag"", ""type"": ""str""}]",TextFSM template: mikrotik_routeros_interface_vlan_print_detail.textfsm,2026-02-27T17:13:28.655888
textfsm,ip address export verbose,mikrotik_routeros,"[{""name"": ""ip"", ""type"": ""str""}, {""name"": ""mask"", ""type"": ""str""}, {""name"": ""comment"", ""type"": ""str""}, {""name"": ""disabled"", ""type"": ""str""}, {""name"": ""interface"", ""type"": ""str""}, {""name"": ""network"", ""type"": ""str""}]",TextFSM template: mikrotik_routeros_ip_address_export_verbose.textfsm,2026-02-27T17:13:28.655888
textfsm,ip address print,mikrotik_routeros,"[{""name"": ""num"", ""type"": ""str""}, {""name"": ""flags"", ""type"": ""str""}, {""name"": ""comment"", ""type"": ""str""}, {""name"": ""ip"", ""type"": ""str""}, {""name"": ""subnet"", ""type"": ""str""}, {""name"": ""network"", ""type"": ""str""}, {""name"": ""interface"", ""type"": ""str""}]",TextFSM template: mikrotik_routeros_ip_address_print.textfsm,2026-02-27T17:13:28.655888
textfsm,ip arp print,mikrotik_routeros,"[{""name"": ""num"", ""type"": ""str""}, {""name"": ""flags"", ""type"": ""str""}, {""name"": ""ip_address"", ""type"": ""str""}, {""name"": ""mac_address"", ""type"": ""str""}, {""name"": ""interface"", ""type"": ""str""}]",TextFSM template: mikrotik_routeros_ip_arp_print.textfsm,2026-02-27T17:13:28.655888
textfsm,ip arp print terse without-paging,mikrotik_routeros,"[{""name"": ""index"", ""type"": ""str""}, {""name"": ""flags"", ""type"": ""str""}, {""name"": ""address"", ""type"": ""str""}, {""name"": ""mac_address"", ""type"": ""str""}, {""name"": ""interface"", ""type"": ""str""}, {""name"": ""published"", ""type"": ""str""}]",TextFSM template: mikrotik_routeros_ip_arp_print_terse_without-paging.textfsm,2026-02-27T17:13:28.655888
textfsm,ip arp print without-paging,mikrotik_routeros,"[{""name"": ""key"", ""type"": ""str""}, {""name"": ""flags"", ""type"": ""str""}, {""name"": ""ip_address"", ""type"": ""str""}, {""name"": ""mac_address"", ""type"": ""str""}, {""name"": ""interface"", ""type"": ""str""}, {""name"": ""status"", ""type"": ""str""}]",TextFSM template: mikrotik_routeros_ip_arp_print_without-paging.textfsm,2026-02-27T17:13:28.655888
textfsm,ip dhcp-server lease print,mikrotik_routeros,"[{""name"": ""number"", ""type"": ""str""}, {""name"": ""flags"", ""type"": ""str""}, {""name"": ""address"", ""type"": ""str""}, {""name"": ""mac_address"", ""type"": ""str""}, {""name"": ""host_name"", ""type"": ""str""}, {""name"": ""server"", ""type"": ""str""}, {""name"": ""rate_limit"", ""type"": ""str""}, {""name"": ""status"", ""type"": ""str""}, {""name"": ""last_seen"", ""type"": ""str""}]",TextFSM template: mikrotik_routeros_ip_dhcp-server_lease_print.textfsm,2026-02-27T17:13:28.655888
textfsm,ip dhcp-server lease print terse without-paging,mikrotik_routeros,"[{""name"": ""index"", ""type"": ""str""}, {""name"": ""flag"", ""type"": ""str""}, {""name"": ""comment"", ""type"": ""str""}, {""name"": ""address"", ""type"": ""str""}, {""name"": ""mac_address"", ""type"": ""str""}, {""name"": ""client_id"", ""type"": ""str""}, {""name"": ""address_lists"", ""type"": ""str""}, {""name"": ""server"", ""type"": ""str""}, {""name"": ""dhcp_option"", ""type"": ""str""}, {""name"": ""status"", ""type"": ""str""}, {""name"": ""expires_after"", ""type"": ""str""}, {""name"": ""last_seen"", ""type"": ""str""}, {""name"": ""age"", ""type"": ""str""}, {""name"": ""active_address"", ""type"": ""str""}, {""name"": ""active_mac_address"", ""type"": ""str""}, {""name"": ""active_client_id"", ""type"": ""str""}, {""name"": ""active_server"", ""type"": ""str""}, {""name"": ""host_name"", ""type"": ""str""}, {""name"": ""src_mac_address"", ""type"": ""str""}]",TextFSM template: mikrotik_routeros_ip_dhcp-server_lease_print_terse_without-paging.textfsm,2026-02-27T17:13:28.655888
textfsm,ip dhcp-server lease print without-paging,mikrotik_routeros,"[{""name"": ""key"", ""type"": ""str""}, {""name"": ""flags"", ""type"": ""str""}, {""name"": ""ip_address"", ""type"": ""str""}, {""name"": ""mac_address"", ""type"": ""str""}, {""name"": ""hostname"", ""type"": ""str""}, {""name"": ""server"", ""type"": ""str""}, {""name"": ""rate_limit"", ""type"": ""str""}, {""name"": ""status"", ""type"": ""str""}, {""name"": ""last_seen"", ""type"": ""str""}]",TextFSM template: mikrotik_routeros_ip_dhcp-server_lease_print_without-paging.textfsm,2026-02-27T17:13:28.655888
textfsm,ip firewall address-list print terse,mikrotik_routeros,"[{""name"": ""key"", ""type"": ""str""}, {""name"": ""flags"", ""type"": ""str""}, {""name"": ""list"", ""type"": ""str""}, {""name"": ""ip_address"", ""type"": ""str""}, {""name"": ""ipv6_address"", ""type"": ""str""}, {""name"": ""prefix_length"", ""type"": ""str""}, {""name"": ""creation_time"", ""type"": ""str""}, {""name"": ""timeout"", ""type"": ""str""}, {""name"": ""dynamic"", ""type"": ""str""}]",TextFSM template: mikrotik_routeros_ip_firewall_address-list_print_terse.textfsm,2026-02-27T17:13:28.655888
textfsm,ip firewall filter print all without-paging,mikrotik_routeros,"[{""name"": ""key"", ""type"": ""str""}, {""name"": ""flags"", ""type"": ""str""}, {""name"": ""comment"", ""type"": ""str""}, {""name"": ""chain"", ""type"": ""str""}, {""name"": ""action"", ""type"": ""str""}, {""name"": ""hw_offload"", ""type"": ""str""}, {""name"": ""connection_state"", ""type"": ""str""}, {""name"": ""connection_nat_state"", ""type"": ""str""}, {""name"": ""protocol"", ""type"": ""str""}, {""name"": ""src_address"", ""type"": ""str""}, {""name"": ""src_address_list"", ""type"": ""str""}, {""name"": ""src_port"", ""type"": ""str""}, {""name"": ""in_interface_list"", ""type"": ""str""}, {""name"": ""out_interface_list"", ""type"": ""str""}, {""name"": ""in_interface"", ""type"": ""str""}, {""name"": ""out_interface"", ""type"": ""str""}, {""name"": ""ipsec_policy"", ""type"": ""str""}, {""name"": ""dst_address"", ""type"": ""str""}, {""name"": ""dst_address_list"", ""type"": ""str""}, {""name"": ""dst_port"", ""type"": ""str""}, {""name"": ""src_mac_address"", ""type"": ""str""}, {""name"": ""log"", ""type"": ""str""}, {""name"": ""log_prefix"", ""type"": ""str""}]",TextFSM template: mikrotik_routeros_ip_firewall_filter_print_all_without-paging.textfsm,2026-02-27T17:13:28.655888
textfsm,ip firewall nat print all without-paging,mikrotik_routeros,"[{""name"": ""key"", ""type"": ""str""}, {""name"": ""flags"", ""type"": ""str""}, {""name"": ""comment"", ""type"": ""str""}, {""name"": ""chain"", ""type"": ""str""}, {""name"": ""action"", ""type"": ""str""}, {""name"": ""to_addresses"", ""type"": ""str""}, {""name"": ""to_ports"", ""type"": ""str""}, {""name"": ""protocol"", ""type"": ""str""}, {""name"": ""src_address"", ""type"": ""str""}, {""name"": ""src_address_list"", ""type"": ""str""}, {""name"": ""src_port"", ""type"": ""str""}, {""name"": ""in_interface"", ""type"": ""str""}, {""name"": ""out_interface"", ""type"": ""str""}, {""name"": ""in_interface_list"", ""type"": ""str""}, {""name"": ""out_interface_list"", ""type"": ""str""}, {""name"": ""ipsec_policy"", ""type"": ""str""}, {""name"": ""dst_address"", ""type"": ""str""}, {""name"": ""dst_address_list"", ""type"": ""str""}, {""name"": ""dst_port"", ""type"": ""str""}, {""name"": ""log"", ""type"": ""str""}, {""name"": ""log_prefix"", ""type"": ""str""}]",TextFSM template: mikrotik_routeros_ip_firewall_nat_print_all_without-paging.textfsm,2026-02-27T17:13:28.655888
textfsm,ip hotspot ip-binding print terse without-paging,mikrotik_routeros,"[{""name"": ""index"", ""type"": ""str""}, {""name"": ""comment"", ""type"": ""str""}, {""name"": ""mac_address"", ""type"": ""str""}, {""name"": ""address"", ""type"": ""str""}, {""name"": ""to_address"", ""type"": ""str""}, {""name"": ""server"", ""type"": ""str""}, {""name"": ""type"", ""type"": ""str""}]",TextFSM template: mikrotik_routeros_ip_hotspot_ip-binding_print_terse_without-paging.textfsm,2026-02-27T17:13:28.655888
textfsm,ip neighbor print detail,mikrotik_routeros,"[{""name"": ""number"", ""type"": ""str""}, {""name"": ""interface"", ""type"": ""str""}, {""name"": ""ip_address"", ""type"": ""str""}, {""name"": ""ipv4_address"", ""type"": ""str""}, {""name"": ""ipv6_address"", ""type"": ""str""}, {""name"": ""mac_address"", ""type"": ""str""}, {""name"": ""identity"", ""type"": ""str""}, {""name"": ""platform"", ""type"": ""str""}, {""name"": ""version"", ""type"": ""str""}, {""name"": ""unpack"", ""type"": ""str""}, {""name"": ""age"", ""type"": ""str""}, {""name"": ""uptime"", ""type"": ""str""}, {""name"": ""software_id"", ""type"": ""str""}, {""name"": ""board"", ""type"": ""str""}, {""name"": ""ipv6"", ""type"": ""str""}, {""name"": ""interface_name"", ""type"": ""str""}, {""name"": ""system_description"", ""type"": ""str""}, {""name"": ""system_caps"", ""type"": ""str""}, {""name"": ""system_caps_enabled"", ""type"": ""str""}]",TextFSM template: mikrotik_routeros_ip_neighbor_print_detail.textfsm,2026-02-27T17:13:28.655888
textfsm,ip route print detail,mikrotik_routeros,"[{""name"": ""number"", ""type"": ""str""}, {""name"": ""comment"", ""type"": ""str""}, {""name"": ""active"", ""type"": ""str""}, {""name"": ""dynamic"", ""type"": ""str""}, {""name"": ""protocol"", ""type"": ""str""}, {""name"": ""discard_packet"", ""type"": ""str""}, {""name"": ""network"", ""type"": ""str""}, {""name"": ""mask"", ""type"": ""str""}, {""name"": ""pref_src"", ""type"": ""str""}, {""name"": ""gateway"", ""type"": ""str""}, {""name"": ""gateway_status"", ""type"": ""str""}, {""name"": ""check_gateway"", ""type"": ""str""}, {""name"": ""distance"", ""type"": ""str""}, {""name"": ""type"", ""type"": ""str""}]",TextFSM template: mikrotik_routeros_ip_route_print_detail.textfsm,2026-02-27T17:13:28.655888
textfsm,ip route print terse,mikrotik_routeros,"[{""name"": ""index"", ""type"": ""str""}, {""name"": ""flags"", ""type"": ""str""}, {""name"": ""comment"", ""type"": ""str""}, {""name"": ""dst_address"", ""type"": ""str""}, {""name"": ""routing_table"", ""type"": ""str""}, {""name"": ""pref_src"", ""type"": ""str""}, {""name"": ""gateway"", ""type"": ""str""}, {""name"": ""gateway_status"", ""type"": ""str""}, {""name"": ""immediate_gw"", ""type"": ""str""}, {""name"": ""distance"", ""type"": ""str""}, {""name"": ""scope"", ""type"": ""str""}, {""name"": ""target_scope"", ""type"": ""str""}, {""name"": ""suppress_hw_offload"", ""type"": ""str""}, {""name"": ""local_address"", ""type"": ""str""}]",TextFSM template: mikrotik_routeros_ip_route_print_terse.textfsm,2026-02-27T17:13:28.655888
textfsm,ip route print terse without-paging,mikrotik_routeros,"[{""name"": ""index"", ""type"": ""str""}, {""name"": ""flags"", ""type"": ""str""}, {""name"": ""comment"", ""type"": ""str""}, {""name"": ""destination_address"", ""type"": ""str""}, {""name"": ""destination_address_subnet"", ""type"": ""str""}, {""name"": ""type"", ""type"": ""str""}, {""name"": ""routing_table"", ""type"": ""str""}, {""name"": ""pref_src"", ""type"": ""str""}, {""name"": ""gateway"", ""type"": ""str""}, {""name"": ""gateway_status"", ""type"": ""str""}, {""name"": ""immediate_gw"", ""type"": ""str""}, {""name"": ""check_gateway"", ""type"": ""str""}, {""name"": ""distance"", ""type"": ""str""}, {""name"": ""scope"", ""type"": ""str""}, {""name"": ""target_scope"", ""type"": ""str""}, {""name"": ""vrf_interface"", ""type"": ""str""}, {""name"": ""suppress_hw_offload"", ""type"": ""str""}, {""name"": ""local_address"", ""type"": ""str""}, {""name"": ""routing_mark"", ""type"": ""str""}]",TextFSM template: mikrotik_routeros_ip_route_print_terse_without-paging.textfsm,2026-02-27T17:13:28.655888
textfsm,ipv6 neighbor print without-paging,mikrotik_routeros,"[{""name"": ""key"", ""type"": ""str""}, {""name"": ""flags"", ""type"": ""str""}, {""name"": ""ipv6_address"", ""type"": ""str""}, {""name"": ""interface"", ""type"": ""str""}, {""name"": ""mac_address"", ""type"": ""str""}, {""name"": ""status"", ""type"": ""str""}]",TextFSM template: mikrotik_routeros_ipv6_neighbor_print_without-paging.textfsm,2026-02-27T17:13:28.655888
textfsm,log print detail without-paging,mikrotik_routeros,"[{""name"": ""month"", ""type"": ""str""}, {""name"": ""day"", ""type"": ""str""}, {""name"": ""year"", ""type"": ""str""}, {""name"": ""hour"", ""type"": ""str""}, {""name"": ""minute"", ""type"": ""str""}, {""name"": ""second"", ""type"": ""str""}, {""name"": ""topic"", ""type"": ""str""}, {""name"": ""message"", ""type"": ""str""}, {""name"": ""datetime"", ""type"": ""str""}, {""name"": ""whole_message"", ""type"": ""str""}]",TextFSM template: mikrotik_routeros_log_print_detail_without-paging.textfsm,2026-02-27T17:13:28.655888
textfsm,ping,mikrotik_routeros,"[{""name"": ""seq"", ""type"": ""str""}, {""name"": ""host"", ""type"": ""str""}, {""name"": ""size"", ""type"": ""str""}, {""name"": ""ttl"", ""type"": ""str""}, {""name"": ""time"", ""type"": ""str""}, {""name"": ""status"", ""type"": ""str""}, {""name"": ""sent"", ""type"": ""str""}, {""name"": ""received"", ""type"": ""str""}, {""name"": ""packet_loss"", ""type"": ""str""}, {""name"": ""min_rtt"", ""type"": ""str""}, {""name"": ""avg_rtt"", ""type"": ""str""}, {""name"": ""max_rtt"", ""type"": ""str""}]",TextFSM template: mikrotik_routeros_ping.textfsm,2026-02-27T17:13:28.655888
textfsm,routing bgp peer print status,mikrotik_routeros,"[{""name"": ""bgp_neighbor"", ""type"": ""str""}, {""name"": ""neighbor_as"", ""type"": ""str""}, {""name"": ""up_down"", ""type"": ""str""}, {""name"": ""state"", ""type"": ""str""}]",TextFSM template: mikrotik_routeros_routing_bgp_peer_print_status.textfsm,2026-02-27T17:13:28.655888
textfsm,routing bgp peer print status without-paging,mikrotik_routeros,"[{""name"": ""index"", ""type"": ""str""}, {""name"": ""flag"", ""type"": ""str""}, {""name"": ""name"", ""type"": ""str""}, {""name"": ""instance"", ""type"": ""str""}, {""name"": ""remote_address"", ""type"": ""str""}, {""name"": ""remote_as"", ""type"": ""str""}, {""name"": ""tcp_md5_key"", ""type"": ""str""}, {""name"": ""nexthop_choice"", ""type"": ""str""}, {""name"": ""multihop"", ""type"": ""str""}, {""name"": ""route_reflect"", ""type"": ""str""}, {""name"": ""hold_time"", ""type"": ""str""}, {""name"": ""keepalive_time"", ""type"": ""str""}, {""name"": ""ttl"", ""type"": ""str""}, {""name"": ""in_filter"", ""type"": ""str""}, {""name"": ""out_filter"", ""type"": ""str""}, {""name"": ""address_families"", ""type"": ""str""}, {""name"": ""update_source"", ""type"": ""str""}, {""name"": ""default_originate"", ""type"": ""str""}, {""name"": ""remove_private_as"", ""type"": ""str""}, {""name"": ""as_override"", ""type"": ""str""}, {""name"": ""passive"", ""type"": ""str""}, {""name"": ""use_bfd"", ""type"": ""str""}, {""name"": ""remote_id"", ""type"": ""str""}, {""name"": ""local_address"", ""type"": ""str""}, {""name"": ""uptime"", ""type"": ""str""}, {""name"": ""prefix_count"", ""type"": ""str""}, {""name"": ""updates_sent"", ""type"": ""str""}, {""name"": ""updates_received"", ""type"": ""str""}, {""name"": ""withdrawn_sent"", ""type"": ""str""}, {""name"": ""withdrawn_received"", ""type"": ""str""}, {""name"": ""remote_hold_time"", ""type"": ""str""}, {""name"": ""used_hold_time"", ""type"": ""str""}, {""name"": ""used_keepalive_time"", ""type"": ""str""}, {""name"": ""refresh_capability"", ""type"": ""str""}, {""name"": ""as4_capability"", ""type"": ""str""}, {""name"": ""state"", ""type"": ""str""}]",TextFSM template: mikrotik_routeros_routing_bgp_peer_print_status_without-paging.textfsm,2026-02-27T17:13:28.655888
textfsm,routing ospf interface print terse,mikrotik_routeros,"[{""name"": ""interface"", ""type"": ""str""}, {""name"": ""dynamic"", ""type"": ""str""}, {""name"": ""passive"", ""type"": ""str""}, {""name"": ""cost"", ""type"": ""str""}]",TextFSM template: mikrotik_routeros_routing_ospf_interface_print_terse.textfsm,2026-02-27T17:13:28.655888
textfsm,routing ospf neighbor print,mikrotik_routeros,"[{""name"": ""neighbor_id"", ""type"": ""str""}, {""name"": ""priority"", ""type"": ""str""}, {""name"": ""state"", ""type"": ""str""}, {""name"": ""up_time"", ""type"": ""str""}, {""name"": ""address"", ""type"": ""str""}, {""name"": ""interface"", ""type"": ""str""}]",TextFSM template: mikrotik_routeros_routing_ospf_neighbor_print.textfsm,2026-02-27T17:13:28.655888
textfsm,routing ospf neighbor print terse without-paging,mikrotik_routeros,"[{""name"": ""index"", ""type"": ""str""}, {""name"": ""instance"", ""type"": ""str""}, {""name"": ""router_id"", ""type"": ""str""}, {""name"": ""address"", ""type"": ""str""}, {""name"": ""interface"", ""type"": ""str""}, {""name"": ""priority"", ""type"": ""str""}, {""name"": ""dr_address"", ""type"": ""str""}, {""name"": ""backup_dr_address"", ""type"": ""str""}, {""name"": ""state"", ""type"": ""str""}, {""name"": ""state_changes"", ""type"": ""str""}, {""name"": ""ls_retransmits"", ""type"": ""str""}, {""name"": ""ls_requests"", ""type"": ""str""}, {""name"": ""db_summaries"", ""type"": ""str""}, {""name"": ""adjacency"", ""type"": ""str""}]",TextFSM template: mikrotik_routeros_routing_ospf_neighbor_print_terse_without-paging.textfsm,2026-02-27T17:13:28.655888
textfsm,snmp community print without-paging,mikrotik_routeros,"[{""name"": ""key"", ""type"": ""str""}, {""name"": ""flags"", ""type"": ""str""}, {""name"": ""name"", ""type"": ""str""}, {""name"": ""addresses"", ""type"": ""str""}, {""name"": ""security"", ""type"": ""str""}, {""name"": ""read_access"", ""type"": ""str""}, {""name"": ""write_access"", ""type"": ""str""}]",TextFSM template: mikrotik_routeros_snmp_community_print_without-paging.textfsm,2026-02-27T17:13:28.655888
textfsm,system clock print,mikrotik_routeros,"[{""name"": ""time"", ""type"": ""str""}, {""name"": ""date"", ""type"": ""str""}, {""name"": ""time_zone_autodetect"", ""type"": ""str""}, {""name"": ""time_zone_name"", ""type"": ""str""}, {""name"": ""gmt_offset"", ""type"": ""str""}, {""name"": ""dst_active"", ""type"": ""str""}]",TextFSM template: mikrotik_routeros_system_clock_print.textfsm,2026-02-27T17:13:28.655888
textfsm,system identity print,mikrotik_routeros,"[{""name"": ""name"", ""type"": ""str""}]",TextFSM template: mikrotik_routeros_system_identity_print.textfsm,2026-02-27T17:13:28.655888
textfsm,system resource print,mikrotik_routeros,"[{""name"": ""uptime"", ""type"": ""str""}, {""name"": ""uptime_weeks"", ""type"": ""str""}, {""name"": ""uptime_days"", ""type"": ""str""}, {""name"": ""uptime_hours"", ""type"": ""str""}, {""name"": ""uptime_minutes"", ""type"": ""str""}, {""name"": ""uptime_seconds"", ""type"": ""str""}, {""name"": ""version"", ""type"": ""str""}, {""name"": ""build_time"", ""type"": ""str""}, {""name"": ""factory_software"", ""type"": ""str""}, {""name"": ""free_memory"", ""type"": ""str""}, {""name"": ""total_memory"", ""type"": ""str""}, {""name"": ""cpu"", ""type"": ""str""}, {""name"": ""cpu_count"", ""type"": ""str""}, {""name"": ""cpu_frequency"", ""type"": ""str""}, {""name"": ""cpu_load"", ""type"": ""str""}, {""name"": ""free_hdd_space"", ""type"": ""str""}, {""name"": ""total_hdd_space"", ""type"": ""str""}, {""name"": ""write_sect_since_reboot"", ""type"": ""str""}, {""name"": ""write_sect_total"", ""type"": ""str""}, {""name"": ""bad_blocks"", ""type"": ""str""}, {""name"": ""architecture_name"", ""type"": ""str""}, {""name"": ""board_name"", ""type"": ""str""}, {""name"": ""platform"", ""type"": ""str""}]",TextFSM template: mikrotik_routeros_system_resource_print.textfsm,2026-02-27T17:13:28.655888
textfsm,system routerboard print,mikrotik_routeros,"[{""name"": ""routerboard"", ""type"": ""str""}, {""name"": ""board_name"", ""type"": ""str""}, {""name"": ""hardware_model"", ""type"": ""str""}, {""name"": ""revision"", ""type"": ""str""}, {""name"": ""serial_number"", ""type"": ""str""}, {""name"": ""firmware_type"", ""type"": ""str""}, {""name"": ""factory_firmware"", ""type"": ""str""}, {""name"": ""current_firmware"", ""type"": ""str""}, {""name"": ""upgrade_firmware"", ""type"": ""str""}]",TextFSM template: mikrotik_routeros_system_routerboard_print.textfsm,2026-02-27T17:13:28.655888
textfsm,tool profile,mikrotik_routeros,"[{""name"": ""name"", ""type"": ""str""}, {""name"": ""cpu"", ""type"": ""str""}, {""name"": ""usage"", ""type"": ""str""}]",TextFSM template: mikrotik_routeros_tool_profile.textfsm,2026-02-27T17:13:28.655888
textfsm,tool speed-test address,mikrotik_routeros,"[{""name"": ""address"", ""type"": ""str""}, {""name"": ""status"", ""type"": ""str""}, {""name"": ""time_remaining"", ""type"": ""str""}, {""name"": ""ping_min"", ""type"": ""str""}, {""name"": ""ping_avg"", ""type"": ""str""}, {""name"": ""ping_max"", ""type"": ""str""}, {""name"": ""jitter_min"", ""type"": ""str""}, {""name"": ""jitter_avg"", ""type"": ""str""}, {""name"": ""jitter_max"", ""type"": ""str""}, {""name"": ""loss"", ""type"": ""str""}, {""name"": ""tcp_download_bw"", ""type"": ""str""}, {""name"": ""tcp_download_local_cpu"", ""type"": ""str""}, {""name"": ""tcp_download_remote_cpu"", ""type"": ""str""}, {""name"": ""tcp_upload_bw"", ""type"": ""str""}, {""name"": ""tcp_upload_local_cpu"", ""type"": ""str""}, {""name"": ""tcp_upload_remote_cpu"", ""type"": ""str""}, {""name"": ""udp_download_bw"", ""type"": ""str""}, {""name"": ""udp_download_local_cpu"", ""type"": ""str""}, {""name"": ""udp_download_remote_cpu"", ""type"": ""str""}, {""name"": ""udp_upload_bw"", ""type"": ""str""}, {""name"": ""udp_upload_local_cpu"", ""type"": ""str""}, {""name"": ""udp_upload_remote_cpu"", ""type"": ""str""}]",TextFSM template: mikrotik_routeros_tool_speed-test_address.textfsm,2026-02-27T17:13:28.655888
textfsm,user active print,mikrotik_routeros,"[{""name"": ""id"", ""type"": ""str""}, {""name"": ""when"", ""type"": ""str""}, {""name"": ""name"", ""type"": ""str""}, {""name"": ""address"", ""type"": ""str""}, {""name"": ""via"", ""type"": ""str""}]",TextFSM template: mikrotik_routeros_user_active_print.textfsm,2026-02-27T17:13:28.655888
textfsm,user print,mikrotik_routeros,"[{""name"": ""id"", ""type"": ""str""}, {""name"": ""comment"", ""type"": ""str""}, {""name"": ""name"", ""type"": ""str""}, {""name"": ""group"", ""type"": ""str""}, {""name"": ""address"", ""type"": ""str""}, {""name"": ""last_logged_in"", ""type"": ""str""}]",TextFSM template: mikrotik_routeros_user_print.textfsm,2026-02-27T17:13:28.655888
textfsm,cat bsa bsaboot.inf,oneaccess_oneos,"[{""name"": ""bootfile"", ""type"": ""str""}, {""name"": ""bootfolder"", ""type"": ""str""}, {""name"": ""configfile"", ""type"": ""str""}, {""name"": ""configfolder"", ""type"": ""str""}]",TextFSM template: oneaccess_oneos_cat_bsa_bsaboot.inf.textfsm,2026-02-27T17:13:28.655888
textfsm,hostname,oneaccess_oneos,"[{""name"": ""hostname"", ""type"": ""str""}]",TextFSM template: oneaccess_oneos_hostname.textfsm,2026-02-27T17:13:28.655888
textfsm,ls,oneaccess_oneos,"[{""name"": ""file"", ""type"": ""str""}, {""name"": ""bytes"", ""type"": ""str""}]",TextFSM template: oneaccess_oneos_ls.textfsm,2026-02-27T17:13:28.655888
textfsm,show cellular-radio context,oneaccess_oneos,"[{""name"": ""context"", ""type"": ""str""}, {""name"": ""controller"", ""type"": ""str""}, {""name"": ""interface"", ""type"": ""str""}, {""name"": ""cellular_profile"", ""type"": ""str""}, {""name"": ""bearer_technology"", ""type"": ""str""}, {""name"": ""ipv4_address"", ""type"": ""str""}, {""name"": ""ipv4_subnet"", ""type"": ""str""}, {""name"": ""ipv4_gateway"", ""type"": ""str""}, {""name"": ""ipv4_dns1"", ""type"": ""str""}, {""name"": ""ipv4_dns2"", ""type"": ""str""}, {""name"": ""data_conn"", ""type"": ""str""}, {""name"": ""lastcall_end_reason"", ""type"": ""str""}, {""name"": ""tx_packets"", ""type"": ""str""}, {""name"": ""rx_packets"", ""type"": ""str""}, {""name"": ""tx_packet_errors"", ""type"": ""str""}, {""name"": ""rx_packet_errors"", ""type"": ""str""}, {""name"": ""tx_packet_overflow"", ""type"": ""str""}, {""name"": ""rx_packet_overflow"", ""type"": ""str""}, {""name"": ""tx_bytes"", ""type"": ""str""}, {""name"": ""rx_bytes"", ""type"": ""str""}]",TextFSM template: oneaccess_oneos_show_cellular-radio_context.textfsm,2026-02-27T17:13:28.655888
textfsm,show cellular-radio equipment,oneaccess_oneos,"[{""name"": ""manufacturer"", ""type"": ""str""}, {""name"": ""equipment"", ""type"": ""str""}, {""name"": ""boot_revision"", ""type"": ""str""}, {""name"": ""imei"", ""type"": ""str""}, {""name"": ""sim1_status"", ""type"": ""str""}, {""name"": ""sim2_status"", ""type"": ""str""}, {""name"": ""imsi"", ""type"": ""str""}, {""name"": ""card_id"", ""type"": ""str""}, {""name"": ""pin_status"", ""type"": ""str""}]",TextFSM template: oneaccess_oneos_show_cellular-radio_equipment.textfsm,2026-02-27T17:13:28.655888
textfsm,show cellular-radio network,oneaccess_oneos,"[{""name"": ""operator"", ""type"": ""str""}, {""name"": ""signal_strength"", ""type"": ""str""}, {""name"": ""rssi"", ""type"": ""str""}, {""name"": ""rsrq"", ""type"": ""str""}, {""name"": ""rsrp"", ""type"": ""str""}, {""name"": ""snr"", ""type"": ""str""}, {""name"": ""radio_technology"", ""type"": ""str""}, {""name"": ""register_state"", ""type"": ""str""}, {""name"": ""attach_state"", ""type"": ""str""}, {""name"": ""resets_loss_registrations"", ""type"": ""str""}, {""name"": ""resets_failed_registrations"", ""type"": ""str""}, {""name"": ""resets_modem"", ""type"": ""str""}, {""name"": ""resets_unknown"", ""type"": ""str""}, {""name"": ""lac"", ""type"": ""str""}, {""name"": ""cell_id"", ""type"": ""str""}, {""name"": ""tac"", ""type"": ""str""}, {""name"": ""plmn"", ""type"": ""str""}]",TextFSM template: oneaccess_oneos_show_cellular-radio_network.textfsm,2026-02-27T17:13:28.655888
textfsm,show helpers,oneaccess_oneos,"[{""name"": ""interface"", ""type"": ""str""}, {""name"": ""helpers"", ""type"": ""str""}]",TextFSM template: oneaccess_oneos_show_helpers.textfsm,2026-02-27T17:13:28.655888
textfsm,show interfaces,oneaccess_oneos,"[{""name"": ""interface"", ""type"": ""str""}, {""name"": ""flags"", ""type"": ""str""}, {""name"": ""if_index"", ""type"": ""str""}, {""name"": ""description"", ""type"": ""str""}, {""name"": ""link_status"", ""type"": ""str""}, {""name"": ""protocol_status"", ""type"": ""str""}, {""name"": ""promiscuous_mode"", ""type"": ""str""}, {""name"": ""encapsulation"", ""type"": ""str""}, {""name"": ""vlan_id"", ""type"": ""str""}, {""name"": ""ipv4_mtu"", ""type"": ""str""}, {""name"": ""ipv6_mtu"", ""type"": ""str""}, {""name"": ""uptime"", ""type"": ""str""}, {""name"": ""downtime"", ""type"": ""str""}, {""name"": ""status_changes"", ""type"": ""str""}, {""name"": ""negotiation"", ""type"": ""str""}, {""name"": ""duplex"", ""type"": ""str""}, {""name"": ""ipv4"", ""type"": ""str""}, {""name"": ""ipv4_unnumbered_intf"", ""type"": ""str""}, {""name"": ""ipv4_unnumbered_ip"", ""type"": ""str""}, {""name"": ""ipv4_gateway"", ""type"": ""str""}, {""name"": ""ipv4_broadcast"", ""type"": ""str""}, {""name"": ""ipv4_secondary"", ""type"": ""str""}, {""name"": ""ipv6"", ""type"": ""str""}, {""name"": ""tunnel_source"", ""type"": ""str""}, {""name"": ""tunnel_destination"", ""type"": ""str""}, {""name"": ""tunnel_protocol"", ""type"": ""str""}, {""name"": ""tunnel_transport"", ""type"": ""str""}, {""name"": ""tunnel_protection_mode"", ""type"": ""str""}, {""name"": ""tunnel_protection_profile"", ""type"": ""str""}, {""name"": ""tunnel_vrf"", ""type"": ""str""}, {""name"": ""firewall_zone"", ""type"": ""str""}, {""name"": ""mac_address"", ""type"": ""str""}, {""name"": ""arp_timeout"", ""type"": ""str""}, {""name"": ""bandwidth_kbps"", ""type"": ""str""}, {""name"": ""bandwidth_limit_kbps"", ""type"": ""str""}, {""name"": ""sfp_mediatype"", ""type"": ""str""}, {""name"": ""input_rate"", ""type"": ""str""}, {""name"": ""output_rate"", ""type"": ""str""}, {""name"": ""input_pps"", ""type"": ""str""}, {""name"": ""output_pps"", ""type"": ""str""}, {""name"": ""input_load_pct"", ""type"": ""str""}, {""name"": ""output_load_pct"", ""type"": ""str""}, {""name"": ""congestion_dropped_rx"", ""type"": ""str""}, {""name"": ""congestion_dropped_cpu"", ""type"": ""str""}, {""name"": ""congestion_dropped_total"", ""type"": ""str""}, {""name"": ""bridge_group"", ""type"": ""str""}, {""name"": ""output_queue_strategy"", ""type"": ""str""}, {""name"": ""output_queue_length"", ""type"": ""str""}, {""name"": ""output_queue_depth"", ""type"": ""str""}, {""name"": ""shaper_packets_dequeued"", ""type"": ""str""}, {""name"": ""shaper_burst_current"", ""type"": ""str""}, {""name"": ""shaper_burst_max"", ""type"": ""str""}, {""name"": ""reliability_value"", ""type"": ""str""}, {""name"": ""reliability_max"", ""type"": ""str""}, {""name"": ""input_packets"", ""type"": ""str""}, {""name"": ""input_bytes"", ""type"": ""str""}, {""name"": ""input_qdrops"", ""type"": ""str""}, {""name"": ""input_broadcasts"", ""type"": ""str""}, {""name"": ""input_multicasts"", ""type"": ""str""}, {""name"": ""input_errors"", ""type"": ""str""}, {""name"": ""input_discards"", ""type"": ""str""}, {""name"": ""input_mac_acl_discards"", ""type"": ""str""}, {""name"": ""input_unknown_protocols"", ""type"": ""str""}, {""name"": ""output_packets"", ""type"": ""str""}, {""name"": ""output_bytes"", ""type"": ""str""}, {""name"": ""output_qdrops"", ""type"": ""str""}, {""name"": ""output_broadcasts"", ""type"": ""str""}, {""name"": ""output_multicasts"", ""type"": ""str""}, {""name"": ""output_errors"", ""type"": ""str""}, {""name"": ""output_discards"", ""type"": ""str""}, {""name"": ""vrf"", ""type"": ""str""}]",TextFSM template: oneaccess_oneos_show_interfaces.textfsm,2026-02-27T17:13:28.655888
textfsm,show ip access-lists,oneaccess_oneos,"[{""name"": ""required"", ""type"": ""str""}, {""name"": ""required"", ""type"": ""str""}, {""name"": ""line_num"", ""type"": ""str""}, {""name"": ""action"", ""type"": ""str""}, {""name"": ""protocol"", ""type"": ""str""}, {""name"": ""protocol_nr"", ""type"": ""str""}, {""name"": ""src_host"", ""type"": ""str""}, {""name"": ""src_any"", ""type"": ""str""}, {""name"": ""src_network"", ""type"": ""str""}, {""name"": ""src_wildcard"", ""type"": ""str""}, {""name"": ""src_port_match"", ""type"": ""str""}, {""name"": ""src_port"", ""type"": ""str""}, {""name"": ""src_port_range_start"", ""type"": ""str""}, {""name"": ""src_port_range_end"", ""type"": ""str""}, {""name"": ""dst_host"", ""type"": ""str""}, {""name"": ""dst_any"", ""type"": ""str""}, {""name"": ""dst_network"", ""type"": ""str""}, {""name"": ""dst_wildcard"", ""type"": ""str""}, {""name"": ""dst_port_match"", ""type"": ""str""}, {""name"": ""dst_port"", ""type"": ""str""}, {""name"": ""dst_port_range_start"", ""type"": ""str""}, {""name"": ""dst_port_range_end"", ""type"": ""str""}, {""name"": ""log"", ""type"": ""str""}, {""name"": ""matches"", ""type"": ""str""}]",TextFSM template: oneaccess_oneos_show_ip_access-lists.textfsm,2026-02-27T17:13:28.655888
textfsm,show ip as-path-access-list,oneaccess_oneos,"[{""name"": ""name"", ""type"": ""str""}, {""name"": ""required"", ""type"": ""str""}]",TextFSM template: oneaccess_oneos_show_ip_as-path-access-list.textfsm,2026-02-27T17:13:28.655888
textfsm,show ip bgp summary,oneaccess_oneos,"[{""name"": ""filldown"", ""type"": ""str""}, {""name"": ""local_as"", ""type"": ""str""}, {""name"": ""vrf"", ""type"": ""str""}, {""name"": ""rib_entries"", ""type"": ""str""}, {""name"": ""rib_memory"", ""type"": ""str""}, {""name"": ""peers"", ""type"": ""str""}, {""name"": ""bgp_memory"", ""type"": ""str""}, {""name"": ""as_path_entries"", ""type"": ""str""}, {""name"": ""communtiy_entries"", ""type"": ""str""}, {""name"": ""bgp_neighbor"", ""type"": ""str""}, {""name"": ""address_family"", ""type"": ""str""}, {""name"": ""neighbor_as"", ""type"": ""str""}, {""name"": ""message_received"", ""type"": ""str""}, {""name"": ""message_sent"", ""type"": ""str""}, {""name"": ""table_version"", ""type"": ""str""}, {""name"": ""in_queue"", ""type"": ""str""}, {""name"": ""out_queue"", ""type"": ""str""}, {""name"": ""up_down"", ""type"": ""str""}, {""name"": ""state_prefix_received"", ""type"": ""str""}, {""name"": ""total_neighbors"", ""type"": ""str""}]",TextFSM template: oneaccess_oneos_show_ip_bgp_summary.textfsm,2026-02-27T17:13:28.655888
textfsm,show ip interface brief,oneaccess_oneos,"[{""name"": ""interface"", ""type"": ""str""}, {""name"": ""ip_address"", ""type"": ""str""}, {""name"": ""ok"", ""type"": ""str""}, {""name"": ""status"", ""type"": ""str""}, {""name"": ""protocol"", ""type"": ""str""}, {""name"": ""description"", ""type"": ""str""}]",TextFSM template: oneaccess_oneos_show_ip_interface_brief.textfsm,2026-02-27T17:13:28.655888
textfsm,show ip prefix-list,oneaccess_oneos,"[{""name"": ""required"", ""type"": ""str""}, {""name"": ""required"", ""type"": ""str""}, {""name"": ""description"", ""type"": ""str""}, {""name"": ""sequence"", ""type"": ""str""}, {""name"": ""action"", ""type"": ""str""}, {""name"": ""network"", ""type"": ""str""}, {""name"": ""netmask"", ""type"": ""str""}, {""name"": ""le"", ""type"": ""str""}, {""name"": ""ge"", ""type"": ""str""}]",TextFSM template: oneaccess_oneos_show_ip_prefix-list.textfsm,2026-02-27T17:13:28.655888
textfsm,show ip ssh,oneaccess_oneos,"[{""name"": ""ssh"", ""type"": ""str""}, {""name"": ""scp"", ""type"": ""str""}, {""name"": ""encryption"", ""type"": ""str""}, {""name"": ""bits"", ""type"": ""str""}, {""name"": ""fingerprint"", ""type"": ""str""}, {""name"": ""max_sessions"", ""type"": ""str""}, {""name"": ""max_channels_session"", ""type"": ""str""}, {""name"": ""method"", ""type"": ""str""}, {""name"": ""session_timeout"", ""type"": ""str""}, {""name"": ""auth_timeout"", ""type"": ""str""}, {""name"": ""auth_retries"", ""type"": ""str""}]",TextFSM template: oneaccess_oneos_show_ip_ssh.textfsm,2026-02-27T17:13:28.655888
textfsm,show ip vrf brief,oneaccess_oneos,"[{""name"": ""vrf"", ""type"": ""str""}, {""name"": ""vrf_id"", ""type"": ""str""}, {""name"": ""interfaces"", ""type"": ""str""}]",TextFSM template: oneaccess_oneos_show_ip_vrf_brief.textfsm,2026-02-27T17:13:28.655888
textfsm,show isdn active,oneaccess_oneos,"[{""name"": ""app"", ""type"": ""str""}, {""name"": ""call_type"", ""type"": ""str""}, {""name"": ""calling_nbr"", ""type"": ""str""}, {""name"": ""called_nbr"", ""type"": ""str""}, {""name"": ""duration"", ""type"": ""str""}, {""name"": ""port"", ""type"": ""str""}, {""name"": ""bchannel"", ""type"": ""str""}, {""name"": ""call_ref"", ""type"": ""str""}, {""name"": ""call_id"", ""type"": ""str""}]",TextFSM template: oneaccess_oneos_show_isdn_active.textfsm,2026-02-27T17:13:28.655888
textfsm,show isdn led-status,oneaccess_oneos,"[{""name"": ""dialpeer_pots_up"", ""type"": ""str""}, {""name"": ""dialpeer_voip_up"", ""type"": ""str""}, {""name"": ""sip_gateway_status"", ""type"": ""str""}, {""name"": ""sip_gateway_registered"", ""type"": ""str""}, {""name"": ""sip_gateway_nbr_registered"", ""type"": ""str""}, {""name"": ""sip_gateway_nbr_available"", ""type"": ""str""}, {""name"": ""sip_gateway_registrar"", ""type"": ""str""}, {""name"": ""sip_gateway_intf"", ""type"": ""str""}, {""name"": ""sip_gateway_intf_ip"", ""type"": ""str""}, {""name"": ""sip_gateway_intf_status"", ""type"": ""str""}, {""name"": ""sip_server_status"", ""type"": ""str""}, {""name"": ""voice_com_status"", ""type"": ""str""}, {""name"": ""track_cond_voice_gw"", ""type"": ""str""}, {""name"": ""track_cond_voice_port"", ""type"": ""str""}, {""name"": ""sysled_voip_color"", ""type"": ""str""}, {""name"": ""sysled_voip_state"", ""type"": ""str""}, {""name"": ""sysled_com_color"", ""type"": ""str""}, {""name"": ""sysled_com_state"", ""type"": ""str""}, {""name"": ""sysled_maintenance_color"", ""type"": ""str""}, {""name"": ""sysled_maintenance_state"", ""type"": ""str""}, {""name"": ""sysled_pri_color"", ""type"": ""str""}, {""name"": ""sysled_pri_state"", ""type"": ""str""}, {""name"": ""sysled_bri1_color"", ""type"": ""str""}, {""name"": ""sysled_bri1_state"", ""type"": ""str""}, {""name"": ""sysled_bri2_color"", ""type"": ""str""}, {""name"": ""sysled_bri2_state"", ""type"": ""str""}]",TextFSM template: oneaccess_oneos_show_isdn_led-status.textfsm,2026-02-27T17:13:28.655888
textfsm,show isdn status all,oneaccess_oneos,"[{""name"": ""isdn_line"", ""type"": ""str""}, {""name"": ""physical_type"", ""type"": ""str""}, {""name"": ""protocol_descriptor"", ""type"": ""str""}, {""name"": ""protocol_linecode"", ""type"": ""str""}, {""name"": ""protocol_framing"", ""type"": ""str""}, {""name"": ""config_state"", ""type"": ""str""}, {""name"": ""loop_state"", ""type"": ""str""}, {""name"": ""l1_status"", ""type"": ""str""}, {""name"": ""ais"", ""type"": ""str""}, {""name"": ""los"", ""type"": ""str""}, {""name"": ""rai"", ""type"": ""str""}, {""name"": ""pri_ais_occurrences"", ""type"": ""str""}, {""name"": ""pri_los_occurrences"", ""type"": ""str""}, {""name"": ""pri_rdi_occurrences"", ""type"": ""str""}, {""name"": ""l2_status"", ""type"": ""str""}, {""name"": ""l2_tx_frames_dchannel"", ""type"": ""str""}, {""name"": ""l2_rx_frames_dchannel"", ""type"": ""str""}, {""name"": ""l3_active_calls"", ""type"": ""str""}, {""name"": ""l3_call_details"", ""type"": ""str""}]",TextFSM template: oneaccess_oneos_show_isdn_status_all.textfsm,2026-02-27T17:13:28.655888
textfsm,show memory,oneaccess_oneos,"[{""name"": ""ram"", ""type"": ""str""}, {""name"": ""boot_size"", ""type"": ""str""}, {""name"": ""flash_size"", ""type"": ""str""}, {""name"": ""user_partition_total"", ""type"": ""str""}, {""name"": ""user_partition_used"", ""type"": ""str""}, {""name"": ""user_partition_free"", ""type"": ""str""}]",TextFSM template: oneaccess_oneos_show_memory.textfsm,2026-02-27T17:13:28.655888
textfsm,show policy-interface output,oneaccess_oneos,"[{""name"": ""interface"", ""type"": ""str""}, {""name"": ""service_policy_out_parent"", ""type"": ""str""}, {""name"": ""class_parent"", ""type"": ""str""}, {""name"": ""class_parent_priority"", ""type"": ""str""}, {""name"": ""service_policy_out_child"", ""type"": ""str""}, {""name"": ""class_child"", ""type"": ""str""}, {""name"": ""packets"", ""type"": ""str""}, {""name"": ""bytes"", ""type"": ""str""}, {""name"": ""dscp_remarked"", ""type"": ""str""}, {""name"": ""mean_intput_rate_bits_second"", ""type"": ""str""}, {""name"": ""total_bw_kbs"", ""type"": ""str""}, {""name"": ""total_queue_length"", ""type"": ""str""}, {""name"": ""total_mean_input_rate_bps"", ""type"": ""str""}, {""name"": ""total_mean_output_rate_bps"", ""type"": ""str""}, {""name"": ""total_output_packets"", ""type"": ""str""}, {""name"": ""total_output_packets_dropped"", ""type"": ""str""}, {""name"": ""total_output_packets_dropped_percent"", ""type"": ""str""}, {""name"": ""total_output_bytes"", ""type"": ""str""}, {""name"": ""total_output_bytes_dropped"", ""type"": ""str""}, {""name"": ""total_output_bytes_dropped_percent"", ""type"": ""str""}, {""name"": ""qos_bytes_out"", ""type"": ""str""}, {""name"": ""qos_bytes_dropped"", ""type"": ""str""}, {""name"": ""qos_bytes_dropped_percent"", ""type"": ""str""}, {""name"": ""qos_average_input_bps"", ""type"": ""str""}, {""name"": ""qos_average_output_bps"", ""type"": ""str""}, {""name"": ""qos_packets_out"", ""type"": ""str""}, {""name"": ""qos_packets_dropped"", ""type"": ""str""}, {""name"": ""qos_packets_dropped_percent"", ""type"": ""str""}, {""name"": ""qos_bw_kb"", ""type"": ""str""}, {""name"": ""qos_burst_b"", ""type"": ""str""}, {""name"": ""qos_queue_length"", ""type"": ""str""}, {""name"": ""qos_queue_limit"", ""type"": ""str""}, {""name"": ""qos_remaining_bw_share"", ""type"": ""str""}, {""name"": ""qos_excess_rate_priority"", ""type"": ""str""}, {""name"": ""qos_excess_packets"", ""type"": ""str""}]",TextFSM template: oneaccess_oneos_show_policy-interface_output.textfsm,2026-02-27T17:13:28.655888
textfsm,show product-info-area,oneaccess_oneos,"[{""name"": ""mac"", ""type"": ""str""}, {""name"": ""motherboard"", ""type"": ""str""}, {""name"": ""manufacturing_date"", ""type"": ""str""}, {""name"": ""serial"", ""type"": ""str""}, {""name"": ""product_name"", ""type"": ""str""}, {""name"": ""commercial_name"", ""type"": ""str""}]",TextFSM template: oneaccess_oneos_show_product-info-area.textfsm,2026-02-27T17:13:28.655888
textfsm,show reboot counters,oneaccess_oneos,"[{""name"": ""device"", ""type"": ""str""}, {""name"": ""serial"", ""type"": ""str""}, {""name"": ""reboot_cause"", ""type"": ""str""}, {""name"": ""hardware_reset"", ""type"": ""str""}, {""name"": ""power_fail_detection"", ""type"": ""str""}, {""name"": ""total_software_reboots"", ""type"": ""str""}, {""name"": ""system_defense"", ""type"": ""str""}, {""name"": ""generic_software_reboot"", ""type"": ""str""}, {""name"": ""admin_requested_reboot"", ""type"": ""str""}, {""name"": ""admin_delayed_reboot"", ""type"": ""str""}, {""name"": ""spurious_power_fails"", ""type"": ""str""}]",TextFSM template: oneaccess_oneos_show_reboot_counters.textfsm,2026-02-27T17:13:28.655888
textfsm,show route-map,oneaccess_oneos,"[{""name"": ""name"", ""type"": ""str""}, {""name"": ""action"", ""type"": ""str""}, {""name"": ""sequence"", ""type"": ""str""}, {""name"": ""match_clauses"", ""type"": ""str""}, {""name"": ""set_clauses"", ""type"": ""str""}]",TextFSM template: oneaccess_oneos_show_route-map.textfsm,2026-02-27T17:13:28.655888
textfsm,show running-config aaa,oneaccess_oneos,"[{""name"": ""aaa_group"", ""type"": ""str""}, {""name"": ""aaa_protocol"", ""type"": ""str""}, {""name"": ""aaa_command"", ""type"": ""str""}, {""name"": ""aaa_config"", ""type"": ""str""}, {""name"": ""filldown"", ""type"": ""str""}]",TextFSM template: oneaccess_oneos_show_running-config_aaa.textfsm,2026-02-27T17:13:28.655888
textfsm,show running-config bind,oneaccess_oneos,"[{""name"": ""protocol"", ""type"": ""str""}, {""name"": ""interface"", ""type"": ""str""}, {""name"": ""acl"", ""type"": ""str""}, {""name"": ""vrf"", ""type"": ""str""}]",TextFSM template: oneaccess_oneos_show_running-config_bind.textfsm,2026-02-27T17:13:28.655888
textfsm,show running-config ip dhcp,oneaccess_oneos,"[{""name"": ""pool"", ""type"": ""str""}, {""name"": ""vrf"", ""type"": ""str""}, {""name"": ""default_router"", ""type"": ""str""}, {""name"": ""domain_name"", ""type"": ""str""}, {""name"": ""dns"", ""type"": ""str""}, {""name"": ""network"", ""type"": ""str""}, {""name"": ""lease"", ""type"": ""str""}, {""name"": ""excluded"", ""type"": ""str""}]",TextFSM template: oneaccess_oneos_show_running-config_ip_dhcp.textfsm,2026-02-27T17:13:28.655888
textfsm,show running-config ip route,oneaccess_oneos,"[{""name"": ""network"", ""type"": ""str""}, {""name"": ""mask"", ""type"": ""str""}, {""name"": ""nexthop_ip"", ""type"": ""str""}, {""name"": ""nexthop_interface"", ""type"": ""str""}, {""name"": ""vrf"", ""type"": ""str""}]",TextFSM template: oneaccess_oneos_show_running-config_ip_route.textfsm,2026-02-27T17:13:28.655888
textfsm,show snmp community,oneaccess_oneos,"[{""name"": ""name"", ""type"": ""str""}, {""name"": ""security_name"", ""type"": ""str""}, {""name"": ""acl"", ""type"": ""str""}, {""name"": ""group"", ""type"": ""str""}]",TextFSM template: oneaccess_oneos_show_snmp_community.textfsm,2026-02-27T17:13:28.655888
textfsm,show sntp,oneaccess_oneos,"[{""name"": ""server"", ""type"": ""str""}, {""name"": ""source"", ""type"": ""str""}, {""name"": ""stratum"", ""type"": ""str""}, {""name"": ""version"", ""type"": ""str""}, {""name"": ""last"", ""type"": ""str""}, {""name"": ""receive"", ""type"": ""str""}, {""name"": ""learn_from"", ""type"": ""str""}, {""name"": ""interface"", ""type"": ""str""}, {""name"": ""vrf"", ""type"": ""str""}, {""name"": ""failed_auth_pkts"", ""type"": ""str""}, {""name"": ""broadcast"", ""type"": ""str""}, {""name"": ""authentication"", ""type"": ""str""}]",TextFSM template: oneaccess_oneos_show_sntp.textfsm,2026-02-27T17:13:28.655888
textfsm,show soft-file info,oneaccess_oneos,"[{""name"": ""status"", ""type"": ""str""}, {""name"": ""filename"", ""type"": ""str""}, {""name"": ""filetype"", ""type"": ""str""}, {""name"": ""software_version"", ""type"": ""str""}, {""name"": ""software_date"", ""type"": ""str""}, {""name"": ""filesize"", ""type"": ""str""}, {""name"": ""header_checksum"", ""type"": ""str""}, {""name"": ""computed_checksum"", ""type"": ""str""}, {""name"": ""target_device"", ""type"": ""str""}]",TextFSM template: oneaccess_oneos_show_soft-file_info.textfsm,2026-02-27T17:13:28.655888
textfsm,show software-image,oneaccess_oneos,"[{""name"": ""required"", ""type"": ""str""}, {""name"": ""software"", ""type"": ""str""}, {""name"": ""created"", ""type"": ""str""}, {""name"": ""checksum"", ""type"": ""str""}]",TextFSM template: oneaccess_oneos_show_software-image.textfsm,2026-02-27T17:13:28.655888
textfsm,show system hardware,oneaccess_oneos,"[{""name"": ""device"", ""type"": ""str""}, {""name"": ""cpu"", ""type"": ""str""}, {""name"": ""core_fequency"", ""type"": ""str""}, {""name"": ""ddr_frequency"", ""type"": ""str""}, {""name"": ""core_complex_bus_frequency"", ""type"": ""str""}, {""name"": ""platform_frequency"", ""type"": ""str""}, {""name"": ""physical_ram_size"", ""type"": ""str""}, {""name"": ""one_os_ram_size"", ""type"": ""str""}, {""name"": ""nand_flash_size"", ""type"": ""str""}, {""name"": ""ram_disk"", ""type"": ""str""}, {""name"": ""flash_disk"", ""type"": ""str""}, {""name"": ""uplink"", ""type"": ""str""}, {""name"": ""isdn"", ""type"": ""str""}, {""name"": ""radio"", ""type"": ""str""}, {""name"": ""usb"", ""type"": ""str""}, {""name"": ""usb0"", ""type"": ""str""}, {""name"": ""usb1"", ""type"": ""str""}, {""name"": ""dsp"", ""type"": ""str""}, {""name"": ""wlan"", ""type"": ""str""}, {""name"": ""ports"", ""type"": ""str""}, {""name"": ""uplink_ports"", ""type"": ""str""}, {""name"": ""secure_boot_protection"", ""type"": ""str""}, {""name"": ""wlan0"", ""type"": ""str""}, {""name"": ""wlan1"", ""type"": ""str""}]",TextFSM template: oneaccess_oneos_show_system_hardware.textfsm,2026-02-27T17:13:28.655888
textfsm,show system secure-crashlog,oneaccess_oneos,"[{""name"": ""coredump_file"", ""type"": ""str""}, {""name"": ""crash_caused_by"", ""type"": ""str""}, {""name"": ""crash_time"", ""type"": ""str""}, {""name"": ""crash_filename"", ""type"": ""str""}, {""name"": ""serial"", ""type"": ""str""}, {""name"": ""deviceid"", ""type"": ""str""}, {""name"": ""software"", ""type"": ""str""}, {""name"": ""boot_version"", ""type"": ""str""}, {""name"": ""recovery_version"", ""type"": ""str""}, {""name"": ""restarted"", ""type"": ""str""}, {""name"": ""reload_reason"", ""type"": ""str""}, {""name"": ""uptime"", ""type"": ""str""}, {""name"": ""uptime_seconds"", ""type"": ""str""}, {""name"": ""uptime_minutes"", ""type"": ""str""}, {""name"": ""uptime_hours"", ""type"": ""str""}, {""name"": ""uptime_days"", ""type"": ""str""}, {""name"": ""version"", ""type"": ""str""}, {""name"": ""core_generated_by"", ""type"": ""str""}]",TextFSM template: oneaccess_oneos_show_system_secure-crashlog.textfsm,2026-02-27T17:13:28.655888
textfsm,show system status,oneaccess_oneos,"[{""name"": ""serial"", ""type"": ""str""}, {""name"": ""device_id"", ""type"": ""str""}, {""name"": ""software"", ""type"": ""str""}, {""name"": ""boot_version"", ""type"": ""str""}, {""name"": ""recovery_version"", ""type"": ""str""}, {""name"": ""boot_flags"", ""type"": ""str""}, {""name"": ""system_time"", ""type"": ""str""}, {""name"": ""restarted"", ""type"": ""str""}, {""name"": ""reload_reason"", ""type"": ""str""}, {""name"": ""uptime"", ""type"": ""str""}, {""name"": ""uptime_seconds"", ""type"": ""str""}, {""name"": ""uptime_minutes"", ""type"": ""str""}, {""name"": ""uptime_hours"", ""type"": ""str""}, {""name"": ""uptime_days"", ""type"": ""str""}, {""name"": ""version"", ""type"": ""str""}]",TextFSM template: oneaccess_oneos_show_system_status.textfsm,2026-02-27T17:13:28.655888
textfsm,show tacacs-server,oneaccess_oneos,"[{""name"": ""tacacs_server"", ""type"": ""str""}, {""name"": ""server_port"", ""type"": ""str""}, {""name"": ""secret_key"", ""type"": ""str""}, {""name"": ""source"", ""type"": ""str""}, {""name"": ""vrf"", ""type"": ""str""}]",TextFSM template: oneaccess_oneos_show_tacacs-server.textfsm,2026-02-27T17:13:28.655888
textfsm,show tacacs,oneaccess_oneos,"[{""name"": ""tacacs_server"", ""type"": ""str""}, {""name"": ""server_port"", ""type"": ""str""}, {""name"": ""socket_opens"", ""type"": ""str""}, {""name"": ""socket_closes"", ""type"": ""str""}, {""name"": ""socket_aborts"", ""type"": ""str""}, {""name"": ""socket_errors"", ""type"": ""str""}, {""name"": ""socket_timeouts"", ""type"": ""str""}, {""name"": ""failed_connections"", ""type"": ""str""}, {""name"": ""packets_sent"", ""type"": ""str""}, {""name"": ""packet_received"", ""type"": ""str""}]",TextFSM template: oneaccess_oneos_show_tacacs.textfsm,2026-02-27T17:13:28.655888
textfsm,show track all,oneaccess_oneos,"[{""name"": ""id"", ""type"": ""str""}, {""name"": ""category"", ""type"": ""str""}, {""name"": ""interface"", ""type"": ""str""}, {""name"": ""vrrp_id"", ""type"": ""str""}, {""name"": ""vrf"", ""type"": ""str""}, {""name"": ""state"", ""type"": ""str""}, {""name"": ""state_changes"", ""type"": ""str""}, {""name"": ""last_change"", ""type"": ""str""}, {""name"": ""up_delay"", ""type"": ""str""}, {""name"": ""down_delay"", ""type"": ""str""}, {""name"": ""poll_interval"", ""type"": ""str""}]",TextFSM template: oneaccess_oneos_show_track_all.textfsm,2026-02-27T17:13:28.655888
textfsm,show transceiver equipment,oneaccess_oneos,"[{""name"": ""port"", ""type"": ""str""}, {""name"": ""physical_device"", ""type"": ""str""}, {""name"": ""connector"", ""type"": ""str""}, {""name"": ""vendor_name"", ""type"": ""str""}, {""name"": ""vendor_id"", ""type"": ""str""}, {""name"": ""vendor_partner"", ""type"": ""str""}, {""name"": ""vendor_revision"", ""type"": ""str""}, {""name"": ""vendor_datecode"", ""type"": ""str""}, {""name"": ""tcvr_ether_compliance"", ""type"": ""str""}, {""name"": ""tcvr_10g_ether_compliance"", ""type"": ""str""}, {""name"": ""tcvr_fiber_linklen"", ""type"": ""str""}, {""name"": ""tcvr_fiber_tech"", ""type"": ""str""}, {""name"": ""tcvr_fiber_tx_media"", ""type"": ""str""}, {""name"": ""tcvr_fiber_speed"", ""type"": ""str""}, {""name"": ""wavelength"", ""type"": ""str""}, {""name"": ""encoding"", ""type"": ""str""}, {""name"": ""nominal_bitrate"", ""type"": ""str""}, {""name"": ""linklen_sm"", ""type"": ""str""}, {""name"": ""linklen_50_mm"", ""type"": ""str""}, {""name"": ""linklen_625_mm"", ""type"": ""str""}, {""name"": ""linklen_copper"", ""type"": ""str""}, {""name"": ""options"", ""type"": ""str""}, {""name"": ""max_bit_rate"", ""type"": ""str""}, {""name"": ""min_bit_rate"", ""type"": ""str""}, {""name"": ""temp_high_alarm"", ""type"": ""str""}, {""name"": ""temp_low_alarm"", ""type"": ""str""}, {""name"": ""temp_high_warning"", ""type"": ""str""}, {""name"": ""temp_low_warning"", ""type"": ""str""}, {""name"": ""voltage_high_alarm"", ""type"": ""str""}, {""name"": ""voltage_low_alarm"", ""type"": ""str""}, {""name"": ""voltage_high_warning"", ""type"": ""str""}, {""name"": ""voltage_low_warning"", ""type"": ""str""}, {""name"": ""bias_high_alarm"", ""type"": ""str""}, {""name"": ""bias_low_alarm"", ""type"": ""str""}, {""name"": ""bias_high_warning"", ""type"": ""str""}, {""name"": ""bias_low_warning"", ""type"": ""str""}, {""name"": ""tx_power_high_alarm"", ""type"": ""str""}, {""name"": ""tx_power_low_alarm"", ""type"": ""str""}, {""name"": ""tx_power_high_warning"", ""type"": ""str""}, {""name"": ""tx_power_low_warning"", ""type"": ""str""}, {""name"": ""rx_power_high_alarm"", ""type"": ""str""}, {""name"": ""rx_power_low_alarm"", ""type"": ""str""}, {""name"": ""rx_power_high_warning"", ""type"": ""str""}, {""name"": ""rx_power_low_warning"", ""type"": ""str""}, {""name"": ""measured_module_temp"", ""type"": ""str""}, {""name"": ""measured_supply_voltage"", ""type"": ""str""}, {""name"": ""measured_tx_bias_current"", ""type"": ""str""}, {""name"": ""measured_tx_output_power"", ""type"": ""str""}, {""name"": ""measured_rx_input_power"", ""type"": ""str""}]",TextFSM template: oneaccess_oneos_show_transceiver_equipment.textfsm,2026-02-27T17:13:28.655888
textfsm,show voice dial-peer voice voip all,oneaccess_oneos,"[{""name"": ""dial_peer"", ""type"": ""str""}, {""name"": ""config_state"", ""type"": ""str""}, {""name"": ""operational_status"", ""type"": ""str""}, {""name"": ""registration_status"", ""type"": ""str""}, {""name"": ""current_protocol"", ""type"": ""str""}, {""name"": ""last_ok"", ""type"": ""str""}, {""name"": ""user_agent"", ""type"": ""str""}, {""name"": ""bw_used"", ""type"": ""str""}, {""name"": ""cac"", ""type"": ""str""}, {""name"": ""bw_unused"", ""type"": ""str""}, {""name"": ""sip_protocol_mode"", ""type"": ""str""}, {""name"": ""sip_protocol_configured"", ""type"": ""str""}, {""name"": ""current_calls"", ""type"": ""str""}, {""name"": ""outgoing_calls"", ""type"": ""str""}, {""name"": ""outgoing_bw_used"", ""type"": ""str""}, {""name"": ""outgoing_cac"", ""type"": ""str""}, {""name"": ""outgoing_bw_unused"", ""type"": ""str""}, {""name"": ""outgoing_failures"", ""type"": ""str""}, {""name"": ""outgoing_failures_q931"", ""type"": ""str""}, {""name"": ""outgoing_failures_q931_0_normal"", ""type"": ""str""}, {""name"": ""outgoing_failures_q931_1_normal"", ""type"": ""str""}, {""name"": ""outgoing_failures_q931_16_normal"", ""type"": ""str""}, {""name"": ""outgoing_failures_q931_17_busy"", ""type"": ""str""}, {""name"": ""outgoing_failures_q931_18_no_answer"", ""type"": ""str""}, {""name"": ""outgoing_failures_q931_2_unavailable_resources"", ""type"": ""str""}, {""name"": ""outgoing_failures_q931_3_unavailable_service"", ""type"": ""str""}, {""name"": ""outgoing_failures_q931_4_service_not_provided"", ""type"": ""str""}, {""name"": ""outgoing_failures_q931_5_invalid_message"", ""type"": ""str""}, {""name"": ""outgoing_failures_q931_6_protocol"", ""type"": ""str""}, {""name"": ""outgoing_failures_q931_7_interworking"", ""type"": ""str""}, {""name"": ""outgoing_failures_sip_call"", ""type"": ""str""}, {""name"": ""outgoing_failures_capabilities"", ""type"": ""str""}, {""name"": ""outgoing_failures_protocol"", ""type"": ""str""}, {""name"": ""outgoing_failures_internal_call"", ""type"": ""str""}, {""name"": ""outgoing_failures_dsp_unavailable"", ""type"": ""str""}, {""name"": ""outgoing_failures_max_bw_exceeded"", ""type"": ""str""}, {""name"": ""outgoing_failures_max_conn_exceeded"", ""type"": ""str""}, {""name"": ""outgoing_failures_rtp_payload"", ""type"": ""str""}, {""name"": ""outgoing_failures_not_specified"", ""type"": ""str""}, {""name"": ""incoming_calls"", ""type"": ""str""}, {""name"": ""incoming_bw_used"", ""type"": ""str""}, {""name"": ""incoming_cac"", ""type"": ""str""}, {""name"": ""incoming_bw_unused"", ""type"": ""str""}, {""name"": ""incoming_failures"", ""type"": ""str""}, {""name"": ""incoming_failures_local_port"", ""type"": ""str""}, {""name"": ""incoming_failures_sip_call"", ""type"": ""str""}, {""name"": ""incoming_failures_capabilities"", ""type"": ""str""}, {""name"": ""incoming_failures_protocol"", ""type"": ""str""}, {""name"": ""incoming_failures_internal_call"", ""type"": ""str""}, {""name"": ""incoming_failures_dsp_unavailable"", ""type"": ""str""}, {""name"": ""incoming_failures_unknown_number"", ""type"": ""str""}, {""name"": ""incoming_failures_channel_or_port_unavailable"", ""type"": ""str""}, {""name"": ""incoming_failures_max_bw_exceeded"", ""type"": ""str""}, {""name"": ""incoming_failures_max_conn_exceeded"", ""type"": ""str""}, {""name"": ""incoming_failures_rtp_payload"", ""type"": ""str""}, {""name"": ""incoming_failures_not_specified"", ""type"": ""str""}, {""name"": ""voice_fax_real_dsp_switching"", ""type"": ""str""}, {""name"": ""rtp_packets_transmitted"", ""type"": ""str""}, {""name"": ""rtp_packets_received"", ""type"": ""str""}, {""name"": ""rtp_bytes_transmitted"", ""type"": ""str""}, {""name"": ""rtp_bytes_received"", ""type"": ""str""}, {""name"": ""rtp_excessive_jitter_events"", ""type"": ""str""}, {""name"": ""rtp_packets_lost"", ""type"": ""str""}, {""name"": ""rtp_packets_invalid"", ""type"": ""str""}, {""name"": ""frame_error_rate_total"", ""type"": ""str""}, {""name"": ""frame_error_rate_lt_0_01"", ""type"": ""str""}, {""name"": ""frame_error_rate_lt_0_1"", ""type"": ""str""}, {""name"": ""frame_error_rate_lt_0_5"", ""type"": ""str""}, {""name"": ""frame_error_rate_lt_1"", ""type"": ""str""}, {""name"": ""frame_error_rate_lt_5"", ""type"": ""str""}, {""name"": ""frame_error_rate_ge_5"", ""type"": ""str""}, {""name"": ""modem_switches"", ""type"": ""str""}, {""name"": ""fax_outgoing"", ""type"": ""str""}, {""name"": ""fax_incoming"", ""type"": ""str""}, {""name"": ""fax_failures"", ""type"": ""str""}, {""name"": ""fax_failures_request_mode"", ""type"": ""str""}, {""name"": ""fax_failures_pre_msg"", ""type"": ""str""}, {""name"": ""fax_failures_page"", ""type"": ""str""}, {""name"": ""fax_packets_transmitted"", ""type"": ""str""}, {""name"": ""fax_packets_received"", ""type"": ""str""}, {""name"": ""fax_bytes_transmitted"", ""type"": ""str""}, {""name"": ""fax_bytes_received"", ""type"": ""str""}, {""name"": ""fax_packets_lost"", ""type"": ""str""}]",TextFSM template: oneaccess_oneos_show_voice_dial-peer_voice_voip_all.textfsm,2026-02-27T17:13:28.655888
textfsm,show voice mos,oneaccess_oneos,"[{""name"": ""curr_nbr_call"", ""type"": ""str""}, {""name"": ""curr_avg_mos"", ""type"": ""str""}, {""name"": ""curr_min_mos"", ""type"": ""str""}, {""name"": ""curr_max_mos"", ""type"": ""str""}, {""name"": ""curr_avg_erl"", ""type"": ""str""}, {""name"": ""curr_avg_acom"", ""type"": ""str""}, {""name"": ""curr_avg_loss_rate"", ""type"": ""str""}, {""name"": ""curr_avg_jitter"", ""type"": ""str""}, {""name"": ""curr_avg_max_delay"", ""type"": ""str""}, {""name"": ""curr_avg_pdd"", ""type"": ""str""}, {""name"": ""prev_nbr_call"", ""type"": ""str""}, {""name"": ""prev_avg_mos"", ""type"": ""str""}, {""name"": ""prev_min_mos"", ""type"": ""str""}, {""name"": ""prev_max_mos"", ""type"": ""str""}, {""name"": ""prev_avg_erl"", ""type"": ""str""}, {""name"": ""prev_avg_acom"", ""type"": ""str""}, {""name"": ""prev_avg_loss_rate"", ""type"": ""str""}, {""name"": ""prev_avg_jitter"", ""type"": ""str""}, {""name"": ""prev_avg_max_delay"", ""type"": ""str""}, {""name"": ""prev_avg_pdd"", ""type"": ""str""}]",TextFSM template: oneaccess_oneos_show_voice_mos.textfsm,2026-02-27T17:13:28.655888
textfsm,show voice sip-gateway,oneaccess_oneos,"[{""name"": ""gateway_state"", ""type"": ""str""}, {""name"": ""gateway_operational_status"", ""type"": ""str""}, {""name"": ""sockets"", ""type"": ""str""}, {""name"": ""registration_state"", ""type"": ""str""}, {""name"": ""rtp_monitoring"", ""type"": ""str""}, {""name"": ""registrar"", ""type"": ""str""}, {""name"": ""registrar_neighbor_registered"", ""type"": ""str""}, {""name"": ""registrar_neighbor_available"", ""type"": ""str""}, {""name"": ""bw_used"", ""type"": ""str""}, {""name"": ""cac"", ""type"": ""str""}, {""name"": ""bw_unused"", ""type"": ""str""}, {""name"": ""thold_bw_to_switch"", ""type"": ""str""}, {""name"": ""max_bw_exceeded"", ""type"": ""str""}, {""name"": ""neighbor_lower_switching"", ""type"": ""str""}, {""name"": ""registration_errors"", ""type"": ""str""}, {""name"": ""sip_protocol_mode"", ""type"": ""str""}, {""name"": ""sip_protocol_configured"", ""type"": ""str""}, {""name"": ""current_call"", ""type"": ""str""}, {""name"": ""calls_released_rtp_monitoring"", ""type"": ""str""}, {""name"": ""authentication_rejects"", ""type"": ""str""}, {""name"": ""dropped_packet"", ""type"": ""str""}, {""name"": ""dropped_packet_rate_limit"", ""type"": ""str""}, {""name"": ""dropped_packet_memory_limit"", ""type"": ""str""}, {""name"": ""dropped_packet_cpu_limit"", ""type"": ""str""}, {""name"": ""dropped_packet_acl"", ""type"": ""str""}, {""name"": ""dropped_packet_unknown_proxy"", ""type"": ""str""}]",TextFSM template: oneaccess_oneos_show_voice_sip-gateway.textfsm,2026-02-27T17:13:28.655888
textfsm,show voice voice-port all,oneaccess_oneos,"[{""name"": ""port"", ""type"": ""str""}, {""name"": ""lp"", ""type"": ""str""}, {""name"": ""sense"", ""type"": ""str""}, {""name"": ""interface_state"", ""type"": ""str""}, {""name"": ""vp_state"", ""type"": ""str""}]",TextFSM template: oneaccess_oneos_show_voice_voice-port_all.textfsm,2026-02-27T17:13:28.655888
textfsm,show voice voice-port pri all,oneaccess_oneos,"[{""name"": ""port"", ""type"": ""str""}, {""name"": ""physical_type"", ""type"": ""str""}, {""name"": ""protocol_descriptor"", ""type"": ""str""}, {""name"": ""config_state"", ""type"": ""str""}, {""name"": ""loop_state"", ""type"": ""str""}, {""name"": ""framing"", ""type"": ""str""}, {""name"": ""l1_status"", ""type"": ""str""}, {""name"": ""ais"", ""type"": ""str""}, {""name"": ""los"", ""type"": ""str""}, {""name"": ""rai"", ""type"": ""str""}, {""name"": ""pri_ais_occurrences"", ""type"": ""str""}, {""name"": ""pri_los_occurrences"", ""type"": ""str""}, {""name"": ""pri_rai_occurrences"", ""type"": ""str""}, {""name"": ""l2_status"", ""type"": ""str""}, {""name"": ""pri_tx_frames_on_d_channel"", ""type"": ""str""}, {""name"": ""pri_rx_frames_on_d_channel"", ""type"": ""str""}, {""name"": ""attached_voip_dial_peer"", ""type"": ""str""}, {""name"": ""nbr_voice_communication"", ""type"": ""str""}, {""name"": ""outgoing_calls"", ""type"": ""str""}, {""name"": ""outgoing_failures"", ""type"": ""str""}, {""name"": ""outgoing_failures_physical_intf_down"", ""type"": ""str""}, {""name"": ""outgoing_failures_0_normal"", ""type"": ""str""}, {""name"": ""outgoing_failures_1_normal"", ""type"": ""str""}, {""name"": ""outgoing_failures_16_normal"", ""type"": ""str""}, {""name"": ""outgoing_failures_17_busy"", ""type"": ""str""}, {""name"": ""outgoing_failures_18_no_answer"", ""type"": ""str""}, {""name"": ""outgoing_failures_2_unavailable_resources"", ""type"": ""str""}, {""name"": ""outgoing_failures_3_unavailable_service"", ""type"": ""str""}, {""name"": ""outgoing_failures_4_service_not_provided"", ""type"": ""str""}, {""name"": ""outgoing_failures_5_invalid_message"", ""type"": ""str""}, {""name"": ""outgoing_failures_6_protocol"", ""type"": ""str""}, {""name"": ""outgoing_failures_7_interworking"", ""type"": ""str""}, {""name"": ""incoming_calls"", ""type"": ""str""}, {""name"": ""incoming_calls_backup_invoked"", ""type"": ""str""}, {""name"": ""incoming_failures"", ""type"": ""str""}, {""name"": ""incoming_failures_remote"", ""type"": ""str""}, {""name"": ""incoming_failures_unkown_number"", ""type"": ""str""}, {""name"": ""incoming_failures_dsp_unavailable"", ""type"": ""str""}, {""name"": ""incoming_failures_no_voip_resource_available"", ""type"": ""str""}, {""name"": ""incoming_failures_not_specified"", ""type"": ""str""}]",TextFSM template: oneaccess_oneos_show_voice_voice-port_pri_all.textfsm,2026-02-27T17:13:28.655888
textfsm,show voice voice-port pri all histo,oneaccess_oneos,"[{""name"": ""port"", ""type"": ""str""}, {""name"": ""physical_type"", ""type"": ""str""}, {""name"": ""proto_descriptor"", ""type"": ""str""}, {""name"": ""attached_voip_dial_peer"", ""type"": ""str""}, {""name"": ""date_last_reset"", ""type"": ""str""}, {""name"": ""max_channels_used"", ""type"": ""str""}, {""name"": ""max_channels_available"", ""type"": ""str""}]",TextFSM template: oneaccess_oneos_show_voice_voice-port_pri_all_histo.textfsm,2026-02-27T17:13:28.655888
textfsm,show voice voip-call active all,oneaccess_oneos,"[{""name"": ""call_idx"", ""type"": ""str""}, {""name"": ""calling_from"", ""type"": ""str""}, {""name"": ""calling_to"", ""type"": ""str""}, {""name"": ""call_id"", ""type"": ""str""}, {""name"": ""call_status"", ""type"": ""str""}, {""name"": ""calling_number"", ""type"": ""str""}, {""name"": ""called_number"", ""type"": ""str""}, {""name"": ""setup_time"", ""type"": ""str""}, {""name"": ""connection_time"", ""type"": ""str""}, {""name"": ""b_channels"", ""type"": ""str""}, {""name"": ""pdd_duration"", ""type"": ""str""}, {""name"": ""advice_of_charge"", ""type"": ""str""}, {""name"": ""call_priority"", ""type"": ""str""}, {""name"": ""rtp_source_ip"", ""type"": ""str""}, {""name"": ""rtp_source_port"", ""type"": ""str""}, {""name"": ""rtp_destination_ip"", ""type"": ""str""}, {""name"": ""rtp_destination_port"", ""type"": ""str""}, {""name"": ""rtp_play_time"", ""type"": ""str""}, {""name"": ""rtp_tx_coder"", ""type"": ""str""}, {""name"": ""rtp_rx_coder"", ""type"": ""str""}, {""name"": ""rtp_packets_rx"", ""type"": ""str""}, {""name"": ""rtp_packets_tx"", ""type"": ""str""}, {""name"": ""rtp_packets_lost_rx"", ""type"": ""str""}, {""name"": ""rtp_packets_lost_tx"", ""type"": ""str""}, {""name"": ""rtp_excessive_jitter"", ""type"": ""str""}, {""name"": ""rtp_mos_cq"", ""type"": ""str""}, {""name"": ""rtp_mos_lq"", ""type"": ""str""}, {""name"": ""rtp_erl_db"", ""type"": ""str""}, {""name"": ""rtp_acom_db"", ""type"": ""str""}]",TextFSM template: oneaccess_oneos_show_voice_voip-call_active_all.textfsm,2026-02-27T17:13:28.655888
textfsm,show voice voip-call any all,oneaccess_oneos,"[{""name"": ""call_idx"", ""type"": ""str""}, {""name"": ""calling_from"", ""type"": ""str""}, {""name"": ""calling_to"", ""type"": ""str""}, {""name"": ""call_id"", ""type"": ""str""}, {""name"": ""calling_number"", ""type"": ""str""}, {""name"": ""called_number"", ""type"": ""str""}, {""name"": ""setup_time"", ""type"": ""str""}, {""name"": ""connection_time"", ""type"": ""str""}, {""name"": ""b_channels"", ""type"": ""str""}, {""name"": ""disconnected_by"", ""type"": ""str""}, {""name"": ""disconnect_cause_code"", ""type"": ""str""}, {""name"": ""disconnect_cause_text"", ""type"": ""str""}, {""name"": ""call_duration"", ""type"": ""str""}, {""name"": ""pdd_duration"", ""type"": ""str""}, {""name"": ""advice_of_charge"", ""type"": ""str""}, {""name"": ""call_priority"", ""type"": ""str""}, {""name"": ""rtp_source_ip"", ""type"": ""str""}, {""name"": ""rtp_source_port"", ""type"": ""str""}, {""name"": ""rtp_destination_ip"", ""type"": ""str""}, {""name"": ""rtp_destination_port"", ""type"": ""str""}, {""name"": ""rtp_play_time"", ""type"": ""str""}, {""name"": ""rtp_tx_coder"", ""type"": ""str""}, {""name"": ""rtp_rx_coder"", ""type"": ""str""}, {""name"": ""rtp_packets_rx"", ""type"": ""str""}, {""name"": ""rtp_packets_tx"", ""type"": ""str""}, {""name"": ""rtp_packets_lost_rx"", ""type"": ""str""}, {""name"": ""rtp_packets_lost_tx"", ""type"": ""str""}, {""name"": ""rtp_excessive_jitter"", ""type"": ""str""}, {""name"": ""rtp_mos_cq"", ""type"": ""str""}, {""name"": ""rtp_mos_lq"", ""type"": ""str""}, {""name"": ""rtp_erl_db"", ""type"": ""str""}, {""name"": ""rtp_acom_db"", ""type"": ""str""}]",TextFSM template: oneaccess_oneos_show_voice_voip-call_any_all.textfsm,2026-02-27T17:13:28.655888
textfsm,show vrrp interface,oneaccess_oneos,"[{""name"": ""interface"", ""type"": ""str""}, {""name"": ""group"", ""type"": ""str""}, {""name"": ""state"", ""type"": ""str""}, {""name"": ""version"", ""type"": ""str""}, {""name"": ""virtual_ip"", ""type"": ""str""}, {""name"": ""virtual_netmask"", ""type"": ""str""}, {""name"": ""virtual_mac"", ""type"": ""str""}, {""name"": ""advertise_interval"", ""type"": ""str""}, {""name"": ""preempt"", ""type"": ""str""}, {""name"": ""preempt_min_delay"", ""type"": ""str""}, {""name"": ""priority"", ""type"": ""str""}, {""name"": ""master_ip"", ""type"": ""str""}, {""name"": ""master_priority"", ""type"": ""str""}, {""name"": ""master_state"", ""type"": ""str""}]",TextFSM template: oneaccess_oneos_show_vrrp_interface.textfsm,2026-02-27T17:13:28.655888
textfsm,debug swm status,paloalto_panos,"[{""name"": ""part"", ""type"": ""str""}, {""name"": ""state"", ""type"": ""str""}, {""name"": ""version"", ""type"": ""str""}]",TextFSM template: paloalto_panos_debug_swm_status.textfsm,2026-02-27T17:13:28.655888
textfsm,request license info,paloalto_panos,"[{""name"": ""feature"", ""type"": ""str""}, {""name"": ""description"", ""type"": ""str""}, {""name"": ""serial"", ""type"": ""str""}, {""name"": ""auth_code"", ""type"": ""str""}, {""name"": ""issued"", ""type"": ""str""}, {""name"": ""expires"", ""type"": ""str""}, {""name"": ""expired"", ""type"": ""str""}, {""name"": ""base_license"", ""type"": ""str""}]",TextFSM template: paloalto_panos_request_license_info.textfsm,2026-02-27T17:13:28.655888
textfsm,show arp all,paloalto_panos,"[{""name"": ""interface"", ""type"": ""str""}, {""name"": ""ip_address"", ""type"": ""str""}, {""name"": ""mac_address"", ""type"": ""str""}, {""name"": ""port"", ""type"": ""str""}, {""name"": ""status"", ""type"": ""str""}, {""name"": ""ttl"", ""type"": ""str""}]",TextFSM template: paloalto_panos_show_arp_all.textfsm,2026-02-27T17:13:28.655888
textfsm,show counter global,paloalto_panos,"[{""name"": ""name"", ""type"": ""str""}, {""name"": ""value"", ""type"": ""str""}, {""name"": ""rate"", ""type"": ""str""}, {""name"": ""severity"", ""type"": ""str""}, {""name"": ""category"", ""type"": ""str""}, {""name"": ""aspect"", ""type"": ""str""}, {""name"": ""description"", ""type"": ""str""}]",TextFSM template: paloalto_panos_show_counter_global.textfsm,2026-02-27T17:13:28.655888
textfsm,show high-availability all,paloalto_panos,"[{""name"": ""group"", ""type"": ""str""}, {""name"": ""mode"", ""type"": ""str""}, {""name"": ""state"", ""type"": ""str""}, {""name"": ""ha1_link_state"", ""type"": ""str""}, {""name"": ""ha1_link_setting"", ""type"": ""str""}, {""name"": ""ha2_link_state"", ""type"": ""str""}, {""name"": ""ha2_link_setting"", ""type"": ""str""}, {""name"": ""priority"", ""type"": ""str""}, {""name"": ""preemptive"", ""type"": ""str""}, {""name"": ""sw_version"", ""type"": ""str""}, {""name"": ""app_content_compatibility"", ""type"": ""str""}, {""name"": ""anti_virus_compatibility"", ""type"": ""str""}, {""name"": ""threat_content_compatibility"", ""type"": ""str""}, {""name"": ""vpn_client_sw_compatibility"", ""type"": ""str""}, {""name"": ""global_protect_client_sw_compatibility"", ""type"": ""str""}, {""name"": ""state_sync"", ""type"": ""str""}, {""name"": ""link_monitoring_enabled"", ""type"": ""str""}, {""name"": ""path_monitoring_enabled"", ""type"": ""str""}, {""name"": ""config_sync"", ""type"": ""str""}, {""name"": ""running_configuration"", ""type"": ""str""}]",TextFSM template: paloalto_panos_show_high-availability_all.textfsm,2026-02-27T17:13:28.655888
textfsm,show interface hardware,paloalto_panos,"[{""name"": ""interface"", ""type"": ""str""}, {""name"": ""id"", ""type"": ""str""}, {""name"": ""speed"", ""type"": ""str""}, {""name"": ""duplex"", ""type"": ""str""}, {""name"": ""state"", ""type"": ""str""}, {""name"": ""mac_address"", ""type"": ""str""}]",TextFSM template: paloalto_panos_show_interface_hardware.textfsm,2026-02-27T17:13:28.655888
textfsm,show interface logical,paloalto_panos,"[{""name"": ""interface"", ""type"": ""str""}, {""name"": ""id"", ""type"": ""str""}, {""name"": ""vsys"", ""type"": ""str""}, {""name"": ""zone"", ""type"": ""str""}, {""name"": ""forwarding"", ""type"": ""str""}, {""name"": ""vlan_id"", ""type"": ""str""}, {""name"": ""ip_address"", ""type"": ""str""}]",TextFSM template: paloalto_panos_show_interface_logical.textfsm,2026-02-27T17:13:28.655888
textfsm,show interface management,paloalto_panos,"[{""name"": ""name"", ""type"": ""str""}, {""name"": ""mac_address"", ""type"": ""str""}, {""name"": ""ipv4_address"", ""type"": ""str""}, {""name"": ""ipv4_netmask"", ""type"": ""str""}, {""name"": ""ipv4_gateway"", ""type"": ""str""}, {""name"": ""ipv6_address"", ""type"": ""str""}, {""name"": ""ipv6_linklocal"", ""type"": ""str""}, {""name"": ""ipv6_gateway"", ""type"": ""str""}]",TextFSM template: paloalto_panos_show_interface_management.textfsm,2026-02-27T17:13:28.655888
textfsm,show jobs all,paloalto_panos,"[{""name"": ""enqueued"", ""type"": ""str""}, {""name"": ""dequeued"", ""type"": ""str""}, {""name"": ""id"", ""type"": ""str""}, {""name"": ""type"", ""type"": ""str""}, {""name"": ""status"", ""type"": ""str""}, {""name"": ""result"", ""type"": ""str""}, {""name"": ""completed"", ""type"": ""str""}]",TextFSM template: paloalto_panos_show_jobs_all.textfsm,2026-02-27T17:13:28.655888
textfsm,show mac all,paloalto_panos,"[{""name"": ""vlan_id"", ""type"": ""str""}, {""name"": ""mac_address"", ""type"": ""str""}, {""name"": ""interface"", ""type"": ""str""}, {""name"": ""status"", ""type"": ""str""}, {""name"": ""ttl"", ""type"": ""str""}]",TextFSM template: paloalto_panos_show_mac_all.textfsm,2026-02-27T17:13:28.655888
textfsm,show running nat-policy,paloalto_panos,"[{""name"": ""name"", ""type"": ""str""}, {""name"": ""nat_type"", ""type"": ""str""}, {""name"": ""from"", ""type"": ""str""}, {""name"": ""source"", ""type"": ""str""}, {""name"": ""to"", ""type"": ""str""}, {""name"": ""to_interface"", ""type"": ""str""}, {""name"": ""destination"", ""type"": ""str""}, {""name"": ""service"", ""type"": ""str""}, {""name"": ""translate_to"", ""type"": ""str""}, {""name"": ""terminal"", ""type"": ""str""}]",TextFSM template: paloalto_panos_show_running_nat-policy.textfsm,2026-02-27T17:13:28.655888
textfsm,show running security-policy,paloalto_panos,"[{""name"": ""name"", ""type"": ""str""}, {""name"": ""from"", ""type"": ""str""}, {""name"": ""source"", ""type"": ""str""}, {""name"": ""source_region"", ""type"": ""str""}, {""name"": ""to"", ""type"": ""str""}, {""name"": ""destination"", ""type"": ""str""}, {""name"": ""destination_region"", ""type"": ""str""}, {""name"": ""user"", ""type"": ""str""}, {""name"": ""category"", ""type"": ""str""}, {""name"": ""application_service"", ""type"": ""str""}, {""name"": ""action"", ""type"": ""str""}, {""name"": ""icmp_unreachable"", ""type"": ""str""}, {""name"": ""terminal"", ""type"": ""str""}, {""name"": ""type"", ""type"": ""str""}]",TextFSM template: paloalto_panos_show_running_security-policy.textfsm,2026-02-27T17:13:28.655888
textfsm,show system info,paloalto_panos,"[{""name"": ""hostname"", ""type"": ""str""}, {""name"": ""ip_address"", ""type"": ""str""}, {""name"": ""netmask"", ""type"": ""str""}, {""name"": ""gateway"", ""type"": ""str""}, {""name"": ""mac_address"", ""type"": ""str""}, {""name"": ""uptime"", ""type"": ""str""}, {""name"": ""family"", ""type"": ""str""}, {""name"": ""model"", ""type"": ""str""}, {""name"": ""serial"", ""type"": ""str""}, {""name"": ""vm_license"", ""type"": ""str""}, {""name"": ""vm_mode"", ""type"": ""str""}, {""name"": ""os"", ""type"": ""str""}, {""name"": ""platform_family"", ""type"": ""str""}, {""name"": ""vpn_disable_mode"", ""type"": ""str""}, {""name"": ""multi_vsys"", ""type"": ""str""}, {""name"": ""operational_mode"", ""type"": ""str""}]",TextFSM template: paloalto_panos_show_system_info.textfsm,2026-02-27T17:13:28.655888
textfsm,test security-policy-match,paloalto_panos,"[{""name"": ""name"", ""type"": ""str""}, {""name"": ""index"", ""type"": ""str""}, {""name"": ""from"", ""type"": ""str""}, {""name"": ""source"", ""type"": ""str""}, {""name"": ""source_region"", ""type"": ""str""}, {""name"": ""to"", ""type"": ""str""}, {""name"": ""destination"", ""type"": ""str""}, {""name"": ""destination_region"", ""type"": ""str""}, {""name"": ""user"", ""type"": ""str""}, {""name"": ""source_device"", ""type"": ""str""}, {""name"": ""destination_device"", ""type"": ""str""}, {""name"": ""category"", ""type"": ""str""}, {""name"": ""application_service"", ""type"": ""str""}, {""name"": ""action"", ""type"": ""str""}, {""name"": ""icmp_unreachable"", ""type"": ""str""}, {""name"": ""terminal"", ""type"": ""str""}]",TextFSM template: paloalto_panos_test_security-policy-match.textfsm,2026-02-27T17:13:28.655888
textfsm,show arp,ruckus_fastiron,"[{""name"": ""number"", ""type"": ""str""}, {""name"": ""ip_address"", ""type"": ""str""}, {""name"": ""mac_address"", ""type"": ""str""}, {""name"": ""type"", ""type"": ""str""}, {""name"": ""age"", ""type"": ""str""}, {""name"": ""port"", ""type"": ""str""}, {""name"": ""status"", ""type"": ""str""}, {""name"": ""vlan_id"", ""type"": ""str""}]",TextFSM template: ruckus_fastiron_show_arp.textfsm,2026-02-27T17:13:28.655888
textfsm,show interfaces,ruckus_fastiron,"[{""name"": ""interface"", ""type"": ""str""}, {""name"": ""link_status"", ""type"": ""str""}, {""name"": ""interface_up_time"", ""type"": ""str""}, {""name"": ""protocol_status"", ""type"": ""str""}, {""name"": ""hardware_type"", ""type"": ""str""}, {""name"": ""mac_address"", ""type"": ""str""}, {""name"": ""bia"", ""type"": ""str""}, {""name"": ""description"", ""type"": ""str""}, {""name"": ""ip_address"", ""type"": ""str""}, {""name"": ""prefix_length"", ""type"": ""str""}, {""name"": ""mtu"", ""type"": ""str""}]",TextFSM template: ruckus_fastiron_show_interfaces.textfsm,2026-02-27T17:13:28.655888
textfsm,show interfaces brief,ruckus_fastiron,"[{""name"": ""port"", ""type"": ""str""}, {""name"": ""link"", ""type"": ""str""}, {""name"": ""state"", ""type"": ""str""}, {""name"": ""duplex"", ""type"": ""str""}, {""name"": ""speed"", ""type"": ""str""}, {""name"": ""trunk"", ""type"": ""str""}, {""name"": ""tag"", ""type"": ""str""}, {""name"": ""vlan_id"", ""type"": ""str""}, {""name"": ""priority"", ""type"": ""str""}, {""name"": ""mac_address"", ""type"": ""str""}, {""name"": ""name"", ""type"": ""str""}]",TextFSM template: ruckus_fastiron_show_interfaces_brief.textfsm,2026-02-27T17:13:28.655888
textfsm,show mac-address,ruckus_fastiron,"[{""name"": ""mac_address"", ""type"": ""str""}, {""name"": ""port"", ""type"": ""str""}, {""name"": ""type"", ""type"": ""str""}, {""name"": ""vlan_id"", ""type"": ""str""}]",TextFSM template: ruckus_fastiron_show_mac-address.textfsm,2026-02-27T17:13:28.655888
textfsm,show media validation,ruckus_fastiron,"[{""name"": ""interface"", ""type"": ""str""}, {""name"": ""vendor"", ""type"": ""str""}, {""name"": ""optic_description"", ""type"": ""str""}, {""name"": ""optic_type"", ""type"": ""str""}]",TextFSM template: ruckus_fastiron_show_media_validation.textfsm,2026-02-27T17:13:28.655888
textfsm,show version,ruckus_fastiron,"[{""name"": ""version"", ""type"": ""str""}, {""name"": ""bootcode"", ""type"": ""str""}, {""name"": ""hardware"", ""type"": ""str""}, {""name"": ""serial"", ""type"": ""str""}, {""name"": ""uptime"", ""type"": ""str""}]",TextFSM template: ruckus_fastiron_show_version.textfsm,2026-02-27T17:13:28.655888
textfsm,show vlan,ruckus_fastiron,"[{""name"": ""vlan_id"", ""type"": ""str""}, {""name"": ""vlan_name"", ""type"": ""str""}, {""name"": ""status"", ""type"": ""str""}, {""name"": ""stack_id"", ""type"": ""str""}, {""name"": ""slot"", ""type"": ""str""}, {""name"": ""port"", ""type"": ""str""}, {""name"": ""lag"", ""type"": ""str""}]",TextFSM template: ruckus_fastiron_show_vlan.textfsm,2026-02-27T17:13:28.655888
textfsm,show arp,ubiquiti_edgerouter,"[{""name"": ""ip_address"", ""type"": ""str""}, {""name"": ""hardware_type"", ""type"": ""str""}, {""name"": ""mac_address"", ""type"": ""str""}, {""name"": ""flags"", ""type"": ""str""}, {""name"": ""interface"", ""type"": ""str""}]",TextFSM template: ubiquiti_edgerouter_show_arp.textfsm,2026-02-27T17:13:28.655888
textfsm,show dhcp leases,ubiquiti_edgerouter,"[{""name"": ""ip_address"", ""type"": ""str""}, {""name"": ""mac_address"", ""type"": ""str""}, {""name"": ""expiration"", ""type"": ""str""}, {""name"": ""pool"", ""type"": ""str""}, {""name"": ""host"", ""type"": ""str""}]",TextFSM template: ubiquiti_edgerouter_show_dhcp_leases.textfsm,2026-02-27T17:13:28.655888
textfsm,show dhcpv6 server leases,ubiquiti_edgerouter,"[{""name"": ""ip_address"", ""type"": ""str""}, {""name"": ""expiration"", ""type"": ""str""}, {""name"": ""state"", ""type"": ""str""}]",TextFSM template: ubiquiti_edgerouter_show_dhcpv6_server_leases.textfsm,2026-02-27T17:13:28.655888
textfsm,show interfaces,ubiquiti_edgerouter,"[{""name"": ""interface"", ""type"": ""str""}, {""name"": ""ip_address"", ""type"": ""str""}, {""name"": ""state"", ""type"": ""str""}, {""name"": ""link_status"", ""type"": ""str""}, {""name"": ""description"", ""type"": ""str""}]",TextFSM template: ubiquiti_edgerouter_show_interfaces.textfsm,2026-02-27T17:13:28.655888
textfsm,show interfaces ethernet physical,ubiquiti_edgerouter,"[{""name"": ""interface"", ""type"": ""str""}, {""name"": ""auto_negotiation"", ""type"": ""str""}, {""name"": ""speed"", ""type"": ""str""}, {""name"": ""duplex"", ""type"": ""str""}, {""name"": ""link_detected"", ""type"": ""str""}]",TextFSM template: ubiquiti_edgerouter_show_interfaces_ethernet_physical.textfsm,2026-02-27T17:13:28.655888
textfsm,show ip route,ubiquiti_edgerouter,"[{""name"": ""filldown"", ""type"": ""str""}, {""name"": ""ip_address"", ""type"": ""str""}, {""name"": ""prefix_length"", ""type"": ""str""}, {""name"": ""distance"", ""type"": ""str""}, {""name"": ""metric"", ""type"": ""str""}, {""name"": ""nexthop_ip"", ""type"": ""str""}, {""name"": ""interface"", ""type"": ""str""}]",TextFSM template: ubiquiti_edgerouter_show_ip_route.textfsm,2026-02-27T17:13:28.655888
textfsm,show ipv6 neighbors,ubiquiti_edgerouter,"[{""name"": ""ipv6_address"", ""type"": ""str""}, {""name"": ""interface"", ""type"": ""str""}, {""name"": ""mac_address"", ""type"": ""str""}, {""name"": ""state"", ""type"": ""str""}]",TextFSM template: ubiquiti_edgerouter_show_ipv6_neighbors.textfsm,2026-02-27T17:13:28.655888
textfsm,show ipv6 route,ubiquiti_edgerouter,"[{""name"": ""code"", ""type"": ""str""}, {""name"": ""ipv6_address"", ""type"": ""str""}, {""name"": ""prefix_length"", ""type"": ""str""}, {""name"": ""distance"", ""type"": ""str""}, {""name"": ""metric"", ""type"": ""str""}, {""name"": ""nexthop_ip"", ""type"": ""str""}, {""name"": ""interface"", ""type"": ""str""}, {""name"": ""uptime"", ""type"": ""str""}]",TextFSM template: ubiquiti_edgerouter_show_ipv6_route.textfsm,2026-02-27T17:13:28.655888
textfsm,show nat rules,ubiquiti_edgerouter,"[{""name"": ""rule"", ""type"": ""str""}, {""name"": ""type"", ""type"": ""str""}, {""name"": ""interface"", ""type"": ""str""}, {""name"": ""src_address"", ""type"": ""str""}, {""name"": ""dest_address"", ""type"": ""str""}, {""name"": ""protocol"", ""type"": ""str""}, {""name"": ""src_port"", ""type"": ""str""}, {""name"": ""dest_port"", ""type"": ""str""}]",TextFSM template: ubiquiti_edgerouter_show_nat_rules.textfsm,2026-02-27T17:13:28.655888
textfsm,show version,ubiquiti_edgerouter,"[{""name"": ""version"", ""type"": ""str""}, {""name"": ""build_id"", ""type"": ""str""}, {""name"": ""build_on"", ""type"": ""str""}, {""name"": ""copyright"", ""type"": ""str""}, {""name"": ""hardware_model"", ""type"": ""str""}, {""name"": ""serial_number"", ""type"": ""str""}, {""name"": ""uptime"", ""type"": ""str""}]",TextFSM template: ubiquiti_edgerouter_show_version.textfsm,2026-02-27T17:13:28.655888
textfsm,show arp,ubiquiti_edgeswitch,"[{""name"": ""ip_address"", ""type"": ""str""}, {""name"": ""mac_address"", ""type"": ""str""}, {""name"": ""interface"", ""type"": ""str""}, {""name"": ""type"", ""type"": ""str""}, {""name"": ""age"", ""type"": ""str""}]",TextFSM template: ubiquiti_edgeswitch_show_arp.textfsm,2026-02-27T17:13:28.655888
textfsm,show version,ubiquiti_edgeswitch,"[{""name"": ""version"", ""type"": ""str""}, {""name"": ""switch_type"", ""type"": ""str""}, {""name"": ""switch_model"", ""type"": ""str""}, {""name"": ""serial"", ""type"": ""str""}, {""name"": ""mac_address"", ""type"": ""str""}, {""name"": ""hw_revision"", ""type"": ""str""}]",TextFSM template: ubiquiti_edgeswitch_show_version.textfsm,2026-02-27T17:13:28.655888
textfsm,show vlan,ubiquiti_edgeswitch,"[{""name"": ""vlan_id"", ""type"": ""str""}, {""name"": ""vlan_name"", ""type"": ""str""}, {""name"": ""type"", ""type"": ""str""}]",TextFSM template: ubiquiti_edgeswitch_show_vlan.textfsm,2026-02-27T17:13:28.655888
textfsm,show ip bgp neighbors,vmware_nsxv,"[{""name"": ""neighbor_id"", ""type"": ""str""}, {""name"": ""remote_as"", ""type"": ""str""}, {""name"": ""state"", ""type"": ""str""}, {""name"": ""hold_interval"", ""type"": ""str""}, {""name"": ""keepalive_interval"", ""type"": ""str""}, {""name"": ""pfx_recv"", ""type"": ""str""}, {""name"": ""pfx_sent"", ""type"": ""str""}, {""name"": ""pfx_adv"", ""type"": ""str""}]",TextFSM template: vmware_nsxv_show_ip_bgp_neighbors.textfsm,2026-02-27T17:13:28.655888
textfsm,show ip route,vmware_nsxv,"[{""name"": ""protocol"", ""type"": ""str""}, {""name"": ""type"", ""type"": ""str""}, {""name"": ""ip_address"", ""type"": ""str""}, {""name"": ""prefix_length"", ""type"": ""str""}, {""name"": ""distance"", ""type"": ""str""}, {""name"": ""metric"", ""type"": ""str""}, {""name"": ""nexthop"", ""type"": ""str""}]",TextFSM template: vmware_nsxv_show_ip_route.textfsm,2026-02-27T17:13:28.655888
textfsm,show arp,vyatta_vyos,"[{""name"": ""ip_address"", ""type"": ""str""}, {""name"": ""type"", ""type"": ""str""}, {""name"": ""mac_address"", ""type"": ""str""}, {""name"": ""flags"", ""type"": ""str""}, {""name"": ""interface"", ""type"": ""str""}]",TextFSM template: vyatta_vyos_show_arp.textfsm,2026-02-27T17:13:28.655888
textfsm,show interfaces,vyatta_vyos,"[{""name"": ""interface"", ""type"": ""str""}, {""name"": ""ip_address"", ""type"": ""str""}, {""name"": ""status"", ""type"": ""str""}, {""name"": ""description"", ""type"": ""str""}]",TextFSM template: vyatta_vyos_show_interfaces.textfsm,2026-02-27T17:13:28.655888
textfsm,show ip bgp summary,vyatta_vyos,"[{""name"": ""router_id"", ""type"": ""str""}, {""name"": ""local_as"", ""type"": ""str""}, {""name"": ""bgp_neigh"", ""type"": ""str""}, {""name"": ""neigh_as"", ""type"": ""str""}, {""name"": ""msg_rcvd"", ""type"": ""str""}, {""name"": ""msg_sent"", ""type"": ""str""}, {""name"": ""up_down"", ""type"": ""str""}, {""name"": ""state_pfxrcd"", ""type"": ""str""}]",TextFSM template: vyatta_vyos_show_ip_bgp_summary.textfsm,2026-02-27T17:13:28.655888
textfsm,show arp,watchguard_firebox,"[{""name"": ""interface"", ""type"": ""str""}, {""name"": ""ip_address"", ""type"": ""str""}, {""name"": ""mac_address"", ""type"": ""str""}]",TextFSM template: watchguard_firebox_show_arp.textfsm,2026-02-27T17:13:28.655888
textfsm,environment,yamaha_show,"[{""name"": ""bootrom"", ""type"": ""str""}, {""name"": ""version"", ""type"": ""str""}, {""name"": ""serial"", ""type"": ""str""}, {""name"": ""cpu_5_sec"", ""type"": ""str""}, {""name"": ""cpu_1_min"", ""type"": ""str""}, {""name"": ""cpu_5_min"", ""type"": ""str""}, {""name"": ""memory_used"", ""type"": ""str""}, {""name"": ""firmware"", ""type"": ""str""}, {""name"": ""config_file"", ""type"": ""str""}, {""name"": ""default_firmware"", ""type"": ""str""}, {""name"": ""default_config_file"", ""type"": ""str""}, {""name"": ""boot_time"", ""type"": ""str""}, {""name"": ""current_time"", ""type"": ""str""}, {""name"": ""elasped_time"", ""type"": ""str""}, {""name"": ""security_class"", ""type"": ""str""}, {""name"": ""forget"", ""type"": ""str""}, {""name"": ""telnet"", ""type"": ""str""}, {""name"": ""inside_temperature"", ""type"": ""str""}]",TextFSM template: yamaha_show_environment.textfsm,2026-02-27T17:13:28.655888
textfsm,ip route,yamaha_show,"[{""name"": ""network"", ""type"": ""str""}, {""name"": ""prefix_length"", ""type"": ""str""}, {""name"": ""nexthop_ip"", ""type"": ""str""}, {""name"": ""nexthop_if"", ""type"": ""str""}, {""name"": ""protocol"", ""type"": ""str""}, {""name"": ""additional_info"", ""type"": ""str""}]",TextFSM template: yamaha_show_ip_route.textfsm,2026-02-27T17:13:28.655888
textfsm,show arp,zte_zxros,"[{""name"": ""address"", ""type"": ""str""}, {""name"": ""age"", ""type"": ""str""}, {""name"": ""mac_address"", ""type"": ""str""}, {""name"": ""interface"", ""type"": ""str""}, {""name"": ""external_vlan"", ""type"": ""str""}, {""name"": ""internal_vlan"", ""type"": ""str""}, {""name"": ""sub_interface"", ""type"": ""str""}]",TextFSM template: zte_zxros_show_arp.textfsm,2026-02-27T17:13:28.655888
textfsm,show interface,zte_zxros,"[{""name"": ""interface"", ""type"": ""str""}, {""name"": ""link_status"", ""type"": ""str""}, {""name"": ""interface_index"", ""type"": ""str""}, {""name"": ""description"", ""type"": ""str""}, {""name"": ""protocol_status"", ""type"": ""str""}, {""name"": ""ipv4_protocol"", ""type"": ""str""}, {""name"": ""ipv6_protocol"", ""type"": ""str""}, {""name"": ""detect_status"", ""type"": ""str""}, {""name"": ""uptime"", ""type"": ""str""}, {""name"": ""hardware_type"", ""type"": ""str""}, {""name"": ""mac_address"", ""type"": ""str""}, {""name"": ""ip_address"", ""type"": ""str""}, {""name"": ""mask"", ""type"": ""str""}, {""name"": ""bandwith"", ""type"": ""str""}, {""name"": ""mtu"", ""type"": ""str""}]",TextFSM template: zte_zxros_show_interface.textfsm,2026-02-27T17:13:28.655888
textfsm,show interface brief,zte_zxros,"[{""name"": ""interface"", ""type"": ""str""}, {""name"": ""attribute"", ""type"": ""str""}, {""name"": ""mode"", ""type"": ""str""}, {""name"": ""bw"", ""type"": ""str""}, {""name"": ""admin"", ""type"": ""str""}, {""name"": ""physical"", ""type"": ""str""}, {""name"": ""protocol"", ""type"": ""str""}, {""name"": ""description"", ""type"": ""str""}]",TextFSM template: zte_zxros_show_interface_brief.textfsm,2026-02-27T17:13:28.655888
textfsm,show isis adjacency,zte_zxros,"[{""name"": ""context"", ""type"": ""str""}, {""name"": ""interface"", ""type"": ""str""}, {""name"": ""system_id"", ""type"": ""str""}, {""name"": ""state"", ""type"": ""str""}, {""name"": ""lev"", ""type"": ""str""}, {""name"": ""hold_time"", ""type"": ""str""}, {""name"": ""snpa"", ""type"": ""str""}, {""name"": ""pri"", ""type"": ""str""}, {""name"": ""mt"", ""type"": ""str""}, {""name"": ""nsf"", ""type"": ""str""}, {""name"": ""af"", ""type"": ""str""}]",TextFSM template: zte_zxros_show_isis_adjacency.textfsm,2026-02-27T17:13:28.655888
textfsm,show mpls traffic-eng tunnels,zte_zxros,"[{""name"": ""name"", ""type"": ""str""}, {""name"": ""desc"", ""type"": ""str""}, {""name"": ""dest"", ""type"": ""str""}, {""name"": ""admin"", ""type"": ""str""}, {""name"": ""oper"", ""type"": ""str""}, {""name"": ""path"", ""type"": ""str""}, {""name"": ""signal"", ""type"": ""str""}, {""name"": ""inlabel"", ""type"": ""str""}, {""name"": ""inlabel_id"", ""type"": ""str""}, {""name"": ""outlabel"", ""type"": ""str""}, {""name"": ""outlabel_id"", ""type"": ""str""}, {""name"": ""src"", ""type"": ""str""}, {""name"": ""dst"", ""type"": ""str""}, {""name"": ""id"", ""type"": ""str""}, {""name"": ""instance"", ""type"": ""str""}, {""name"": ""ip_route"", ""type"": ""str""}]",TextFSM template: zte_zxros_show_mpls_traffic-eng_tunnels.textfsm,2026-02-27T17:13:28.655888
textfsm,show version,zte_zxros,"[{""name"": ""hardware"", ""type"": ""str""}, {""name"": ""version"", ""type"": ""str""}, {""name"": ""uptime"", ""type"": ""str""}]",TextFSM template: zte_zxros_show_version.textfsm,2026-02-27T17:13:28.655888
textfsm,cfg firewall acl get,zyxel_os,"[{""name"": ""index"", ""type"": ""str""}, {""name"": ""enable"", ""type"": ""str""}, {""name"": ""order"", ""type"": ""str""}, {""name"": ""name"", ""type"": ""str""}, {""name"": ""source_ip"", ""type"": ""str""}, {""name"": ""destination_ip"", ""type"": ""str""}, {""name"": ""protocol"", ""type"": ""str""}, {""name"": ""ports"", ""type"": ""str""}, {""name"": ""action"", ""type"": ""str""}]",TextFSM template: zyxel_os_cfg_firewall_acl_get.textfsm,2026-02-27T17:13:28.655888
textfsm,cfg intf group get,zyxel_os,"[{""name"": ""index"", ""type"": ""str""}, {""name"": ""name"", ""type"": ""str""}, {""name"": ""wan_intf"", ""type"": ""str""}, {""name"": ""interface"", ""type"": ""str""}, {""name"": ""criteria"", ""type"": ""str""}]",TextFSM template: zyxel_os_cfg_intf_group_get.textfsm,2026-02-27T17:13:28.655888
textfsm,cfg ipalias get,zyxel_os,"[{""name"": ""name"", ""type"": ""str""}, {""name"": ""ip_alias_active"", ""type"": ""str""}, {""name"": ""ip_alias_address"", ""type"": ""str""}, {""name"": ""ip_alias_netmask"", ""type"": ""str""}, {""name"": ""publan_active"", ""type"": ""str""}, {""name"": ""publan_ip_address"", ""type"": ""str""}, {""name"": ""publan_netmask"", ""type"": ""str""}]",TextFSM template: zyxel_os_cfg_ipalias_get.textfsm,2026-02-27T17:13:28.655888
textfsm,cfg lan get,zyxel_os,"[{""name"": ""name"", ""type"": ""str""}, {""name"": ""ip_address"", ""type"": ""str""}, {""name"": ""ipv4_dhcp"", ""type"": ""str""}, {""name"": ""ipv6_enable"", ""type"": ""str""}]",TextFSM template: zyxel_os_cfg_lan_get.textfsm,2026-02-27T17:13:28.655888
textfsm,cfg lan get --Name name,zyxel_os,"[{""name"": ""name"", ""type"": ""str""}, {""name"": ""ip_address"", ""type"": ""str""}, {""name"": ""netmask"", ""type"": ""str""}, {""name"": ""dhcp"", ""type"": ""str""}, {""name"": ""dhcp_start_ip"", ""type"": ""str""}, {""name"": ""dhcp_end_ip"", ""type"": ""str""}, {""name"": ""dhcp_autoreserve"", ""type"": ""str""}, {""name"": ""dhcp_lease"", ""type"": ""str""}, {""name"": ""ipv6_active"", ""type"": ""str""}]",TextFSM template: zyxel_os_cfg_lan_get_--Name_name.textfsm,2026-02-27T17:13:28.655888
textfsm,cfg lanhosts get,zyxel_os,"[{""name"": ""hostname"", ""type"": ""str""}, {""name"": ""ip_address"", ""type"": ""str""}, {""name"": ""ipv6_address"", ""type"": ""str""}, {""name"": ""mac_address"", ""type"": ""str""}, {""name"": ""source"", ""type"": ""str""}, {""name"": ""conn_type"", ""type"": ""str""}]",TextFSM template: zyxel_os_cfg_lanhosts_get.textfsm,2026-02-27T17:13:28.655888
textfsm,cfg nat addr map get,zyxel_os,"[{""name"": ""index"", ""type"": ""str""}, {""name"": ""name"", ""type"": ""str""}, {""name"": ""interface"", ""type"": ""str""}, {""name"": ""type"", ""type"": ""str""}, {""name"": ""local_start_ip"", ""type"": ""str""}, {""name"": ""local_end_ip"", ""type"": ""str""}, {""name"": ""global_start_ip"", ""type"": ""str""}, {""name"": ""global_end_ip"", ""type"": ""str""}]",TextFSM template: zyxel_os_cfg_nat_addr_map_get.textfsm,2026-02-27T17:13:28.655888
textfsm,cfg nat get,zyxel_os,"[{""name"": ""index"", ""type"": ""str""}, {""name"": ""name"", ""type"": ""str""}, {""name"": ""enabled"", ""type"": ""str""}, {""name"": ""originating_ip"", ""type"": ""str""}, {""name"": ""server_ip"", ""type"": ""str""}, {""name"": ""wan_interface"", ""type"": ""str""}, {""name"": ""start_port"", ""type"": ""str""}, {""name"": ""end_port"", ""type"": ""str""}, {""name"": ""transl_start_port"", ""type"": ""str""}, {""name"": ""transl_end_port"", ""type"": ""str""}, {""name"": ""protocol"", ""type"": ""str""}]",TextFSM template: zyxel_os_cfg_nat_get.textfsm,2026-02-27T17:13:28.655888
textfsm,cfg snmp get,zyxel_os,"[{""name"": ""agent"", ""type"": ""str""}, {""name"": ""get_community"", ""type"": ""str""}, {""name"": ""set_community"", ""type"": ""str""}, {""name"": ""trap_community"", ""type"": ""str""}, {""name"": ""system_name"", ""type"": ""str""}, {""name"": ""system_location"", ""type"": ""str""}, {""name"": ""system_contact"", ""type"": ""str""}, {""name"": ""domain_name"", ""type"": ""str""}, {""name"": ""trap_dest"", ""type"": ""str""}]",TextFSM template: zyxel_os_cfg_snmp_get.textfsm,2026-02-27T17:13:28.655888
textfsm,cfg static dhcp get,zyxel_os,"[{""name"": ""index"", ""type"": ""str""}, {""name"": ""status"", ""type"": ""str""}, {""name"": ""mac_address"", ""type"": ""str""}, {""name"": ""ip_address"", ""type"": ""str""}]",TextFSM template: zyxel_os_cfg_static_dhcp_get.textfsm,2026-02-27T17:13:28.655888
textfsm,cfg static route get,zyxel_os,"[{""name"": ""index"", ""type"": ""str""}, {""name"": ""name"", ""type"": ""str""}, {""name"": ""enabled"", ""type"": ""str""}, {""name"": ""ip_version"", ""type"": ""str""}, {""name"": ""destination"", ""type"": ""str""}, {""name"": ""netmask"", ""type"": ""str""}, {""name"": ""interface"", ""type"": ""str""}, {""name"": ""gateway"", ""type"": ""str""}]",TextFSM template: zyxel_os_cfg_static_route_get.textfsm,2026-02-27T17:13:28.655888
textfsm,cfg wlan get,zyxel_os,"[{""name"": ""index"", ""type"": ""str""}, {""name"": ""band"", ""type"": ""str""}, {""name"": ""ssid"", ""type"": ""str""}, {""name"": ""enabled"", ""type"": ""str""}, {""name"": ""bandwidth"", ""type"": ""str""}, {""name"": ""channel"", ""type"": ""str""}, {""name"": ""max_devices"", ""type"": ""str""}, {""name"": ""encryption_type"", ""type"": ""str""}, {""name"": ""key"", ""type"": ""str""}]",TextFSM template: zyxel_os_cfg_wlan_get.textfsm,2026-02-27T17:13:28.655888
textfsm,sys atsh,zyxel_os,"[{""name"": ""version"", ""type"": ""str""}, {""name"": ""boot_version"", ""type"": ""str""}, {""name"": ""vendor"", ""type"": ""str""}, {""name"": ""hardware_model"", ""type"": ""str""}, {""name"": ""serial_number"", ""type"": ""str""}, {""name"": ""mac_address"", ""type"": ""str""}]",TextFSM template: zyxel_os_sys_atsh.textfsm,2026-02-27T17:13:28.655888
textfsm,zycli Ethctl media-type,zyxel_os,"[{""name"": ""speed"", ""type"": ""str""}, {""name"": ""enabled"", ""type"": ""str""}, {""name"": ""negotiated_speed"", ""type"": ""str""}, {""name"": ""negotiated_duplex"", ""type"": ""str""}, {""name"": ""link_active"", ""type"": ""str""}]",TextFSM template: zyxel_os_zycli_Ethctl_media-type.textfsm,2026-02-27T17:13:28.655888
textfsm,show running-config,cisco_ios,"[{""name"": ""config"", ""type"": ""str""}]",TextFSM template: cisco_ios_show_running-config.textfsm,2026-02-27T17:04:25.181849
